Workbook
Name SpeciesList1: 'M1'!#REF!
Name SpeciesList2: 'M2'!#REF!

Sheet SUMMARY
A3: Sum of Total | C3: Date | D3: Site No. | E3: Depth
C4: 4/22/2024 | E4: 4/23/2024 | J4: 4/24/2024 | L4: 4/25/2024 | O4: 4/26/2024 | T4: 45404 | X4: 45405 | AA4: 45406 | AD4: 45407 | AE4: 45411 | AH4: 45412 | AJ4: 45413 | AL4: 45414 | AN4: 45415 | AP4: (blank) | AQ4: Grand Total
F6: Frequency | G6: av abund
F7: =COUNT(C7:D7) -> 0 | G7: =AVERAGE(C7:D7) -> #DIV/0! | H7: =COUNTIFS(DATA!Q:Q,SUMMARY!B7,DATA!S:S,1) -> 0
F8: =COUNT(C8:D8) -> 0 | G8: =AVERAGE(C8:D8) -> #DIV/0!
F9: =COUNT(C9:D9) -> 0 | G9: =AVERAGE(C9:D9) -> #DIV/0!
F10: =COUNT(C10:D10) -> 0 | G10: =AVERAGE(C10:D10) -> #DIV/0!
F11: =COUNT(C11:D11) -> 0 | G11: =AVERAGE(C11:D11) -> #DIV/0!
F12: =COUNT(C12:D12) -> 0 | G12: =AVERAGE(C12:D12) -> #DIV/0!
F13: =COUNT(C13:D13) -> 0 | G13: =AVERAGE(C13:D13) -> #DIV/0!
F14: =COUNT(C14:D14) -> 0 | G14: =AVERAGE(C14:D14) -> #DIV/0!
F15: =COUNT(C15:D15) -> 0 | G15: =AVERAGE(C15:D15) -> #DIV/0!
F16: =COUNT(C16:D16) -> 0 | G16: =AVERAGE(C16:D16) -> #DIV/0!
F17: =COUNT(C17:D17) -> 0 | G17: =AVERAGE(C17:D17) -> #DIV/0!
F18: =COUNT(C18:D18) -> 0 | G18: =AVERAGE(C18:D18) -> #DIV/0!
F19: =COUNT(C19:D19) -> 0 | G19: =AVERAGE(C19:D19) -> #DIV/0!
... F46: =COUNT(C46:D46) -> 0 | G46: =AVERAGE(C46:D46) -> #DIV/0!

Sheet DATA
A1: ID | B1: Diver | C1: Buddy | D1: Site No. | E1: Site Name | F1: Latitude | G1: Longitude | H1: Date | I1: vis | J1: Direction | K1: Time | L1: Depth | M1: Method | N1: Block | O1: Quadrat # (m) | P1: Code | Q1: Species | R1: Common name | S1: Total | T1: Inverts | U1: =2.5*U2 -> 2.5 | V1: =2.5*V2 -> 5 | W1: =2.5*W2 -> 7.5 | X1: =2.5*X2 -> 10 | Y1: =2.5*Y2 -> 12.5 | Z1: =2.5*Z2 -> 15 | AA1: =2.5*AA2 -> 20 | AB1: =2.5*AB2 -> 25 | ... AR1: =2.5*AR2 -> 200 | AS1: 250 | AT1: 300 | AU1: 350 | AV1: 400
K2: 0.5 | M2: Quadrat | N2: 0, 1, 2 | Q2: 2 | R2: 3 | S2: =SUM(S3:S10820) -> 1524 | T2: =SUM(T3:T10820) -> 4 | U2: 1 | V2: 2 | W2: 3 | X2: 4 | Y2: 5 | Z2: 6 | AA2: 8 | AB2: 10 | AC2: 12 | AD2: 14 | AE2: 16 | AF2: 20 | AG2: 25 | AH2: 30 | AI2: 35 | AJ2: 40 | AK2: 45 | AL2: 50 | AM2: 55 | AN2: 60 | AO2: 65 | AP2: 70 | AQ2: 75 | AR2: 80 | AS2: 100 | AT2: 120 | AU2: 140 | AV2: 160
A3: =MAX($A$1:$A2)+1 -> 1 | B3: Jasmin Schuster | C3: Tom Bird | D3: BMSC8 | E3: =IF(ISERROR(VLOOKUP($D3,SITES!$A:$E,2,FALSE)),"",VLOOKUP($D3,SITES!$A:$E,2,FALSE)) -> Baeria Rocks North Island Northside | F3: =IF(ISERROR(VLOOKUP($D3,SITES!$A:$E,3,FALSE)),"",VLOOKUP($D3,SITES!$A:$E,3,FALSE)) -> 48.955082 | G3: =IF(ISERROR(VLOOKUP($D3,SITES!$A:$E,4,FALSE)),"",VLOOKUP($D3,SITES!$A:$E,4,FALSE)) -> -125.15337 | H3: 45404 | I3: 1 | J3: NW | K3: 0.42361111 | L3: 7.5 | M3: 2 | N3: 1 | O3: 48 | P3: Pmi | Q3: =IF($M3=1,IF(ISERROR(VLOOKUP($P3,'M1'!$A:$C,Q$2,FALSE)),"NOT PRESENT",VLOOKUP($P3,'M1'!$A:$C,Q$2,FALSE)),IF($M3=2,IF(ISERROR(VLOOKUP(DATA!$P3,'M2'!$A:$C,Q$2,FALSE)),"NOT PRESENT",VLOOKUP(DATA!$P3,'M2'!$A:$C,Q$2,FALSE)),IF($M3=0,IF(ISERROR(VLOOKUP($P3,'M1'!$A:$C,Q$2,FALSE)),IF(ISERROR(VLOOKUP(DATA!$P3,'M2'!$A:$C,Q$2,FALSE)),"NOT PRESENT",VLOOKUP(DATA!$P3,'M2'!$A:$C,Q$2,FALSE)),VLOOKUP($P3,'M1'!$A:$C,Q$2,FALSE)),"SPECIFY METHOD"))) -> Patiria miniata | R3: =IF($M3=1,IF(ISERROR(VLOOKUP($P3,'M1'!$A:$C,R$2,FALSE)),"NOT PRESENT",VLOOKUP($P3,'M1'!$A:$C,R$2,FALSE)),IF($M3=2,IF(ISERROR(VLOOKUP(DATA!$P3,'M2'!$A:$C,R$2,FALSE)),"NOT PRESENT",VLOOKUP(DATA!$P3,'M2'!$A:$C,R$2,FALSE)),IF($M3=0,IF(ISERROR(VLOOKUP($P3,'M1'!$A:$C,R$2,FALSE)),IF(ISERROR(VLOOKUP(DATA!$P3,'M2'!$A:$C,R$2,FALSE)),"NOT PRESENT",VLOOKUP(DATA!$P3,'M2'!$A:$C,R$2,FALSE)),VLOOKUP($P3,'M1'!$A:$C,R$2,FALSE)),"SPECIFY METHOD"))) -> Bat star | S3: =SUM(T3:AV3) -> 4 | T3: 0 | U3: 1 | V3: 1 | W3: 2
A4: =MAX($A$1:$A3)+1 -> 2 | B4: =IF(ISERROR(B3),IF(ISERROR(B2),IF(ISERROR(B1),"BLANK",B1),B2),B3) -> Jasmin Schuster | C4: =IF(ISERROR(C3),IF(ISERROR(C2),IF(ISERROR(C1),"BLANK",C1),C2),C3) -> Tom Bird | D4: =IF(ISERROR(D3),IF(ISERROR(D2),IF(ISERROR(D1),"BLANK",D1),D2),D3) -> BMSC8 | E4: =IF(ISERROR(VLOOKUP($D4,SITES!$A:$E,2,FALSE)),"",VLOOKUP($D4,SITES!$A:$E,2,FALSE)) -> Baeria Rocks North Island Northside | F4: =IF(ISERROR(VLOOKUP($D4,SITES!$A:$E,3,FALSE)),"",VLOOKUP($D4,SITES!$A:$E,3,FALSE)) -> 48.955082 | G4: =IF(ISERROR(VLOOKUP($D4,SITES!$A:$E,4,FALSE)),"",VLOOKUP($D4,SITES!$A:$E,4,FALSE)) -> -125.15337 | H4: =IF(ISERROR(H3),IF(ISERROR(H2),IF(ISERROR(H1),"BLANK",H1),H2),H3) -> 45404 | I4: =IF(ISERROR(I3),IF(ISERROR(I2),IF(ISERROR(I1),"BLANK",I1),I2),I3) -> 1 | J4: =IF(ISERROR(J3),IF(ISERROR(J2),IF(ISERROR(J1),"BLANK",J1),J2),J3) -> NW | K4: =IF(ISERROR(K3),IF(ISERROR(K2),IF(ISERROR(K1),"BLANK",K1),K2),K3) -> 0.42361111 | L4: =IF(ISERROR(L3),IF(ISERROR(L2),IF(ISERROR(L1),"BLANK",L1),L2),L3) -> 7.5 | M4: =IF(ISERROR(M3),IF(ISERROR(M2),IF(ISERROR(M1),"BLANK",M1),M2),M3) -> 2 | N4: =IF(ISERROR(N3),IF(ISERROR(N2),IF(ISERROR(N1),"BLANK",N1),N2),N3) -> 1 | O4: 48 | P4: Mfra | Q4: =IF($M4=1,IF(ISERROR(VLOOKUP($P4,'M1'!$A:$C,Q$2,FALSE)),"NOT PRESENT",VLOOKUP($P4,'M1'!$A:$C,Q$2,FALSE)),IF($M4=2,IF(ISERROR(VLOOKUP(DATA!$P4,'M2'!$A:$C,Q$2,FALSE)),"NOT PRESENT",VLOOKUP(DATA!$P4,'M2'!$A:$C,Q$2,FALSE)),IF($M4=0,IF(ISERROR(VLOOKUP($P4,'M1'!$A:$C,Q$2,FALSE)),IF(ISERROR(VLOOKUP(DATA!$P4,'M2'!$A:$C,Q$2,FALSE)),"NOT PRESENT",VLOOKUP(DATA!$P4,'M2'!$A:$C,Q$2,FALSE)),VLOOKUP($P4,'M1'!$A:$C,Q$2,FALSE)),"SPECIFY METHOD"))) -> Mesocentrotus franciscanus | R4: =IF($M4=1,IF(ISERROR(VLOOKUP($P4,'M1'!$A:$C,R$2,FALSE)),"NOT PRESENT",VLOOKUP($P4,'M1'!$A:$C,R$2,FALSE)),IF($M4=2,IF(ISERROR(VLOOKUP(DATA!$P4,'M2'!$A:$C,R$2,FALSE)),"NOT PRESENT",VLOOKUP(DATA!$P4,'M2'!$A:$C,R$2,FALSE)),IF($M4=0,IF(ISERROR(VLOOKUP($P4,'M1'!$A:$C,R$2,FALSE)),IF(ISERROR(VLOOKUP(DATA!$P4,'M2'!$A:$C,R$2,FALSE)),"NOT PRESENT",VLOOKUP(DATA!$P4,'M2'!$A:$C,R$2,FALSE)),VLOOKUP($P4,'M1'!$A:$C,R$2,FALSE)),"SPECIFY METHOD"))) -> Red sea urchin | S4: =SUM(T4:AV4) -> 3 | T4: 0 | U4: 1 | V4: 2
A5: =MAX($A$1:$A4)+1 -> 3 | B5: =IF(ISERROR(B4),IF(ISERROR(B3),IF(ISERROR(B2),"BLANK",B2),B3),B4) -> Jasmin Schuster | C5: =IF(ISERROR(C4),IF(ISERROR(C3),IF(ISERROR(C2),"BLANK",C2),C3),C4) -> Tom Bird | D5: =IF(ISERROR(D4),IF(ISERROR(D3),IF(ISERROR(D2),"BLANK",D2),D3),D4) -> BMSC8 | E5: =IF(ISERROR(VLOOKUP($D5,SITES!$A:$E,2,FALSE)),"",VLOOKUP($D5,SITES!$A:$E,2,FALSE)) -> Baeria Rocks North Island Northside | F5: =IF(ISERROR(VLOOKUP($D5,SITES!$A:$E,3,FALSE)),"",VLOOKUP($D5,SITES!$A:$E,3,FALSE)) -> 48.955082 | G5: =IF(ISERROR(VLOOKUP($D5,SITES!$A:$E,4,FALSE)),"",VLOOKUP($D5,SITES!$A:$E,4,FALSE)) -> -125.15337 | H5: =IF(ISERROR(H4),IF(ISERROR(H3),IF(ISERROR(H2),"BLANK",H2),H3),H4) -> 45404 | I5: =IF(ISERROR(I4),IF(ISERROR(I3),IF(ISERROR(I2),"BLANK",I2),I3),I4) -> 1 | J5: =IF(ISERROR(J4),IF(ISERROR(J3),IF(ISERROR(J2),"BLANK",J2),J3),J4) -> NW | K5: =IF(ISERROR(K4),IF(ISERROR(K3),IF(ISERROR(K2),"BLANK",K2),K3),K4) -> 0.42361111 | L5: =IF(ISERROR(L4),IF(ISERROR(L3),IF(ISERROR(L2),"BLANK",L2),L3),L4) -> 7.5 | M5: =IF(ISERROR(M4),IF(ISERROR(M3),IF(ISERROR(M2),"BLANK",M2),M3),M4) -> 2 | N5: =IF(ISERROR(N4),IF(ISERROR(N3),IF(ISERROR(N2),"BLANK",N2),N3),N4) -> 1 | O5: 32 | P5: Mfra | Q5: =IF($M5=1,IF(ISERROR(VLOOKUP($P5,'M1'!$A:$C,Q$2,FALSE)),"NOT PRESENT",VLOOKUP($P5,'M1'!$A:$C,Q$2,FALSE)),IF($M5=2,IF(ISERROR(VLOOKUP(DATA!$P5,'M2'!$A:$C,Q$2,FALSE)),"NOT PRESENT",VLOOKUP(DATA!$P5,'M2'!$A:$C,Q$2,FALSE)),IF($M5=0,IF(ISERROR(VLOOKUP($P5,'M1'!$A:$C,Q$2,FALSE)),IF(ISERROR(VLOOKUP(DATA!$P5,'M2'!$A:$C,Q$2,FALSE)),"NOT PRESENT",VLOOKUP(DATA!$P5,'M2'!$A:$C,Q$2,FALSE)),VLOOKUP($P5,'M1'!$A:$C,Q$2,FALSE)),"SPECIFY METHOD"))) -> Mesocentrotus franciscanus | R5: =IF($M5=1,IF(ISERROR(VLOOKUP($P5,'M1'!$A:$C,R$2,FALSE)),"NOT PRESENT",VLOOKUP($P5,'M1'!$A:$C,R$2,FALSE)),IF($M5=2,IF(ISERROR(VLOOKUP(DATA!$P5,'M2'!$A:$C,R$2,FALSE)),"NOT PRESENT",VLOOKUP(DATA!$P5,'M2'!$A:$C,R$2,FALSE)),IF($M5=0,IF(ISERROR(VLOOKUP($P5,'M1'!$A:$C,R$2,FALSE)),IF(ISERROR(VLOOKUP(DATA!$P5,'M2'!$A:$C,R$2,FALSE)),"NOT PRESENT",VLOOKUP(DATA!$P5,'M2'!$A:$C,R$2,FALSE)),VLOOKUP($P5,'M1'!$A:$C,R$2,FALSE)),"SPECIFY METHOD"))) -> Red sea urchin | S5: =SUM(T5:AV5) -> 11 | T5: 0 | U5: 6 | V5: 3 | W5: 2
A6: =MAX($A$1:$A5)+1 -> 4 | B6: =IF(ISERROR(B5),IF(ISERROR(B4),IF(ISERROR(B3),"BLANK",B3),B4),B5) -> Jasmin Schuster | C6: =IF(ISERROR(C5),IF(ISERROR(C4),IF(ISERROR(C3),"BLANK",C3),C4),C5) -> Tom Bird | D6: =IF(ISERROR(D5),IF(ISERROR(D4),IF(ISERROR(D3),"BLANK",D3),D4),D5) -> BMSC8 | E6: =IF(ISERROR(VLOOKUP($D6,SITES!$A:$E,2,FALSE)),"",VLOOKUP($D6,SITES!$A:$E,2,FALSE)) -> Baeria Rocks North Island Northside | F6: =IF(ISERROR(VLOOKUP($D6,SITES!$A:$E,3,FALSE)),"",VLOOKUP($D6,SITES!$A:$E,3,FALSE)) -> 48.955082 | G6: =IF(ISERROR(VLOOKUP($D6,SITES!$A:$E,4,FALSE)),"",VLOOKUP($D6,SITES!$A:$E,4,FALSE)) -> -125.15337 | H6: =IF(ISERROR(H5),IF(ISERROR(H4),IF(ISERROR(H3),"BLANK",H3),H4),H5) -> 45404 | I6: =IF(ISERROR(I5),IF(ISERROR(I4),IF(ISERROR(I3),"BLANK",I3),I4),I5) -> 1 | J6: =IF(ISERROR(J5),IF(ISERROR(J4),IF(ISERROR(J3),"BLANK",J3),J4),J5) -> NW | K6: =IF(ISERROR(K5),IF(ISERROR(K4),IF(ISERROR(K3),"BLANK",K3),K4),K5) -> 0.42361111 | L6: =IF(ISERROR(L5),IF(ISERROR(L4),IF(ISERROR(L3),"BLANK",L3),L4),L5) -> 7.5 | M6: =IF(ISERROR(M5),IF(ISERROR(M4),IF(ISERROR(M3),"BLANK",M3),M4),M5) -> 2 | N6: =IF(ISERROR(N5),IF(ISERROR(N4),IF(ISERROR(N3),"BLANK",N3),N4),N5) -> 1 | O6: 32 | P6: Pmi | Q6: =IF($M6=1,IF(ISERROR(VLOOKUP($P6,'M1'!$A:$C,Q$2,FALSE)),"NOT PRESENT",VLOOKUP($P6,'M1'!$A:$C,Q$2,FALSE)),IF($M6=2,IF(ISERROR(VLOOKUP(DATA!$P6,'M2'!$A:$C,Q$2,FALSE)),"NOT PRESENT",VLOOKUP(DATA!$P6,'M2'!$A:$C,Q$2,FALSE)),IF($M6=0,IF(ISERROR(VLOOKUP($P6,'M1'!$A:$C,Q$2,FALSE)),IF(ISERROR(VLOOKUP(DATA!$P6,'M2'!$A:$C,Q$2,FALSE)),"NOT PRESENT",VLOOKUP(DATA!$P6,'M2'!$A:$C,Q$2,FALSE)),VLOOKUP($P6,'M1'!$A:$C,Q$2,FALSE)),"SPECIFY METHOD"))) -> Patiria miniata | R6: =IF($M6=1,IF(ISERROR(VLOOKUP($P6,'M1'!$A:$C,R$2,FALSE)),"NOT PRESENT",VLOOKUP($P6,'M1'!$A:$C,R$2,FALSE)),IF($M6=2,IF(ISERROR(VLOOKUP(DATA!$P6,'M2'!$A:$C,R$2,FALSE)),"NOT PRESENT",VLOOKUP(DATA!$P6,'M2'!$A:$C,R$2,FALSE)),IF($M6=0,IF(ISERROR(VLOOKUP($P6,'M1'!$A:$C,R$2,FALSE)),IF(ISERROR(VLOOKUP(DATA!$P6,'M2'!$A:$C,R$2,FALSE)),"NOT PRESENT",VLOOKUP(DATA!$P6,'M2'!$A:$C,R$2,FALSE)),VLOOKUP($P6,'M1'!$A:$C,R$2,FALSE)),"SPECIFY METHOD"))) -> Bat star | S6: =SUM(T6:AV6) -> 2 | T6: 0 | U6: 2
A7: =MAX($A$1:$A6)+1 -> 5 | B7: =IF(ISERROR(B6),IF(ISERROR(B5),IF(ISERROR(B4),"BLANK",B4),B5),B6) -> Jasmin Schuster | C7: =IF(ISERROR(C6),IF(ISERROR(C5),IF(ISERROR(C4),"BLANK",C4),C5),C6) -> Tom Bird | D7: =IF(ISERROR(D6),IF(ISERROR(D5),IF(ISERROR(D4),"BLANK",D4),D5),D6) -> BMSC8 | E7: =IF(ISERROR(VLOOKUP($D7,SITES!$A:$E,2,FALSE)),"",VLOOKUP($D7,SITES!$A:$E,2,FALSE)) -> Baeria Rocks North Island Northside | F7: =IF(ISERROR(VLOOKUP($D7,SITES!$A:$E,3,FALSE)),"",VLOOKUP($D7,SITES!$A:$E,3,FALSE)) -> 48.955082 | G7: =IF(ISERROR(VLOOKUP($D7,SITES!$A:$E,4,FALSE)),"",VLOOKUP($D7,SITES!$A:$E,4,FALSE)) -> -125.15337 | H7: =IF(ISERROR(H6),IF(ISERROR(H5),IF(ISERROR(H4),"BLANK",H4),H5),H6) -> 45404 | I7: =IF(ISERROR(I6),IF(ISERROR(I5),IF(ISERROR(I4),"BLANK",I4),I5),I6) -> 1 | J7: =IF(ISERROR(J6),IF(ISERROR(J5),IF(ISERROR(J4),"BLANK",J4),J5),J6) -> NW | K7: =IF(ISERROR(K6),IF(ISERROR(K5),IF(ISERROR(K4),"BLANK",K4),K5),K6) -> 0.42361111 | L7: =IF(ISERROR(L6),IF(ISERROR(L5),IF(ISERROR(L4),"BLANK",L4),L5),L6) -> 7.5 | M7: =IF(ISERROR(M6),IF(ISERROR(M5),IF(ISERROR(M4),"BLANK",M4),M5),M6) -> 2 | N7: =IF(ISERROR(N6),IF(ISERROR(N5),IF(ISERROR(N4),"BLANK",N4),N5),N6) -> 1 | O7: 16 | P7: =IF(ISERROR(P6),IF(ISERROR(P5),IF(ISERROR(P4),"BLANK",P4),P5),P6) -> Pmi | Q7: =IF($M7=1,IF(ISERROR(VLOOKUP($P7,'M1'!$A:$C,Q$2,FALSE)),"NOT PRESENT",VLOOKUP($P7,'M1'!$A:$C,Q$2,FALSE)),IF($M7=2,IF(ISERROR(VLOOKUP(DATA!$P7,'M2'!$A:$C,Q$2,FALSE)),"NOT PRESENT",VLOOKUP(DATA!$P7,'M2'!$A:$C,Q$2,FALSE)),IF($M7=0,IF(ISERROR(VLOOKUP($P7,'M1'!$A:$C,Q$2,FALSE)),IF(ISERROR(VLOOKUP(DATA!$P7,'M2'!$A:$C,Q$2,FALSE)),"NOT PRESENT",VLOOKUP(DATA!$P7,'M2'!$A:$C,Q$2,FALSE)),VLOOKUP($P7,'M1'!$A:$C,Q$2,FALSE)),"SPECIFY METHOD"))) -> Patiria miniata | R7: =IF($M7=1,IF(ISERROR(VLOOKUP($P7,'M1'!$A:$C,R$2,FALSE)),"NOT PRESENT",VLOOKUP($P7,'M1'!$A:$C,R$2,FALSE)),IF($M7=2,IF(ISERROR(VLOOKUP(DATA!$P7,'M2'!$A:$C,R$2,FALSE)),"NOT PRESENT",VLOOKUP(DATA!$P7,'M2'!$A:$C,R$2,FALSE)),IF($M7=0,IF(ISERROR(VLOOKUP($P7,'M1'!$A:$C,R$2,FALSE)),IF(ISERROR(VLOOKUP(DATA!$P7,'M2'!$A:$C,R$2,FALSE)),"NOT PRESENT",VLOOKUP(DATA!$P7,'M2'!$A:$C,R$2,FALSE)),VLOOKUP($P7,'M1'!$A:$C,R$2,FALSE)),"SPECIFY METHOD"))) -> Bat star | S7: =SUM(T7:AV7) -> 1 | T7: 0 | W7: 1
A8: =MAX($A$1:$A7)+1 -> 6 | B8: =IF(ISERROR(B7),IF(ISERROR(B6),IF(ISERROR(B5),"BLANK",B5),B6),B7) -> Jasmin Schuster | C8: =IF(ISERROR(C7),IF(ISERROR(C6),IF(ISERROR(C5),"BLANK",C5),C6),C7) -> Tom Bird | D8: =IF(ISERROR(D7),IF(ISERROR(D6),IF(ISERROR(D5),"BLANK",D5),D6),D7) -> BMSC8 | E8: =IF(ISERROR(VLOOKUP($D8,SITES!$A:$E,2,FALSE)),"",VLOOKUP($D8,SITES!$A:$E,2,FALSE)) -> Baeria Rocks North Island Northside | F8: =IF(ISERROR(VLOOKUP($D8,SITES!$A:$E,3,FALSE)),"",VLOOKUP($D8,SITES!$A:$E,3,FALSE)) -> 48.955082 | G8: =IF(ISERROR(VLOOKUP($D8,SITES!$A:$E,4,FALSE)),"",VLOOKUP($D8,SITES!$A:$E,4,FALSE)) -> -125.15337 | H8: =IF(ISERROR(H7),IF(ISERROR(H6),IF(ISERROR(H5),"BLANK",H5),H6),H7) -> 45404 | I8: =IF(ISERROR(I7),IF(ISERROR(I6),IF(ISERROR(I5),"BLANK",I5),I6),I7) -> 1 | J8: =IF(ISERROR(J7),IF(ISERROR(J6),IF(ISERROR(J5),"BLANK",J5),J6),J7) -> NW | K8: =IF(ISERROR(K7),IF(ISERROR(K6),IF(ISERROR(K5),"BLANK",K5),K6),K7) -> 0.42361111 | L8: =IF(ISERROR(L7),IF(ISERROR(L6),IF(ISERROR(L5),"BLANK",L5),L6),L7) -> 7.5 | M8: =IF(ISERROR(M7),IF(ISERROR(M6),IF(ISERROR(M5),"BLANK",M5),M6),M7) -> 2 | N8: =IF(ISERROR(N7),IF(ISERROR(N6),IF(ISERROR(N5),"BLANK",N5),N6),N7) -> 1 | O8: 16 | P8: Mfra | Q8: =IF($M8=1,IF(ISERROR(VLOOKUP($P8,'M1'!$A:$C,Q$2,FALSE)),"NOT PRESENT",VLOOKUP($P8,'M1'!$A:$C,Q$2,FALSE)),IF($M8=2,IF(ISERROR(VLOOKUP(DATA!$P8,'M2'!$A:$C,Q$2,FALSE)),"NOT PRESENT",VLOOKUP(DATA!$P8,'M2'!$A:$C,Q$2,FALSE)),IF($M8=0,IF(ISERROR(VLOOKUP($P8,'M1'!$A:$C,Q$2,FALSE)),IF(ISERROR(VLOOKUP(DATA!$P8,'M2'!$A:$C,Q$2,FALSE)),"NOT PRESENT",VLOOKUP(DATA!$P8,'M2'!$A:$C,Q$2,FALSE)),VLOOKUP($P8,'M1'!$A:$C,Q$2,FALSE)),"SPECIFY METHOD"))) -> Mesocentrotus franciscanus | R8: =IF($M8=1,IF(ISERROR(VLOOKUP($P8,'M1'!$A:$C,R$2,FALSE)),"NOT PRESENT",VLOOKUP($P8,'M1'!$A:$C,R$2,FALSE)),IF($M8=2,IF(ISERROR(VLOOKUP(DATA!$P8,'M2'!$A:$C,R$2,FALSE)),"NOT PRESENT",VLOOKUP(DATA!$P8,'M2'!$A:$C,R$2,FALSE)),IF($M8=0,IF(ISERROR(VLOOKUP($P8,'M1'!$A:$C,R$2,FALSE)),IF(ISERROR(VLOOKUP(DATA!$P8,'M2'!$A:$C,R$2,FALSE)),"NOT PRESENT",VLOOKUP(DATA!$P8,'M2'!$A:$C,R$2,FALSE)),VLOOKUP($P8,'M1'!$A:$C,R$2,FALSE)),"SPECIFY METHOD"))) -> Red sea urchin | S8: =SUM(T8:AV8) -> 8 | T8: 0 | U8: 1 | V8: 6 | W8: 1
A9: =MAX($A$1:$A8)+1 -> 7 | B9: =IF(ISERROR(B8),IF(ISERROR(B7),IF(ISERROR(B6),"BLANK",B6),B7),B8) -> Jasmin Schuster | C9: =IF(ISERROR(C8),IF(ISERROR(C7),IF(ISERROR(C6),"BLANK",C6),C7),C8) -> Tom Bird | D9: =IF(ISERROR(D8),IF(ISERROR(D7),IF(ISERROR(D6),"BLANK",D6),D7),D8) -> BMSC8 | E9: =IF(ISERROR(VLOOKUP($D9,SITES!$A:$E,2,FALSE)),"",VLOOKUP($D9,SITES!$A:$E,2,FALSE)) -> Baeria Rocks North Island Northside | F9: =IF(ISERROR(VLOOKUP($D9,SITES!$A:$E,3,FALSE)),"",VLOOKUP($D9,SITES!$A:$E,3,FALSE)) -> 48.955082 | G9: =IF(ISERROR(VLOOKUP($D9,SITES!$A:$E,4,FALSE)),"",VLOOKUP($D9,SITES!$A:$E,4,FALSE)) -> -125.15337 | H9: =IF(ISERROR(H8),IF(ISERROR(H7),IF(ISERROR(H6),"BLANK",H6),H7),H8) -> 45404 | I9: =IF(ISERROR(I8),IF(ISERROR(I7),IF(ISERROR(I6),"BLANK",I6),I7),I8) -> 1 | J9: =IF(ISERROR(J8),IF(ISERROR(J7),IF(ISERROR(J6),"BLANK",J6),J7),J8) -> NW | K9: =IF(ISERROR(K8),IF(ISERROR(K7),IF(ISERROR(K6),"BLANK",K6),K7),K8) -> 0.42361111 | L9: =IF(ISERROR(L8),IF(ISERROR(L7),IF(ISERROR(L6),"BLANK",L6),L7),L8) -> 7.5 | M9: =IF(ISERROR(M8),IF(ISERROR(M7),IF(ISERROR(M6),"BLANK",M6),M7),M8) -> 2 | N9: =IF(ISERROR(N8),IF(ISERROR(N7),IF(ISERROR(N6),"BLANK",N6),N7),N8) -> 1 | O9: 16 | P9: Poc | Q9: =IF($M9=1,IF(ISERROR(VLOOKUP($P9,'M1'!$A:$C,Q$2,FALSE)),"NOT PRESENT",VLOOKUP($P9,'M1'!$A:$C,Q$2,FALSE)),IF($M9=2,IF(ISERROR(VLOOKUP(DATA!$P9,'M2'!$A:$C,Q$2,FALSE)),"NOT PRESENT",VLOOKUP(DATA!$P9,'M2'!$A:$C,Q$2,FALSE)),IF($M9=0,IF(ISERROR(VLOOKUP($P9,'M1'!$A:$C,Q$2,FALSE)),IF(ISERROR(VLOOKUP(DATA!$P9,'M2'!$A:$C,Q$2,FALSE)),"NOT PRESENT",VLOOKUP(DATA!$P9,'M2'!$A:$C,Q$2,FALSE)),VLOOKUP($P9,'M1'!$A:$C,Q$2,FALSE)),"SPECIFY METHOD"))) -> Pisaster ochraceus | R9: Unidentified star?? | S9: =SUM(T9:AV9) -> 1 | T9: 0 | U9: 1
A10: =MAX($A$1:$A9)+1 -> 8 | B10: =IF(ISERROR(B9),IF(ISERROR(B8),IF(ISERROR(B7),"BLANK",B7),B8),B9) -> Jasmin Schuster | C10: =IF(ISERROR(C9),IF(ISERROR(C8),IF(ISERROR(C7),"BLANK",C7),C8),C9) -> Tom Bird | D10: =IF(ISERROR(D9),IF(ISERROR(D8),IF(ISERROR(D7),"BLANK",D7),D8),D9) -> BMSC8 | E10: =IF(ISERROR(VLOOKUP($D10,SITES!$A:$E,2,FALSE)),"",VLOOKUP($D10,SITES!$A:$E,2,FALSE)) -> Baeria Rocks North Island Northside | F10: =IF(ISERROR(VLOOKUP($D10,SITES!$A:$E,3,FALSE)),"",VLOOKUP($D10,SITES!$A:$E,3,FALSE)) -> 48.955082 | G10: =IF(ISERROR(VLOOKUP($D10,SITES!$A:$E,4,FALSE)),"",VLOOKUP($D10,SITES!$A:$E,4,FALSE)) -> -125.15337 | H10: =IF(ISERROR(H9),IF(ISERROR(H8),IF(ISERROR(H7),"BLANK",H7),H8),H9) -> 45404 | I10: =IF(ISERROR(I9),IF(ISERROR(I8),IF(ISERROR(I7),"BLANK",I7),I8),I9) -> 1 | J10: =IF(ISERROR(J9),IF(ISERROR(J8),IF(ISERROR(J7),"BLANK",J7),J8),J9) -> NW | K10: =IF(ISERROR(K9),IF(ISERROR(K8),IF(ISERROR(K7),"BLANK",K7),K8),K9) -> 0.42361111 | L10: =IF(ISERROR(L9),IF(ISERROR(L8),IF(ISERROR(L7),"BLANK",L7),L8),L9) -> 7.5 | M10: =IF(ISERROR(M9),IF(ISERROR(M8),IF(ISERROR(M7),"BLANK",M7),M8),M9) -> 2 | N10: =IF(ISERROR(N9),IF(ISERROR(N8),IF(ISERROR(N7),"BLANK",N7),N8),N9) -> 1 | O10: 0 | P10: Mfra | Q10: =IF($M10=1,IF(ISERROR(VLOOKUP($P10,'M1'!$A:$C,Q$2,FALSE)),"NOT PRESENT",VLOOKUP($P10,'M1'!$A:$C,Q$2,FALSE)),IF($M10=2,IF(ISERROR(VLOOKUP(DATA!$P10,'M2'!$A:$C,Q$2,FALSE)),"NOT PRESENT",VLOOKUP(DATA!$P10,'M2'!$A:$C,Q$2,FALSE)),IF($M10=0,IF(ISERROR(VLOOKUP($P10,'M1'!$A:$C,Q$2,FALSE)),IF(ISERROR(VLOOKUP(DATA!$P10,'M2'!$A:$C,Q$2,FALSE)),"NOT PRESENT",VLOOKUP(DATA!$P10,'M2'!$A:$C,Q$2,FALSE)),VLOOKUP($P10,'M1'!$A:$C,Q$2,FALSE)),"SPECIFY METHOD"))) -> Mesocentrotus franciscanus | R10: =IF($M10=1,IF(ISERROR(VLOOKUP($P10,'M1'!$A:$C,R$2,FALSE)),"NOT PRESENT",VLOOKUP($P10,'M1'!$A:$C,R$2,FALSE)),IF($M10=2,IF(ISERROR(VLOOKUP(DATA!$P10,'M2'!$A:$C,R$2,FALSE)),"NOT PRESENT",VLOOKUP(DATA!$P10,'M2'!$A:$C,R$2,FALSE)),IF($M10=0,IF(ISERROR(VLOOKUP($P10,'M1'!$A:$C,R$2,FALSE)),IF(ISERROR(VLOOKUP(DATA!$P10,'M2'!$A:$C,R$2,FALSE)),"NOT PRESENT",VLOOKUP(DATA!$P10,'M2'!$A:$C,R$2,FALSE)),VLOOKUP($P10,'M1'!$A:$C,R$2,FALSE)),"SPECIFY METHOD"))) -> Red sea urchin | S10: =SUM(T10:AV10) -> 5 | T10: 0 | V10: 4 | W10: 1
A11: =MAX($A$1:$A10)+1 -> 9 | B11: =IF(ISERROR(B10),IF(ISERROR(B9),IF(ISERROR(B8),"BLANK",B8),B9),B10) -> Jasmin Schuster | C11: =IF(ISERROR(C10),IF(ISERROR(C9),IF(ISERROR(C8),"BLANK",C8),C9),C10) -> Tom Bird | D11: =IF(ISERROR(D10),IF(ISERROR(D9),IF(ISERROR(D8),"BLANK",D8),D9),D10) -> BMSC8 | E11: =IF(ISERROR(VLOOKUP($D11,SITES!$A:$E,2,FALSE)),"",VLOOKUP($D11,SITES!$A:$E,2,FALSE)) -> Baeria Rocks North Island Northside | F11: =IF(ISERROR(VLOOKUP($D11,SITES!$A:$E,3,FALSE)),"",VLOOKUP($D11,SITES!$A:$E,3,FALSE)) -> 48.955082 | G11: =IF(ISERROR(VLOOKUP($D11,SITES!$A:$E,4,FALSE)),"",VLOOKUP($D11,SITES!$A:$E,4,FALSE)) -> -125.15337 | H11: =IF(ISERROR(H10),IF(ISERROR(H9),IF(ISERROR(H8),"BLANK",H8),H9),H10) -> 45404 | I11: =IF(ISERROR(I10),IF(ISERROR(I9),IF(ISERROR(I8),"BLANK",I8),I9),I10) -> 1 | J11: =IF(ISERROR(J10),IF(ISERROR(J9),IF(ISERROR(J8),"BLANK",J8),J9),J10) -> NW | K11: =IF(ISERROR(K10),IF(ISERROR(K9),IF(ISERROR(K8),"BLANK",K8),K9),K10) -> 0.42361111 | L11: =IF(ISERROR(L10),IF(ISERROR(L9),IF(ISERROR(L8),"BLANK",L8),L9),L10) -> 7.5 | M11: =IF(ISERROR(M10),IF(ISERROR(M9),IF(ISERROR(M8),"BLANK",M8),M9),M10) -> 2 | N11: =IF(ISERROR(N10),IF(ISERROR(N9),IF(ISERROR(N8),"BLANK",N8),N9),N10) -> 1 | O11: 0 | P11: Pmi | Q11: =IF($M11=1,IF(ISERROR(VLOOKUP($P11,'M1'!$A:$C,Q$2,FALSE)),"NOT PRESENT",VLOOKUP($P11,'M1'!$A:$C,Q$2,FALSE)),IF($M11=2,IF(ISERROR(VLOOKUP(DATA!$P11,'M2'!$A:$C,Q$2,FALSE)),"NOT PRESENT",VLOOKUP(DATA!$P11,'M2'!$A:$C,Q$2,FALSE)),IF($M11=0,IF(ISERROR(VLOOKUP($P11,'M1'!$A:$C,Q$2,FALSE)),IF(ISERROR(VLOOKUP(DATA!$P11,'M2'!$A:$C,Q$2,FALSE)),"NOT PRESENT",VLOOKUP(DATA!$P11,'M2'!$A:$C,Q$2,FALSE)),VLOOKUP($P11,'M1'!$A:$C,Q$2,FALSE)),"SPECIFY METHOD"))) -> Patiria miniata | R11: =IF($M11=1,IF(ISERROR(VLOOKUP($P11,'M1'!$A:$C,R$2,FALSE)),"NOT PRESENT",VLOOKUP($P11,'M1'!$A:$C,R$2,FALSE)),IF($M11=2,IF(ISERROR(VLOOKUP(DATA!$P11,'M2'!$A:$C,R$2,FALSE)),"NOT PRESENT",VLOOKUP(DATA!$P11,'M2'!$A:$C,R$2,FALSE)),IF($M11=0,IF(ISERROR(VLOOKUP($P11,'M1'!$A:$C,R$2,FALSE)),IF(ISERROR(VLOOKUP(DATA!$P11,'M2'!$A:$C,R$2,FALSE)),"NOT PRESENT",VLOOKUP(DATA!$P11,'M2'!$A:$C,R$2,FALSE)),VLOOKUP($P11,'M1'!$A:$C,R$2,FALSE)),"SPECIFY METHOD"))) -> Bat star | S11: =SUM(T11:AV11) -> 1 | T11: 0 | U11: 1
A12: =MAX($A$1:$A11)+1 -> 10 | B12: =IF(ISERROR(B11),IF(ISERROR(B10),IF(ISERROR(B9),"BLANK",B9),B10),B11) -> Jasmin Schuster | C12: =IF(ISERROR(C11),IF(ISERROR(C10),IF(ISERROR(C9),"BLANK",C9),C10),C11) -> Tom Bird | D12: BMSC6 | E12: =IF(ISERROR(VLOOKUP($D12,SITES!$A:$E,2,FALSE)),"",VLOOKUP($D12,SITES!$A:$E,2,FALSE)) -> Baeria Rocks South Island | F12: =IF(ISERROR(VLOOKUP($D12,SITES!$A:$E,3,FALSE)),"",VLOOKUP($D12,SITES!$A:$E,3,FALSE)) -> 48.950233 | G12: =IF(ISERROR(VLOOKUP($D12,SITES!$A:$E,4,FALSE)),"",VLOOKUP($D12,SITES!$A:$E,4,FALSE)) -> -125.15555 | H12: =IF(ISERROR(H11),IF(ISERROR(H10),IF(ISERROR(H9),"BLANK",H9),H10),H11) -> 45404 | I12: 1.5 | J12: SW | K12: 0.52986111 | L12: 8 | M12: =IF(ISERROR(M11),IF(ISERROR(M10),IF(ISERROR(M9),"BLANK",M9),M10),M11) -> 2 | N12: =IF(ISERROR(N11),IF(ISERROR(N10),IF(ISERROR(N9),"BLANK",N9),N10),N11) -> 1 | O12: 48 | P12: Pmi | Q12: =IF($M12=1,IF(ISERROR(VLOOKUP($P12,'M1'!$A:$C,Q$2,FALSE)),"NOT PRESENT",VLOOKUP($P12,'M1'!$A:$C,Q$2,FALSE)),IF($M12=2,IF(ISERROR(VLOOKUP(DATA!$P12,'M2'!$A:$C,Q$2,FALSE)),"NOT PRESENT",VLOOKUP(DATA!$P12,'M2'!$A:$C,Q$2,FALSE)),IF($M12=0,IF(ISERROR(VLOOKUP($P12,'M1'!$A:$C,Q$2,FALSE)),IF(ISERROR(VLOOKUP(DATA!$P12,'M2'!$A:$C,Q$2,FALSE)),"NOT PRESENT",VLOOKUP(DATA!$P12,'M2'!$A:$C,Q$2,FALSE)),VLOOKUP($P12,'M1'!$A:$C,Q$2,FALSE)),"SPECIFY METHOD"))) -> Patiria miniata | R12: =IF($M12=1,IF(ISERROR(VLOOKUP($P12,'M1'!$A:$C,R$2,FALSE)),"NOT PRESENT",VLOOKUP($P12,'M1'!$A:$C,R$2,FALSE)),IF($M12=2,IF(ISERROR(VLOOKUP(DATA!$P12,'M2'!$A:$C,R$2,FALSE)),"NOT PRESENT",VLOOKUP(DATA!$P12,'M2'!$A:$C,R$2,FALSE)),IF($M12=0,IF(ISERROR(VLOOKUP($P12,'M1'!$A:$C,R$2,FALSE)),IF(ISERROR(VLOOKUP(DATA!$P12,'M2'!$A:$C,R$2,FALSE)),"NOT PRESENT",VLOOKUP(DATA!$P12,'M2'!$A:$C,R$2,FALSE)),VLOOKUP($P12,'M1'!$A:$C,R$2,FALSE)),"SPECIFY METHOD"))) -> Bat star | S12: =SUM(T12:AV12) -> 3 | T12: 0 | V12: 3
A13: =MAX($A$1:$A12)+1 -> 11 | B13: =IF(ISERROR(B12),IF(ISERROR(B11),IF(ISERROR(B10),"BLANK",B10),B11),B12) -> Jasmin Schuster | C13: =IF(ISERROR(C12),IF(ISERROR(C11),IF(ISERROR(C10),"BLANK",C10),C11),C12) -> Tom Bird | D13: =IF(ISERROR(D12),IF(ISERROR(D11),IF(ISERROR(D10),"BLANK",D10),D11),D12) -> BMSC6 | E13: =IF(ISERROR(VLOOKUP($D13,SITES!$A:$E,2,FALSE)),"",VLOOKUP($D13,SITES!$A:$E,2,FALSE)) -> Baeria Rocks South Island | F13: =IF(ISERROR(VLOOKUP($D13,SITES!$A:$E,3,FALSE)),"",VLOOKUP($D13,SITES!$A:$E,3,FALSE)) -> 48.950233 | G13: =IF(ISERROR(VLOOKUP($D13,SITES!$A:$E,4,FALSE)),"",VLOOKUP($D13,SITES!$A:$E,4,FALSE)) -> -125.15555 | H13: =IF(ISERROR(H12),IF(ISERROR(H11),IF(ISERROR(H10),"BLANK",H10),H11),H12) -> 45404 | I13: =IF(ISERROR(I12),IF(ISERROR(I11),IF(ISERROR(I10),"BLANK",I10),I11),I12) -> 1.5 | J13: =IF(ISERROR(J12),IF(ISERROR(J11),IF(ISERROR(J10),"BLANK",J10),J11),J12) -> SW | K13: =IF(ISERROR(K12),IF(ISERROR(K11),IF(ISERROR(K10),"BLANK",K10),K11),K12) -> 0.52986111 | L13: =IF(ISERROR(L12),IF(ISERROR(L11),IF(ISERROR(L10),"BLANK",L10),L11),L12) -> 8 | M13: =IF(ISERROR(M12),IF(ISERROR(M11),IF(ISERROR(M10),"BLANK",M10),M11),M12) -> 2 | N13: =IF(ISERROR(N12),IF(ISERROR(N11),IF(ISERROR(N10),"BLANK",N10),N11),N12) -> 1 | O13: 48 | P13: Mfra | Q13: =IF($M13=1,IF(ISERROR(VLOOKUP($P13,'M1'!$A:$C,Q$2,FALSE)),"NOT PRESENT",VLOOKUP($P13,'M1'!$A:$C,Q$2,FALSE)),IF($M13=2,IF(ISERROR(VLOOKUP(DATA!$P13,'M2'!$A:$C,Q$2,FALSE)),"NOT PRESENT",VLOOKUP(DATA!$P13,'M2'!$A:$C,Q$2,FALSE)),IF($M13=0,IF(ISERROR(VLOOKUP($P13,'M1'!$A:$C,Q$2,FALSE)),IF(ISERROR(VLOOKUP(DATA!$P13,'M2'!$A:$C,Q$2,FALSE)),"NOT PRESENT",VLOOKUP(DATA!$P13,'M2'!$A:$C,Q$2,FALSE)),VLOOKUP($P13,'M1'!$A:$C,Q$2,FALSE)),"SPECIFY METHOD"))) -> Mesocentrotus franciscanus | R13: =IF($M13=1,IF(ISERROR(VLOOKUP($P13,'M1'!$A:$C,R$2,FALSE)),"NOT PRESENT",VLOOKUP($P13,'M1'!$A:$C,R$2,FALSE)),IF($M13=2,IF(ISERROR(VLOOKUP(DATA!$P13,'M2'!$A:$C,R$2,FALSE)),"NOT PRESENT",VLOOKUP(DATA!$P13,'M2'!$A:$C,R$2,FALSE)),IF($M13=0,IF(ISERROR(VLOOKUP($P13,'M1'!$A:$C,R$2,FALSE)),IF(ISERROR(VLOOKUP(DATA!$P13,'M2'!$A:$C,R$2,FALSE)),"NOT PRESENT",VLOOKUP(DATA!$P13,'M2'!$A:$C,R$2,FALSE)),VLOOKUP($P13,'M1'!$A:$C,R$2,FALSE)),"SPECIFY METHOD"))) -> Red sea urchin | S13: =SUM(T13:AV13) -> 5 | T13: 0 | U13: 3 | V13: 1 | W13: 1
A14: =MAX($A$1:$A13)+1 -> 12 | B14: =IF(ISERROR(B13),IF(ISERROR(B12),IF(ISERROR(B11),"BLANK",B11),B12),B13) -> Jasmin Schuster | C14: =IF(ISERROR(C13),IF(ISERROR(C12),IF(ISERROR(C11),"BLANK",C11),C12),C13) -> Tom Bird | D14: =IF(ISERROR(D13),IF(ISERROR(D12),IF(ISERROR(D11),"BLANK",D11),D12),D13) -> BMSC6 | E14: =IF(ISERROR(VLOOKUP($D14,SITES!$A:$E,2,FALSE)),"",VLOOKUP($D14,SITES!$A:$E,2,FALSE)) -> Baeria Rocks South Island | F14: =IF(ISERROR(VLOOKUP($D14,SITES!$A:$E,3,FALSE)),"",VLOOKUP($D14,SITES!$A:$E,3,FALSE)) -> 48.950233 | G14: =IF(ISERROR(VLOOKUP($D14,SITES!$A:$E,4,FALSE)),"",VLOOKUP($D14,SITES!$A:$E,4,FALSE)) -> -125.15555 | H14: =IF(ISERROR(H13),IF(ISERROR(H12),IF(ISERROR(H11),"BLANK",H11),H12),H13) -> 45404 | I14: =IF(ISERROR(I13),IF(ISERROR(I12),IF(ISERROR(I11),"BLANK",I11),I12),I13) -> 1.5 | J14: =IF(ISERROR(J13),IF(ISERROR(J12),IF(ISERROR(J11),"BLANK",J11),J12),J13) -> SW | K14: =IF(ISERROR(K13),IF(ISERROR(K12),IF(ISERROR(K11),"BLANK",K11),K12),K13) -> 0.52986111 | L14: =IF(ISERROR(L13),IF(ISERROR(L12),IF(ISERROR(L11),"BLANK",L11),L12),L13) -> 8 | M14: =IF(ISERROR(M13),IF(ISERROR(M12),IF(ISERROR(M11),"BLANK",M11),M12),M13) -> 2 | N14: =IF(ISERROR(N13),IF(ISERROR(N12),IF(ISERROR(N11),"BLANK",N11),N12),N13) -> 1 | O14: 32 | P14: =IF(ISERROR(P13),IF(ISERROR(P12),IF(ISERROR(P11),"BLANK",P11),P12),P13) -> Mfra | Q14: =IF($M14=1,IF(ISERROR(VLOOKUP($P14,'M1'!$A:$C,Q$2,FALSE)),"NOT PRESENT",VLOOKUP($P14,'M1'!$A:$C,Q$2,FALSE)),IF($M14=2,IF(ISERROR(VLOOKUP(DATA!$P14,'M2'!$A:$C,Q$2,FALSE)),"NOT PRESENT",VLOOKUP(DATA!$P14,'M2'!$A:$C,Q$2,FALSE)),IF($M14=0,IF(ISERROR(VLOOKUP($P14,'M1'!$A:$C,Q$2,FALSE)),IF(ISERROR(VLOOKUP(DATA!$P14,'M2'!$A:$C,Q$2,FALSE)),"NOT PRESENT",VLOOKUP(DATA!$P14,'M2'!$A:$C,Q$2,FALSE)),VLOOKUP($P14,'M1'!$A:$C,Q$2,FALSE)),"SPECIFY METHOD"))) -> Mesocentrotus franciscanus | R14: =IF($M14=1,IF(ISERROR(VLOOKUP($P14,'M1'!$A:$C,R$2,FALSE)),"NOT PRESENT",VLOOKUP($P14,'M1'!$A:$C,R$2,FALSE)),IF($M14=2,IF(ISERROR(VLOOKUP(DATA!$P14,'M2'!$A:$C,R$2,FALSE)),"NOT PRESENT",VLOOKUP(DATA!$P14,'M2'!$A:$C,R$2,FALSE)),IF($M14=0,IF(ISERROR(VLOOKUP($P14,'M1'!$A:$C,R$2,FALSE)),IF(ISERROR(VLOOKUP(DATA!$P14,'M2'!$A:$C,R$2,FALSE)),"NOT PRESENT",VLOOKUP(DATA!$P14,'M2'!$A:$C,R$2,FALSE)),VLOOKUP($P14,'M1'!$A:$C,R$2,FALSE)),"SPECIFY METHOD"))) -> Red sea urchin | S14: =SUM(T14:AV14) -> 8 | T14: 0 | U14: 5 | V14: 2 | W14: 1
A15: =MAX($A$1:$A14)+1 -> 13 | B15: =IF(ISERROR(B14),IF(ISERROR(B13),IF(ISERROR(B12),"BLANK",B12),B13),B14) -> Jasmin Schuster | C15: =IF(ISERROR(C14),IF(ISERROR(C13),IF(ISERROR(C12),"BLANK",C12),C13),C14) -> Tom Bird | D15: =IF(ISERROR(D14),IF(ISERROR(D13),IF(ISERROR(D12),"BLANK",D12),D13),D14) -> BMSC6 | E15: =IF(ISERROR(VLOOKUP($D15,SITES!$A:$E,2,FALSE)),"",VLOOKUP($D15,SITES!$A:$E,2,FALSE)) -> Baeria Rocks South Island | F15: =IF(ISERROR(VLOOKUP($D15,SITES!$A:$E,3,FALSE)),"",VLOOKUP($D15,SITES!$A:$E,3,FALSE)) -> 48.950233 | G15: =IF(ISERROR(VLOOKUP($D15,SITES!$A:$E,4,FALSE)),"",VLOOKUP($D15,SITES!$A:$E,4,FALSE)) -> -125.15555 | H15: =IF(ISERROR(H14),IF(ISERROR(H13),IF(ISERROR(H12),"BLANK",H12),H13),H14) -> 45404 | I15: =IF(ISERROR(I14),IF(ISERROR(I13),IF(ISERROR(I12),"BLANK",I12),I13),I14) -> 1.5 | J15: =IF(ISERROR(J14),IF(ISERROR(J13),IF(ISERROR(J12),"BLANK",J12),J13),J14) -> SW | K15: =IF(ISERROR(K14),IF(ISERROR(K13),IF(ISERROR(K12),"BLANK",K12),K13),K14) -> 0.52986111 | L15: =IF(ISERROR(L14),IF(ISERROR(L13),IF(ISERROR(L12),"BLANK",L12),L13),L14) -> 8 | M15: =IF(ISERROR(M14),IF(ISERROR(M13),IF(ISERROR(M12),"BLANK",M12),M13),M14) -> 2 | N15: =IF(ISERROR(N14),IF(ISERROR(N13),IF(ISERROR(N12),"BLANK",N12),N13),N14) -> 1 | O15: 32 | P15: Pmi | Q15: =IF($M15=1,IF(ISERROR(VLOOKUP($P15,'M1'!$A:$C,Q$2,FALSE)),"NOT PRESENT",VLOOKUP($P15,'M1'!$A:$C,Q$2,FALSE)),IF($M15=2,IF(ISERROR(VLOOKUP(DATA!$P15,'M2'!$A:$C,Q$2,FALSE)),"NOT PRESENT",VLOOKUP(DATA!$P15,'M2'!$A:$C,Q$2,FALSE)),IF($M15=0,IF(ISERROR(VLOOKUP($P15,'M1'!$A:$C,Q$2,FALSE)),IF(ISERROR(VLOOKUP(DATA!$P15,'M2'!$A:$C,Q$2,FALSE)),"NOT PRESENT",VLOOKUP(DATA!$P15,'M2'!$A:$C,Q$2,FALSE)),VLOOKUP($P15,'M1'!$A:$C,Q$2,FALSE)),"SPECIFY METHOD"))) -> Patiria miniata | R15: =IF($M15=1,IF(ISERROR(VLOOKUP($P15,'M1'!$A:$C,R$2,FALSE)),"NOT PRESENT",VLOOKUP($P15,'M1'!$A:$C,R$2,FALSE)),IF($M15=2,IF(ISERROR(VLOOKUP(DATA!$P15,'M2'!$A:$C,R$2,FALSE)),"NOT PRESENT",VLOOKUP(DATA!$P15,'M2'!$A:$C,R$2,FALSE)),IF($M15=0,IF(ISERROR(VLOOKUP($P15,'M1'!$A:$C,R$2,FALSE)),IF(ISERROR(VLOOKUP(DATA!$P15,'M2'!$A:$C,R$2,FALSE)),"NOT PRESENT",VLOOKUP(DATA!$P15,'M2'!$A:$C,R$2,FALSE)),VLOOKUP($P15,'M1'!$A:$C,R$2,FALSE)),"SPECIFY METHOD"))) -> Bat star | S15: =SUM(T15:AV15) -> 1 | T15: 0 | V15: 1
A16: =MAX($A$1:$A15)+1 -> 14 | B16: =IF(ISERROR(B15),IF(ISERROR(B14),IF(ISERROR(B13),"BLANK",B13),B14),B15) -> Jasmin Schuster | C16: =IF(ISERROR(C15),IF(ISERROR(C14),IF(ISERROR(C13),"BLANK",C13),C14),C15) -> Tom Bird | D16: =IF(ISERROR(D15),IF(ISERROR(D14),IF(ISERROR(D13),"BLANK",D13),D14),D15) -> BMSC6 | E16: =IF(ISERROR(VLOOKUP($D16,SITES!$A:$E,2,FALSE)),"",VLOOKUP($D16,SITES!$A:$E,2,FALSE)) -> Baeria Rocks South Island | F16: =IF(ISERROR(VLOOKUP($D16,SITES!$A:$E,3,FALSE)),"",VLOOKUP($D16,SITES!$A:$E,3,FALSE)) -> 48.950233 | G16: =IF(ISERROR(VLOOKUP($D16,SITES!$A:$E,4,FALSE)),"",VLOOKUP($D16,SITES!$A:$E,4,FALSE)) -> -125.15555 | H16: =IF(ISERROR(H15),IF(ISERROR(H14),IF(ISERROR(H13),"BLANK",H13),H14),H15) -> 45404 | I16: =IF(ISERROR(I15),IF(ISERROR(I14),IF(ISERROR(I13),"BLANK",I13),I14),I15) -> 1.5 | J16: =IF(ISERROR(J15),IF(ISERROR(J14),IF(ISERROR(J13),"BLANK",J13),J14),J15) -> SW | K16: =IF(ISERROR(K15),IF(ISERROR(K14),IF(ISERROR(K13),"BLANK",K13),K14),K15) -> 0.52986111 | L16: =IF(ISERROR(L15),IF(ISERROR(L14),IF(ISERROR(L13),"BLANK",L13),L14),L15) -> 8 | M16: =IF(ISERROR(M15),IF(ISERROR(M14),IF(ISERROR(M13),"BLANK",M13),M14),M15) -> 2 | N16: =IF(ISERROR(N15),IF(ISERROR(N14),IF(ISERROR(N13),"BLANK",N13),N14),N15) -> 1 | O16: 16 | P16: =IF(ISERROR(P15),IF(ISERROR(P14),IF(ISERROR(P13),"BLANK",P13),P14),P15) -> Pmi | Q16: =IF($M16=1,IF(ISERROR(VLOOKUP($P16,'M1'!$A:$C,Q$2,FALSE)),"NOT PRESENT",VLOOKUP($P16,'M1'!$A:$C,Q$2,FALSE)),IF($M16=2,IF(ISERROR(VLOOKUP(DATA!$P16,'M2'!$A:$C,Q$2,FALSE)),"NOT PRESENT",VLOOKUP(DATA!$P16,'M2'!$A:$C,Q$2,FALSE)),IF($M16=0,IF(ISERROR(VLOOKUP($P16,'M1'!$A:$C,Q$2,FALSE)),IF(ISERROR(VLOOKUP(DATA!$P16,'M2'!$A:$C,Q$2,FALSE)),"NOT PRESENT",VLOOKUP(DATA!$P16,'M2'!$A:$C,Q$2,FALSE)),VLOOKUP($P16,'M1'!$A:$C,Q$2,FALSE)),"SPECIFY METHOD"))) -> Patiria miniata | R16: =IF($M16=1,IF(ISERROR(VLOOKUP($P16,'M1'!$A:$C,R$2,FALSE)),"NOT PRESENT",VLOOKUP($P16,'M1'!$A:$C,R$2,FALSE)),IF($M16=2,IF(ISERROR(VLOOKUP(DATA!$P16,'M2'!$A:$C,R$2,FALSE)),"NOT PRESENT",VLOOKUP(DATA!$P16,'M2'!$A:$C,R$2,FALSE)),IF($M16=0,IF(ISERROR(VLOOKUP($P16,'M1'!$A:$C,R$2,FALSE)),IF(ISERROR(VLOOKUP(DATA!$P16,'M2'!$A:$C,R$2,FALSE)),"NOT PRESENT",VLOOKUP(DATA!$P16,'M2'!$A:$C,R$2,FALSE)),VLOOKUP($P16,'M1'!$A:$C,R$2,FALSE)),"SPECIFY METHOD"))) -> Bat star | S16: =SUM(T16:AV16) -> 2 | T16: 0 | V16: 2
A17: =MAX($A$1:$A16)+1 -> 15 | B17: =IF(ISERROR(B16),IF(ISERROR(B15),IF(ISERROR(B14),"BLANK",B14),B15),B16) -> Jasmin Schuster | C17: =IF(ISERROR(C16),IF(ISERROR(C15),IF(ISERROR(C14),"BLANK",C14),C15),C16) -> Tom Bird | D17: =IF(ISERROR(D16),IF(ISERROR(D15),IF(ISERROR(D14),"BLANK",D14),D15),D16) -> BMSC6 | E17: =IF(ISERROR(VLOOKUP($D17,SITES!$A:$E,2,FALSE)),"",VLOOKUP($D17,SITES!$A:$E,2,FALSE)) -> Baeria Rocks South Island | F17: =IF(ISERROR(VLOOKUP($D17,SITES!$A:$E,3,FALSE)),"",VLOOKUP($D17,SITES!$A:$E,3,FALSE)) -> 48.950233 | G17: =IF(ISERROR(VLOOKUP($D17,SITES!$A:$E,4,FALSE)),"",VLOOKUP($D17,SITES!$A:$E,4,FALSE)) -> -125.15555 | H17: =IF(ISERROR(H16),IF(ISERROR(H15),IF(ISERROR(H14),"BLANK",H14),H15),H16) -> 45404 | I17: =IF(ISERROR(I16),IF(ISERROR(I15),IF(ISERROR(I14),"BLANK",I14),I15),I16) -> 1.5 | J17: =IF(ISERROR(J16),IF(ISERROR(J15),IF(ISERROR(J14),"BLANK",J14),J15),J16) -> SW | K17: =IF(ISERROR(K16),IF(ISERROR(K15),IF(ISERROR(K14),"BLANK",K14),K15),K16) -> 0.52986111 | L17: =IF(ISERROR(L16),IF(ISERROR(L15),IF(ISERROR(L14),"BLANK",L14),L15),L16) -> 8 | M17: =IF(ISERROR(M16),IF(ISERROR(M15),IF(ISERROR(M14),"BLANK",M14),M15),M16) -> 2 | N17: =IF(ISERROR(N16),IF(ISERROR(N15),IF(ISERROR(N14),"BLANK",N14),N15),N16) -> 1 | O17: 16 | P17: Mfra | Q17: =IF($M17=1,IF(ISERROR(VLOOKUP($P17,'M1'!$A:$C,Q$2,FALSE)),"NOT PRESENT",VLOOKUP($P17,'M1'!$A:$C,Q$2,FALSE)),IF($M17=2,IF(ISERROR(VLOOKUP(DATA!$P17,'M2'!$A:$C,Q$2,FALSE)),"NOT PRESENT",VLOOKUP(DATA!$P17,'M2'!$A:$C,Q$2,FALSE)),IF($M17=0,IF(ISERROR(VLOOKUP($P17,'M1'!$A:$C,Q$2,FALSE)),IF(ISERROR(VLOOKUP(DATA!$P17,'M2'!$A:$C,Q$2,FALSE)),"NOT PRESENT",VLOOKUP(DATA!$P17,'M2'!$A:$C,Q$2,FALSE)),VLOOKUP($P17,'M1'!$A:$C,Q$2,FALSE)),"SPECIFY METHOD"))) -> Mesocentrotus franciscanus | R17: =IF($M17=1,IF(ISERROR(VLOOKUP($P17,'M1'!$A:$C,R$2,FALSE)),"NOT PRESENT",VLOOKUP($P17,'M1'!$A:$C,R$2,FALSE)),IF($M17=2,IF(ISERROR(VLOOKUP(DATA!$P17,'M2'!$A:$C,R$2,FALSE)),"NOT PRESENT",VLOOKUP(DATA!$P17,'M2'!$A:$C,R$2,FALSE)),IF($M17=0,IF(ISERROR(VLOOKUP($P17,'M1'!$A:$C,R$2,FALSE)),IF(ISERROR(VLOOKUP(DATA!$P17,'M2'!$A:$C,R$2,FALSE)),"NOT PRESENT",VLOOKUP(DATA!$P17,'M2'!$A:$C,R$2,FALSE)),VLOOKUP($P17,'M1'!$A:$C,R$2,FALSE)),"SPECIFY METHOD"))) -> Red sea urchin | S17: =SUM(T17:AV17) -> 6 | U17: 4 | V17: 2
A18: =MAX($A$1:$A17)+1 -> 16 | B18: =IF(ISERROR(#REF!),IF(ISERROR(B17),IF(ISERROR(B16),"BLANK",B16),B17),#REF!) -> Jasmin Schuster | C18: =IF(ISERROR(#REF!),IF(ISERROR(C17),IF(ISERROR(C16),"BLANK",C16),C17),#REF!) -> Tom Bird | D18: =IF(ISERROR(#REF!),IF(ISERROR(D17),IF(ISERROR(D16),"BLANK",D16),D17),#REF!) -> BMSC6 | E18: =IF(ISERROR(VLOOKUP($D18,SITES!$A:$E,2,FALSE)),"",VLOOKUP($D18,SITES!$A:$E,2,FALSE)) -> Baeria Rocks South Island | F18: =IF(ISERROR(VLOOKUP($D18,SITES!$A:$E,3,FALSE)),"",VLOOKUP($D18,SITES!$A:$E,3,FALSE)) -> 48.950233 | G18: =IF(ISERROR(VLOOKUP($D18,SITES!$A:$E,4,FALSE)),"",VLOOKUP($D18,SITES!$A:$E,4,FALSE)) -> -125.15555 | H18: =IF(ISERROR(#REF!),IF(ISERROR(H17),IF(ISERROR(H16),"BLANK",H16),H17),#REF!) -> 45404 | I18: =IF(ISERROR(#REF!),IF(ISERROR(I17),IF(ISERROR(I16),"BLANK",I16),I17),#REF!) -> 1.5 | J18: =IF(ISERROR(#REF!),IF(ISERROR(J17),IF(ISERROR(J16),"BLANK",J16),J17),#REF!) -> SW | K18: =IF(ISERROR(#REF!),IF(ISERROR(K17),IF(ISERROR(K16),"BLANK",K16),K17),#REF!) -> 0.52986111 | L18: =IF(ISERROR(#REF!),IF(ISERROR(L17),IF(ISERROR(L16),"BLANK",L16),L17),#REF!) -> 8 | M18: =IF(ISERROR(#REF!),IF(ISERROR(M17),IF(ISERROR(M16),"BLANK",M16),M17),#REF!) -> 2 | N18: =IF(ISERROR(#REF!),IF(ISERROR(N17),IF(ISERROR(N16),"BLANK",N16),N17),#REF!) -> 1 | O18: 16 | P18: Oko | Q18: =IF($M18=1,IF(ISERROR(VLOOKUP($P18,'M1'!$A:$C,Q$2,FALSE)),"NOT PRESENT",VLOOKUP($P18,'M1'!$A:$C,Q$2,FALSE)),IF($M18=2,IF(ISERROR(VLOOKUP(DATA!$P18,'M2'!$A:$C,Q$2,FALSE)),"NOT PRESENT",VLOOKUP(DATA!$P18,'M2'!$A:$C,Q$2,FALSE)),IF($M18=0,IF(ISERROR(VLOOKUP($P18,'M1'!$A:$C,Q$2,FALSE)),IF(ISERROR(VLOOKUP(DATA!$P18,'M2'!$A:$C,Q$2,FALSE)),"NOT PRESENT",VLOOKUP(DATA!$P18,'M2'!$A:$C,Q$2,FALSE)),VLOOKUP($P18,'M1'!$A:$C,Q$2,FALSE)),"SPECIFY METHOD"))) -> Orthasterias koehleri | R18: =IF($M18=1,IF(ISERROR(VLOOKUP($P18,'M1'!$A:$C,R$2,FALSE)),"NOT PRESENT",VLOOKUP($P18,'M1'!$A:$C,R$2,FALSE)),IF($M18=2,IF(ISERROR(VLOOKUP(DATA!$P18,'M2'!$A:$C,R$2,FALSE)),"NOT PRESENT",VLOOKUP(DATA!$P18,'M2'!$A:$C,R$2,FALSE)),IF($M18=0,IF(ISERROR(VLOOKUP($P18,'M1'!$A:$C,R$2,FALSE)),IF(ISERROR(VLOOKUP(DATA!$P18,'M2'!$A:$C,R$2,FALSE)),"NOT PRESENT",VLOOKUP(DATA!$P18,'M2'!$A:$C,R$2,FALSE)),VLOOKUP($P18,'M1'!$A:$C,R$2,FALSE)),"SPECIFY METHOD"))) -> Rainbow star | S18: =SUM(T18:AV18) -> 1 | T18: 0 | V18: 1
A19: =MAX($A$1:$A18)+1 -> 17 | B19: =IF(ISERROR(B18),IF(ISERROR(#REF!),IF(ISERROR(B17),"BLANK",B17),#REF!),B18) -> Jasmin Schuster | C19: =IF(ISERROR(C18),IF(ISERROR(#REF!),IF(ISERROR(C17),"BLANK",C17),#REF!),C18) -> Tom Bird | D19: =IF(ISERROR(D18),IF(ISERROR(#REF!),IF(ISERROR(D17),"BLANK",D17),#REF!),D18) -> BMSC6 | E19: =IF(ISERROR(VLOOKUP($D19,SITES!$A:$E,2,FALSE)),"",VLOOKUP($D19,SITES!$A:$E,2,FALSE)) -> Baeria Rocks South Island | F19: =IF(ISERROR(VLOOKUP($D19,SITES!$A:$E,3,FALSE)),"",VLOOKUP($D19,SITES!$A:$E,3,FALSE)) -> 48.950233 | G19: =IF(ISERROR(VLOOKUP($D19,SITES!$A:$E,4,FALSE)),"",VLOOKUP($D19,SITES!$A:$E,4,FALSE)) -> -125.15555 | H19: =IF(ISERROR(H18),IF(ISERROR(#REF!),IF(ISERROR(H17),"BLANK",H17),#REF!),H18) -> 45404 | I19: =IF(ISERROR(I18),IF(ISERROR(#REF!),IF(ISERROR(I17),"BLANK",I17),#REF!),I18) -> 1.5 | J19: =IF(ISERROR(J18),IF(ISERROR(#REF!),IF(ISERROR(J17),"BLANK",J17),#REF!),J18) -> SW | K19: =IF(ISERROR(K18),IF(ISERROR(#REF!),IF(ISERROR(K17),"BLANK",K17),#REF!),K18) -> 0.52986111 | L19: =IF(ISERROR(L18),IF(ISERROR(#REF!),IF(ISERROR(L17),"BLANK",L17),#REF!),L18) -> 8 | M19: =IF(ISERROR(M18),IF(ISERROR(#REF!),IF(ISERROR(M17),"BLANK",M17),#REF!),M18) -> 2 | N19: =IF(ISERROR(N18),IF(ISERROR(#REF!),IF(ISERROR(N17),"BLANK",N17),#REF!),N18) -> 1 | O19: 0 | P19: Mfra | Q19: =IF($M19=1,IF(ISERROR(VLOOKUP($P19,'M1'!$A:$C,Q$2,FALSE)),"NOT PRESENT",VLOOKUP($P19,'M1'!$A:$C,Q$2,FALSE)),IF($M19=2,IF(ISERROR(VLOOKUP(DATA!$P19,'M2'!$A:$C,Q$2,FALSE)),"NOT PRESENT",VLOOKUP(DATA!$P19,'M2'!$A:$C,Q$2,FALSE)),IF($M19=0,IF(ISERROR(VLOOKUP($P19,'M1'!$A:$C,Q$2,FALSE)),IF(ISERROR(VLOOKUP(DATA!$P19,'M2'!$A:$C,Q$2,FALSE)),"NOT PRESENT",VLOOKUP(DATA!$P19,'M2'!$A:$C,Q$2,FALSE)),VLOOKUP($P19,'M1'!$A:$C,Q$2,FALSE)),"SPECIFY METHOD"))) -> Mesocentrotus franciscanus | R19: =IF($M19=1,IF(ISERROR(VLOOKUP($P19,'M1'!$A:$C,R$2,FALSE)),"NOT PRESENT",VLOOKUP($P19,'M1'!$A:$C,R$2,FALSE)),IF($M19=2,IF(ISERROR(VLOOKUP(DATA!$P19,'M2'!$A:$C,R$2,FALSE)),"NOT PRESENT",VLOOKUP(DATA!$P19,'M2'!$A:$C,R$2,FALSE)),IF($M19=0,IF(ISERROR(VLOOKUP($P19,'M1'!$A:$C,R$2,FALSE)),IF(ISERROR(VLOOKUP(DATA!$P19,'M2'!$A:$C,R$2,FALSE)),"NOT PRESENT",VLOOKUP(DATA!$P19,'M2'!$A:$C,R$2,FALSE)),VLOOKUP($P19,'M1'!$A:$C,R$2,FALSE)),"SPECIFY METHOD"))) -> Red sea urchin | S19: =SUM(T19:AV19) -> 10 | T19: 0 | U19: 2 | V19: 8
A20: =MAX($A$1:$A19)+1 -> 18 | B20: =IF(ISERROR(B19),IF(ISERROR(B18),IF(ISERROR(#REF!),"BLANK",#REF!),B18),B19) -> Jasmin Schuster | C20: =IF(ISERROR(C19),IF(ISERROR(C18),IF(ISERROR(#REF!),"BLANK",#REF!),C18),C19) -> Tom Bird | D20: =IF(ISERROR(D19),IF(ISERROR(D18),IF(ISERROR(#REF!),"BLANK",#REF!),D18),D19) -> BMSC6 | E20: =IF(ISERROR(VLOOKUP($D20,SITES!$A:$E,2,FALSE)),"",VLOOKUP($D20,SITES!$A:$E,2,FALSE)) -> Baeria Rocks South Island | F20: =IF(ISERROR(VLOOKUP($D20,SITES!$A:$E,3,FALSE)),"",VLOOKUP($D20,SITES!$A:$E,3,FALSE)) -> 48.950233 | G20: =IF(ISERROR(VLOOKUP($D20,SITES!$A:$E,4,FALSE)),"",VLOOKUP($D20,SITES!$A:$E,4,FALSE)) -> -125.15555 | H20: =IF(ISERROR(H19),IF(ISERROR(H18),IF(ISERROR(#REF!),"BLANK",#REF!),H18),H19) -> 45404 | I20: =IF(ISERROR(I19),IF(ISERROR(I18),IF(ISERROR(#REF!),"BLANK",#REF!),I18),I19) -> 1.5 | J20: =IF(ISERROR(J19),IF(ISERROR(J18),IF(ISERROR(#REF!),"BLANK",#REF!),J18),J19) -> SW | K20: =IF(ISERROR(K19),IF(ISERROR(K18),IF(ISERROR(#REF!),"BLANK",#REF!),K18),K19) -> 0.52986111 | L20: =IF(ISERROR(L19),IF(ISERROR(L18),IF(ISERROR(#REF!),"BLANK",#REF!),L18),L19) -> 8 | M20: =IF(ISERROR(M19),IF(ISERROR(M18),IF(ISERROR(#REF!),"BLANK",#REF!),M18),M19) -> 2 | N20: =IF(ISERROR(N19),IF(ISERROR(N18),IF(ISERROR(#REF!),"BLANK",#REF!),N18),N19) -> 1 | O20: 0 | P20: Pmi | Q20: =IF($M20=1,IF(ISERROR(VLOOKUP($P20,'M1'!$A:$C,Q$2,FALSE)),"NOT PRESENT",VLOOKUP($P20,'M1'!$A:$C,Q$2,FALSE)),IF($M20=2,IF(ISERROR(VLOOKUP(DATA!$P20,'M2'!$A:$C,Q$2,FALSE)),"NOT PRESENT",VLOOKUP(DATA!$P20,'M2'!$A:$C,Q$2,FALSE)),IF($M20=0,IF(ISERROR(VLOOKUP($P20,'M1'!$A:$C,Q$2,FALSE)),IF(ISERROR(VLOOKUP(DATA!$P20,'M2'!$A:$C,Q$2,FALSE)),"NOT PRESENT",VLOOKUP(DATA!$P20,'M2'!$A:$C,Q$2,FALSE)),VLOOKUP($P20,'M1'!$A:$C,Q$2,FALSE)),"SPECIFY METHOD"))) -> Patiria miniata | R20: =IF($M20=1,IF(ISERROR(VLOOKUP($P20,'M1'!$A:$C,R$2,FALSE)),"NOT PRESENT",VLOOKUP($P20,'M1'!$A:$C,R$2,FALSE)),IF($M20=2,IF(ISERROR(VLOOKUP(DATA!$P20,'M2'!$A:$C,R$2,FALSE)),"NOT PRESENT",VLOOKUP(DATA!$P20,'M2'!$A:$C,R$2,FALSE)),IF($M20=0,IF(ISERROR(VLOOKUP($P20,'M1'!$A:$C,R$2,FALSE)),IF(ISERROR(VLOOKUP(DATA!$P20,'M2'!$A:$C,R$2,FALSE)),"NOT PRESENT",VLOOKUP(DATA!$P20,'M2'!$A:$C,R$2,FALSE)),VLOOKUP($P20,'M1'!$A:$C,R$2,FALSE)),"SPECIFY METHOD"))) -> Bat star | S20: =SUM(T20:AV20) -> 1 | T20: 0 | X20: 1
A21: =MAX($A$1:$A20)+1 -> 19 | B21: Em Lim | C21: Isabelle Cote | D21: BMSC8 | E21: =IF(ISERROR(VLOOKUP($D21,SITES!$A:$E,2,FALSE)),"",VLOOKUP($D21,SITES!$A:$E,2,FALSE)) -> Baeria Rocks North Island Northside | F21: =IF(ISERROR(VLOOKUP($D21,SITES!$A:$E,3,FALSE)),"",VLOOKUP($D21,SITES!$A:$E,3,FALSE)) -> 48.955082 | G21: =IF(ISERROR(VLOOKUP($D21,SITES!$A:$E,4,FALSE)),"",VLOOKUP($D21,SITES!$A:$E,4,FALSE)) -> -125.15337 | H21: 45404 | I21: 1.5 | J21: SE | K21: 0.425 | L21: 8.5 | M21: 2 | N21: 2 | O21: 40 | P21: poc | Q21: =IF($M21=1,IF(ISERROR(VLOOKUP($P21,'M1'!$A:$C,Q$2,FALSE)),"NOT PRESENT",VLOOKUP($P21,'M1'!$A:$C,Q$2,FALSE)),IF($M21=2,IF(ISERROR(VLOOKUP(DATA!$P21,'M2'!$A:$C,Q$2,FALSE)),"NOT PRESENT",VLOOKUP(DATA!$P21,'M2'!$A:$C,Q$2,FALSE)),IF($M21=0,IF(ISERROR(VLOOKUP($P21,'M1'!$A:$C,Q$2,FALSE)),IF(ISERROR(VLOOKUP(DATA!$P21,'M2'!$A:$C,Q$2,FALSE)),"NOT PRESENT",VLOOKUP(DATA!$P21,'M2'!$A:$C,Q$2,FALSE)),VLOOKUP($P21,'M1'!$A:$C,Q$2,FALSE)),"SPECIFY METHOD"))) -> Pisaster ochraceus | R21: =IF($M21=1,IF(ISERROR(VLOOKUP($P21,'M1'!$A:$C,R$2,FALSE)),"NOT PRESENT",VLOOKUP($P21,'M1'!$A:$C,R$2,FALSE)),IF($M21=2,IF(ISERROR(VLOOKUP(DATA!$P21,'M2'!$A:$C,R$2,FALSE)),"NOT PRESENT",VLOOKUP(DATA!$P21,'M2'!$A:$C,R$2,FALSE)),IF($M21=0,IF(ISERROR(VLOOKUP($P21,'M1'!$A:$C,R$2,FALSE)),IF(ISERROR(VLOOKUP(DATA!$P21,'M2'!$A:$C,R$2,FALSE)),"NOT PRESENT",VLOOKUP(DATA!$P21,'M2'!$A:$C,R$2,FALSE)),VLOOKUP($P21,'M1'!$A:$C,R$2,FALSE)),"SPECIFY METHOD"))) -> Purple sea star | S21: =SUM(T21:AV21) -> 8 | T21: 0 | AA21: 4 | AD21: 3 | AE21: 1
A22: =MAX($A$1:$A21)+1 -> 20 | B22: =IF(ISERROR(B21),IF(ISERROR(#REF!),IF(ISERROR(B20),"BLANK",B20),#REF!),B21) -> Em Lim | C22: =IF(ISERROR(C21),IF(ISERROR(#REF!),IF(ISERROR(C20),"BLANK",C20),#REF!),C21) -> Isabelle Cote | D22: =IF(ISERROR(D21),IF(ISERROR(#REF!),IF(ISERROR(D20),"BLANK",D20),#REF!),D21) -> BMSC8 | E22: =IF(ISERROR(VLOOKUP($D22,SITES!$A:$E,2,FALSE)),"",VLOOKUP($D22,SITES!$A:$E,2,FALSE)) -> Baeria Rocks North Island Northside | F22: =IF(ISERROR(VLOOKUP($D22,SITES!$A:$E,3,FALSE)),"",VLOOKUP($D22,SITES!$A:$E,3,FALSE)) -> 48.955082 | G22: =IF(ISERROR(VLOOKUP($D22,SITES!$A:$E,4,FALSE)),"",VLOOKUP($D22,SITES!$A:$E,4,FALSE)) -> -125.15337 | H22: =IF(ISERROR(H21),IF(ISERROR(#REF!),IF(ISERROR(H20),"BLANK",H20),#REF!),H21) -> 45404 | I22: =IF(ISERROR(I21),IF(ISERROR(#REF!),IF(ISERROR(I20),"BLANK",I20),#REF!),I21) -> 1.5 | J22: =IF(ISERROR(J21),IF(ISERROR(#REF!),IF(ISERROR(J20),"BLANK",J20),#REF!),J21) -> SE | K22: =IF(ISERROR(K21),IF(ISERROR(#REF!),IF(ISERROR(K20),"BLANK",K20),#REF!),K21) -> 0.425 | L22: =IF(ISERROR(L21),IF(ISERROR(#REF!),IF(ISERROR(L20),"BLANK",L20),#REF!),L21) -> 8.5 | M22: =IF(ISERROR(M21),IF(ISERROR(#REF!),IF(ISERROR(M20),"BLANK",M20),#REF!),M21) -> 2 | N22: =IF(ISERROR(N21),IF(ISERROR(#REF!),IF(ISERROR(N20),"BLANK",N20),#REF!),N21) -> 2 | O22: 40 | P22: dim | Q22: =IF($M22=1,IF(ISERROR(VLOOKUP($P22,'M1'!$A:$C,Q$2,FALSE)),"NOT PRESENT",VLOOKUP($P22,'M1'!$A:$C,Q$2,FALSE)),IF($M22=2,IF(ISERROR(VLOOKUP(DATA!$P22,'M2'!$A:$C,Q$2,FALSE)),"NOT PRESENT",VLOOKUP(DATA!$P22,'M2'!$A:$C,Q$2,FALSE)),IF($M22=0,IF(ISERROR(VLOOKUP($P22,'M1'!$A:$C,Q$2,FALSE)),IF(ISERROR(VLOOKUP(DATA!$P22,'M2'!$A:$C,Q$2,FALSE)),"NOT PRESENT",VLOOKUP(DATA!$P22,'M2'!$A:$C,Q$2,FALSE)),VLOOKUP($P22,'M1'!$A:$C,Q$2,FALSE)),"SPECIFY METHOD"))) -> Dermasterias imbricata | R22: =IF($M22=1,IF(ISERROR(VLOOKUP($P22,'M1'!$A:$C,R$2,FALSE)),"NOT PRESENT",VLOOKUP($P22,'M1'!$A:$C,R$2,FALSE)),IF($M22=2,IF(ISERROR(VLOOKUP(DATA!$P22,'M2'!$A:$C,R$2,FALSE)),"NOT PRESENT",VLOOKUP(DATA!$P22,'M2'!$A:$C,R$2,FALSE)),IF($M22=0,IF(ISERROR(VLOOKUP($P22,'M1'!$A:$C,R$2,FALSE)),IF(ISERROR(VLOOKUP(DATA!$P22,'M2'!$A:$C,R$2,FALSE)),"NOT PRESENT",VLOOKUP(DATA!$P22,'M2'!$A:$C,R$2,FALSE)),VLOOKUP($P22,'M1'!$A:$C,R$2,FALSE)),"SPECIFY METHOD"))) -> Leather star | S22: =SUM(T22:AV22) -> 1 | T22: 0 | Z22: 1
A23: =MAX($A$1:$A22)+1 -> 21 | B23: =IF(ISERROR(B22),IF(ISERROR(B21),IF(ISERROR(#REF!),"BLANK",#REF!),B21),B22) -> Em Lim | C23: =IF(ISERROR(C22),IF(ISERROR(C21),IF(ISERROR(#REF!),"BLANK",#REF!),C21),C22) -> Isabelle Cote | D23: =IF(ISERROR(D22),IF(ISERROR(D21),IF(ISERROR(#REF!),"BLANK",#REF!),D21),D22) -> BMSC8 | E23: =IF(ISERROR(VLOOKUP($D23,SITES!$A:$E,2,FALSE)),"",VLOOKUP($D23,SITES!$A:$E,2,FALSE)) -> Baeria Rocks North Island Northside | F23: =IF(ISERROR(VLOOKUP($D23,SITES!$A:$E,3,FALSE)),"",VLOOKUP($D23,SITES!$A:$E,3,FALSE)) -> 48.955082 | G23: =IF(ISERROR(VLOOKUP($D23,SITES!$A:$E,4,FALSE)),"",VLOOKUP($D23,SITES!$A:$E,4,FALSE)) -> -125.15337 | H23: =IF(ISERROR(H22),IF(ISERROR(H21),IF(ISERROR(#REF!),"BLANK",#REF!),H21),H22) -> 45404 | I23: =IF(ISERROR(I22),IF(ISERROR(I21),IF(ISERROR(#REF!),"BLANK",#REF!),I21),I22) -> 1.5 | J23: =IF(ISERROR(J22),IF(ISERROR(J21),IF(ISERROR(#REF!),"BLANK",#REF!),J21),J22) -> SE | K23: =IF(ISERROR(K22),IF(ISERROR(K21),IF(ISERROR(#REF!),"BLANK",#REF!),K21),K22) -> 0.425 | L23: =IF(ISERROR(L22),IF(ISERROR(L21),IF(ISERROR(#REF!),"BLANK",#REF!),L21),L22) -> 8.5 | M23: =IF(ISERROR(M22),IF(ISERROR(M21),IF(ISERROR(#REF!),"BLANK",#REF!),M21),M22) -> 2 | N23: =IF(ISERROR(N22),IF(ISERROR(N21),IF(ISERROR(#REF!),"BLANK",#REF!),N21),N22) -> 2 | O23: 40 | P23: pmi | Q23: =IF($M23=1,IF(ISERROR(VLOOKUP($P23,'M1'!$A:$C,Q$2,FALSE)),"NOT PRESENT",VLOOKUP($P23,'M1'!$A:$C,Q$2,FALSE)),IF($M23=2,IF(ISERROR(VLOOKUP(DATA!$P23,'M2'!$A:$C,Q$2,FALSE)),"NOT PRESENT",VLOOKUP(DATA!$P23,'M2'!$A:$C,Q$2,FALSE)),IF($M23=0,IF(ISERROR(VLOOKUP($P23,'M1'!$A:$C,Q$2,FALSE)),IF(ISERROR(VLOOKUP(DATA!$P23,'M2'!$A:$C,Q$2,FALSE)),"NOT PRESENT",VLOOKUP(DATA!$P23,'M2'!$A:$C,Q$2,FALSE)),VLOOKUP($P23,'M1'!$A:$C,Q$2,FALSE)),"SPECIFY METHOD"))) -> Patiria miniata | R23: =IF($M23=1,IF(ISERROR(VLOOKUP($P23,'M1'!$A:$C,R$2,FALSE)),"NOT PRESENT",VLOOKUP($P23,'M1'!$A:$C,R$2,FALSE)),IF($M23=2,IF(ISERROR(VLOOKUP(DATA!$P23,'M2'!$A:$C,R$2,FALSE)),"NOT PRESENT",VLOOKUP(DATA!$P23,'M2'!$A:$C,R$2,FALSE)),IF($M23=0,IF(ISERROR(VLOOKUP($P23,'M1'!$A:$C,R$2,FALSE)),IF(ISERROR(VLOOKUP(DATA!$P23,'M2'!$A:$C,R$2,FALSE)),"NOT PRESENT",VLOOKUP(DATA!$P23,'M2'!$A:$C,R$2,FALSE)),VLOOKUP($P23,'M1'!$A:$C,R$2,FALSE)),"SPECIFY METHOD"))) -> Bat star | S23: =SUM(T23:AV23) -> 1 | T23: 0 | Z23: 1
A24: =MAX($A$1:$A23)+1 -> 22 | B24: =IF(ISERROR(B23),IF(ISERROR(B22),IF(ISERROR(B21),"BLANK",B21),B22),B23) -> Em Lim | C24: =IF(ISERROR(C23),IF(ISERROR(C22),IF(ISERROR(C21),"BLANK",C21),C22),C23) -> Isabelle Cote | D24: =IF(ISERROR(D23),IF(ISERROR(D22),IF(ISERROR(D21),"BLANK",D21),D22),D23) -> BMSC8 | E24: =IF(ISERROR(VLOOKUP($D24,SITES!$A:$E,2,FALSE)),"",VLOOKUP($D24,SITES!$A:$E,2,FALSE)) -> Baeria Rocks North Island Northside | F24: =IF(ISERROR(VLOOKUP($D24,SITES!$A:$E,3,FALSE)),"",VLOOKUP($D24,SITES!$A:$E,3,FALSE)) -> 48.955082 | G24: =IF(ISERROR(VLOOKUP($D24,SITES!$A:$E,4,FALSE)),"",VLOOKUP($D24,SITES!$A:$E,4,FALSE)) -> -125.15337 | H24: =IF(ISERROR(H23),IF(ISERROR(H22),IF(ISERROR(H21),"BLANK",H21),H22),H23) -> 45404 | I24: =IF(ISERROR(I23),IF(ISERROR(I22),IF(ISERROR(I21),"BLANK",I21),I22),I23) -> 1.5 | J24: =IF(ISERROR(J23),IF(ISERROR(J22),IF(ISERROR(J21),"BLANK",J21),J22),J23) -> SE | K24: =IF(ISERROR(K23),IF(ISERROR(K22),IF(ISERROR(K21),"BLANK",K21),K22),K23) -> 0.425 | L24: =IF(ISERROR(L23),IF(ISERROR(L22),IF(ISERROR(L21),"BLANK",L21),L22),L23) -> 8.5 | M24: =IF(ISERROR(M23),IF(ISERROR(M22),IF(ISERROR(M21),"BLANK",M21),M22),M23) -> 2 | N24: =IF(ISERROR(N23),IF(ISERROR(N22),IF(ISERROR(N21),"BLANK",N21),N22),N23) -> 2 | O24: 40 | P24: mfra | Q24: =IF($M24=1,IF(ISERROR(VLOOKUP($P24,'M1'!$A:$C,Q$2,FALSE)),"NOT PRESENT",VLOOKUP($P24,'M1'!$A:$C,Q$2,FALSE)),IF($M24=2,IF(ISERROR(VLOOKUP(DATA!$P24,'M2'!$A:$C,Q$2,FALSE)),"NOT PRESENT",VLOOKUP(DATA!$P24,'M2'!$A:$C,Q$2,FALSE)),IF($M24=0,IF(ISERROR(VLOOKUP($P24,'M1'!$A:$C,Q$2,FALSE)),IF(ISERROR(VLOOKUP(DATA!$P24,'M2'!$A:$C,Q$2,FALSE)),"NOT PRESENT",VLOOKUP(DATA!$P24,'M2'!$A:$C,Q$2,FALSE)),VLOOKUP($P24,'M1'!$A:$C,Q$2,FALSE)),"SPECIFY METHOD"))) -> Mesocentrotus franciscanus | R24: =IF($M24=1,IF(ISERROR(VLOOKUP($P24,'M1'!$A:$C,R$2,FALSE)),"NOT PRESENT",VLOOKUP($P24,'M1'!$A:$C,R$2,FALSE)),IF($M24=2,IF(ISERROR(VLOOKUP(DATA!$P24,'M2'!$A:$C,R$2,FALSE)),"NOT PRESENT",VLOOKUP(DATA!$P24,'M2'!$A:$C,R$2,FALSE)),IF($M24=0,IF(ISERROR(VLOOKUP($P24,'M1'!$A:$C,R$2,FALSE)),IF(ISERROR(VLOOKUP(DATA!$P24,'M2'!$A:$C,R$2,FALSE)),"NOT PRESENT",VLOOKUP(DATA!$P24,'M2'!$A:$C,R$2,FALSE)),VLOOKUP($P24,'M1'!$A:$C,R$2,FALSE)),"SPECIFY METHOD"))) -> Red sea urchin | S24: =SUM(T24:AV24) -> 4 | T24: 0 | U24: 2 | V24: 2
A25: =MAX($A$1:$A24)+1 -> 23 | B25: =IF(ISERROR(B24),IF(ISERROR(B23),IF(ISERROR(B22),"BLANK",B22),B23),B24) -> Em Lim | C25: =IF(ISERROR(C24),IF(ISERROR(C23),IF(ISERROR(C22),"BLANK",C22),C23),C24) -> Isabelle Cote | D25: =IF(ISERROR(D24),IF(ISERROR(D23),IF(ISERROR(D22),"BLANK",D22),D23),D24) -> BMSC8 | E25: =IF(ISERROR(VLOOKUP($D25,SITES!$A:$E,2,FALSE)),"",VLOOKUP($D25,SITES!$A:$E,2,FALSE)) -> Baeria Rocks North Island Northside | F25: =IF(ISERROR(VLOOKUP($D25,SITES!$A:$E,3,FALSE)),"",VLOOKUP($D25,SITES!$A:$E,3,FALSE)) -> 48.955082 | G25: =IF(ISERROR(VLOOKUP($D25,SITES!$A:$E,4,FALSE)),"",VLOOKUP($D25,SITES!$A:$E,4,FALSE)) -> -125.15337 | H25: =IF(ISERROR(H24),IF(ISERROR(H23),IF(ISERROR(H22),"BLANK",H22),H23),H24) -> 45404 | I25: =IF(ISERROR(I24),IF(ISERROR(I23),IF(ISERROR(I22),"BLANK",I22),I23),I24) -> 1.5 | J25: =IF(ISERROR(J24),IF(ISERROR(J23),IF(ISERROR(J22),"BLANK",J22),J23),J24) -> SE | K25: =IF(ISERROR(K24),IF(ISERROR(K23),IF(ISERROR(K22),"BLANK",K22),K23),K24) -> 0.425 | L25: =IF(ISERROR(L24),IF(ISERROR(L23),IF(ISERROR(L22),"BLANK",L22),L23),L24) -> 8.5 | M25: =IF(ISERROR(M24),IF(ISERROR(M23),IF(ISERROR(M22),"BLANK",M22),M23),M24) -> 2 | N25: =IF(ISERROR(N24),IF(ISERROR(N23),IF(ISERROR(N22),"BLANK",N22),N23),N24) -> 2 | O25: 24 | P25: mfra | Q25: =IF($M25=1,IF(ISERROR(VLOOKUP($P25,'M1'!$A:$C,Q$2,FALSE)),"NOT PRESENT",VLOOKUP($P25,'M1'!$A:$C,Q$2,FALSE)),IF($M25=2,IF(ISERROR(VLOOKUP(DATA!$P25,'M2'!$A:$C,Q$2,FALSE)),"NOT PRESENT",VLOOKUP(DATA!$P25,'M2'!$A:$C,Q$2,FALSE)),IF($M25=0,IF(ISERROR(VLOOKUP($P25,'M1'!$A:$C,Q$2,FALSE)),IF(ISERROR(VLOOKUP(DATA!$P25,'M2'!$A:$C,Q$2,FALSE)),"NOT PRESENT",VLOOKUP(DATA!$P25,'M2'!$A:$C,Q$2,FALSE)),VLOOKUP($P25,'M1'!$A:$C,Q$2,FALSE)),"SPECIFY METHOD"))) -> Mesocentrotus franciscanus | R25: =IF($M25=1,IF(ISERROR(VLOOKUP($P25,'M1'!$A:$C,R$2,FALSE)),"NOT PRESENT",VLOOKUP($P25,'M1'!$A:$C,R$2,FALSE)),IF($M25=2,IF(ISERROR(VLOOKUP(DATA!$P25,'M2'!$A:$C,R$2,FALSE)),"NOT PRESENT",VLOOKUP(DATA!$P25,'M2'!$A:$C,R$2,FALSE)),IF($M25=0,IF(ISERROR(VLOOKUP($P25,'M1'!$A:$C,R$2,FALSE)),IF(ISERROR(VLOOKUP(DATA!$P25,'M2'!$A:$C,R$2,FALSE)),"NOT PRESENT",VLOOKUP(DATA!$P25,'M2'!$A:$C,R$2,FALSE)),VLOOKUP($P25,'M1'!$A:$C,R$2,FALSE)),"SPECIFY METHOD"))) -> Red sea urchin | S25: =SUM(T25:AV25) -> 10 | T25: 0 | U25: 3 | V25: 5 | W25: 2
A26: =MAX($A$1:$A25)+1 -> 24 | B26: =IF(ISERROR(B25),IF(ISERROR(B24),IF(ISERROR(B23),"BLANK",B23),B24),B25) -> Em Lim | C26: =IF(ISERROR(C25),IF(ISERROR(C24),IF(ISERROR(C23),"BLANK",C23),C24),C25) -> Isabelle Cote | D26: =IF(ISERROR(D25),IF(ISERROR(D24),IF(ISERROR(D23),"BLANK",D23),D24),D25) -> BMSC8 | E26: =IF(ISERROR(VLOOKUP($D26,SITES!$A:$E,2,FALSE)),"",VLOOKUP($D26,SITES!$A:$E,2,FALSE)) -> Baeria Rocks North Island Northside | F26: =IF(ISERROR(VLOOKUP($D26,SITES!$A:$E,3,FALSE)),"",VLOOKUP($D26,SITES!$A:$E,3,FALSE)) -> 48.955082 | G26: =IF(ISERROR(VLOOKUP($D26,SITES!$A:$E,4,FALSE)),"",VLOOKUP($D26,SITES!$A:$E,4,FALSE)) -> -125.15337 | H26: =IF(ISERROR(H25),IF(ISERROR(H24),IF(ISERROR(H23),"BLANK",H23),H24),H25) -> 45404 | I26: =IF(ISERROR(I25),IF(ISERROR(I24),IF(ISERROR(I23),"BLANK",I23),I24),I25) -> 1.5 | J26: =IF(ISERROR(J25),IF(ISERROR(J24),IF(ISERROR(J23),"BLANK",J23),J24),J25) -> SE | K26: =IF(ISERROR(K25),IF(ISERROR(K24),IF(ISERROR(K23),"BLANK",K23),K24),K25) -> 0.425 | L26: =IF(ISERROR(L25),IF(ISERROR(L24),IF(ISERROR(L23),"BLANK",L23),L24),L25) -> 8.5 | M26: =IF(ISERROR(M25),IF(ISERROR(M24),IF(ISERROR(M23),"BLANK",M23),M24),M25) -> 2 | N26: =IF(ISERROR(N25),IF(ISERROR(N24),IF(ISERROR(N23),"BLANK",N23),N24),N25) -> 2 | O26: 24 | P26: poc | Q26: =IF($M26=1,IF(ISERROR(VLOOKUP($P26,'M1'!$A:$C,Q$2,FALSE)),"NOT PRESENT",VLOOKUP($P26,'M1'!$A:$C,Q$2,FALSE)),IF($M26=2,IF(ISERROR(VLOOKUP(DATA!$P26,'M2'!$A:$C,Q$2,FALSE)),"NOT PRESENT",VLOOKUP(DATA!$P26,'M2'!$A:$C,Q$2,FALSE)),IF($M26=0,IF(ISERROR(VLOOKUP($P26,'M1'!$A:$C,Q$2,FALSE)),IF(ISERROR(VLOOKUP(DATA!$P26,'M2'!$A:$C,Q$2,FALSE)),"NOT PRESENT",VLOOKUP(DATA!$P26,'M2'!$A:$C,Q$2,FALSE)),VLOOKUP($P26,'M1'!$A:$C,Q$2,FALSE)),"SPECIFY METHOD"))) -> Pisaster ochraceus | R26: =IF($M26=1,IF(ISERROR(VLOOKUP($P26,'M1'!$A:$C,R$2,FALSE)),"NOT PRESENT",VLOOKUP($P26,'M1'!$A:$C,R$2,FALSE)),IF($M26=2,IF(ISERROR(VLOOKUP(DATA!$P26,'M2'!$A:$C,R$2,FALSE)),"NOT PRESENT",VLOOKUP(DATA!$P26,'M2'!$A:$C,R$2,FALSE)),IF($M26=0,IF(ISERROR(VLOOKUP($P26,'M1'!$A:$C,R$2,FALSE)),IF(ISERROR(VLOOKUP(DATA!$P26,'M2'!$A:$C,R$2,FALSE)),"NOT PRESENT",VLOOKUP(DATA!$P26,'M2'!$A:$C,R$2,FALSE)),VLOOKUP($P26,'M1'!$A:$C,R$2,FALSE)),"SPECIFY METHOD"))) -> Purple sea star | S26: =SUM(T26:AV26) -> 2 | T26: 0 | AC26: 2
A27: =MAX($A$1:$A26)+1 -> 25 | B27: =IF(ISERROR(B26),IF(ISERROR(B25),IF(ISERROR(B24),"BLANK",B24),B25),B26) -> Em Lim | C27: =IF(ISERROR(C26),IF(ISERROR(C25),IF(ISERROR(C24),"BLANK",C24),C25),C26) -> Isabelle Cote | D27: =IF(ISERROR(D26),IF(ISERROR(D25),IF(ISERROR(D24),"BLANK",D24),D25),D26) -> BMSC8 | E27: =IF(ISERROR(VLOOKUP($D27,SITES!$A:$E,2,FALSE)),"",VLOOKUP($D27,SITES!$A:$E,2,FALSE)) -> Baeria Rocks North Island Northside | F27: =IF(ISERROR(VLOOKUP($D27,SITES!$A:$E,3,FALSE)),"",VLOOKUP($D27,SITES!$A:$E,3,FALSE)) -> 48.955082 | G27: =IF(ISERROR(VLOOKUP($D27,SITES!$A:$E,4,FALSE)),"",VLOOKUP($D27,SITES!$A:$E,4,FALSE)) -> -125.15337 | H27: =IF(ISERROR(H26),IF(ISERROR(H25),IF(ISERROR(H24),"BLANK",H24),H25),H26) -> 45404 | I27: =IF(ISERROR(I26),IF(ISERROR(I25),IF(ISERROR(I24),"BLANK",I24),I25),I26) -> 1.5 | J27: =IF(ISERROR(J26),IF(ISERROR(J25),IF(ISERROR(J24),"BLANK",J24),J25),J26) -> SE | K27: =IF(ISERROR(K26),IF(ISERROR(K25),IF(ISERROR(K24),"BLANK",K24),K25),K26) -> 0.425 | L27: =IF(ISERROR(L26),IF(ISERROR(L25),IF(ISERROR(L24),"BLANK",L24),L25),L26) -> 8.5 | M27: =IF(ISERROR(M26),IF(ISERROR(M25),IF(ISERROR(M24),"BLANK",M24),M25),M26) -> 2 | N27: =IF(ISERROR(N26),IF(ISERROR(N25),IF(ISERROR(N24),"BLANK",N24),N25),N26) -> 2 | O27: 8 | P27: mfra | Q27: =IF($M27=1,IF(ISERROR(VLOOKUP($P27,'M1'!$A:$C,Q$2,FALSE)),"NOT PRESENT",VLOOKUP($P27,'M1'!$A:$C,Q$2,FALSE)),IF($M27=2,IF(ISERROR(VLOOKUP(DATA!$P27,'M2'!$A:$C,Q$2,FALSE)),"NOT PRESENT",VLOOKUP(DATA!$P27,'M2'!$A:$C,Q$2,FALSE)),IF($M27=0,IF(ISERROR(VLOOKUP($P27,'M1'!$A:$C,Q$2,FALSE)),IF(ISERROR(VLOOKUP(DATA!$P27,'M2'!$A:$C,Q$2,FALSE)),"NOT PRESENT",VLOOKUP(DATA!$P27,'M2'!$A:$C,Q$2,FALSE)),VLOOKUP($P27,'M1'!$A:$C,Q$2,FALSE)),"SPECIFY METHOD"))) -> Mesocentrotus franciscanus | R27: =IF($M27=1,IF(ISERROR(VLOOKUP($P27,'M1'!$A:$C,R$2,FALSE)),"NOT PRESENT",VLOOKUP($P27,'M1'!$A:$C,R$2,FALSE)),IF($M27=2,IF(ISERROR(VLOOKUP(DATA!$P27,'M2'!$A:$C,R$2,FALSE)),"NOT PRESENT",VLOOKUP(DATA!$P27,'M2'!$A:$C,R$2,FALSE)),IF($M27=0,IF(ISERROR(VLOOKUP($P27,'M1'!$A:$C,R$2,FALSE)),IF(ISERROR(VLOOKUP(DATA!$P27,'M2'!$A:$C,R$2,FALSE)),"NOT PRESENT",VLOOKUP(DATA!$P27,'M2'!$A:$C,R$2,FALSE)),VLOOKUP($P27,'M1'!$A:$C,R$2,FALSE)),"SPECIFY METHOD"))) -> Red sea urchin | S27: =SUM(T27:AV27) -> 7 | T27: 0 | V27: 3 | W27: 4
A28: =MAX($A$1:$A27)+1 -> 26 | B28: =IF(ISERROR(B27),IF(ISERROR(B26),IF(ISERROR(B25),"BLANK",B25),B26),B27) -> Em Lim | C28: =IF(ISERROR(C27),IF(ISERROR(C26),IF(ISERROR(C25),"BLANK",C25),C26),C27) -> Isabelle Cote | D28: BMSC6 | E28: =IF(ISERROR(VLOOKUP($D28,SITES!$A:$E,2,FALSE)),"",VLOOKUP($D28,SITES!$A:$E,2,FALSE)) -> Baeria Rocks South Island | F28: =IF(ISERROR(VLOOKUP($D28,SITES!$A:$E,3,FALSE)),"",VLOOKUP($D28,SITES!$A:$E,3,FALSE)) -> 48.950233 | G28: =IF(ISERROR(VLOOKUP($D28,SITES!$A:$E,4,FALSE)),"",VLOOKUP($D28,SITES!$A:$E,4,FALSE)) -> -125.15555 | H28: =IF(ISERROR(H27),IF(ISERROR(H26),IF(ISERROR(H25),"BLANK",H25),H26),H27) -> 45404 | I28: =IF(ISERROR(I27),IF(ISERROR(I26),IF(ISERROR(I25),"BLANK",I25),I26),I27) -> 1.5 | J28: SW | K28: 0.53125 | L28: 11 | M28: =IF(ISERROR(M27),IF(ISERROR(M26),IF(ISERROR(M25),"BLANK",M25),M26),M27) -> 2 | N28: =IF(ISERROR(N27),IF(ISERROR(N26),IF(ISERROR(N25),"BLANK",N25),N26),N27) -> 2 | O28: 40 | P28: mfra | Q28: =IF($M28=1,IF(ISERROR(VLOOKUP($P28,'M1'!$A:$C,Q$2,FALSE)),"NOT PRESENT",VLOOKUP($P28,'M1'!$A:$C,Q$2,FALSE)),IF($M28=2,IF(ISERROR(VLOOKUP(DATA!$P28,'M2'!$A:$C,Q$2,FALSE)),"NOT PRESENT",VLOOKUP(DATA!$P28,'M2'!$A:$C,Q$2,FALSE)),IF($M28=0,IF(ISERROR(VLOOKUP($P28,'M1'!$A:$C,Q$2,FALSE)),IF(ISERROR(VLOOKUP(DATA!$P28,'M2'!$A:$C,Q$2,FALSE)),"NOT PRESENT",VLOOKUP(DATA!$P28,'M2'!$A:$C,Q$2,FALSE)),VLOOKUP($P28,'M1'!$A:$C,Q$2,FALSE)),"SPECIFY METHOD"))) -> Mesocentrotus franciscanus | R28: =IF($M28=1,IF(ISERROR(VLOOKUP($P28,'M1'!$A:$C,R$2,FALSE)),"NOT PRESENT",VLOOKUP($P28,'M1'!$A:$C,R$2,FALSE)),IF($M28=2,IF(ISERROR(VLOOKUP(DATA!$P28,'M2'!$A:$C,R$2,FALSE)),"NOT PRESENT",VLOOKUP(DATA!$P28,'M2'!$A:$C,R$2,FALSE)),IF($M28=0,IF(ISERROR(VLOOKUP($P28,'M1'!$A:$C,R$2,FALSE)),IF(ISERROR(VLOOKUP(DATA!$P28,'M2'!$A:$C,R$2,FALSE)),"NOT PRESENT",VLOOKUP(DATA!$P28,'M2'!$A:$C,R$2,FALSE)),VLOOKUP($P28,'M1'!$A:$C,R$2,FALSE)),"SPECIFY METHOD"))) -> Red sea urchin | S28: =SUM(T28:AV28) -> 5 | T28: 0 | U28: 3 | V28: 1 | W28: 1
A29: =MAX($A$1:$A28)+1 -> 27 | B29: =IF(ISERROR(B28),IF(ISERROR(B27),IF(ISERROR(B26),"BLANK",B26),B27),B28) -> Em Lim | C29: =IF(ISERROR(C28),IF(ISERROR(C27),IF(ISERROR(C26),"BLANK",C26),C27),C28) -> Isabelle Cote | D29: =IF(ISERROR(D28),IF(ISERROR(D27),IF(ISERROR(D26),"BLANK",D26),D27),D28) -> BMSC6 | E29: =IF(ISERROR(VLOOKUP($D29,SITES!$A:$E,2,FALSE)),"",VLOOKUP($D29,SITES!$A:$E,2,FALSE)) -> Baeria Rocks South Island | F29: =IF(ISERROR(VLOOKUP($D29,SITES!$A:$E,3,FALSE)),"",VLOOKUP($D29,SITES!$A:$E,3,FALSE)) -> 48.950233 | G29: =IF(ISERROR(VLOOKUP($D29,SITES!$A:$E,4,FALSE)),"",VLOOKUP($D29,SITES!$A:$E,4,FALSE)) -> -125.15555 | H29: =IF(ISERROR(H28),IF(ISERROR(H27),IF(ISERROR(H26),"BLANK",H26),H27),H28) -> 45404 | I29: =IF(ISERROR(I28),IF(ISERROR(I27),IF(ISERROR(I26),"BLANK",I26),I27),I28) -> 1.5 | J29: =IF(ISERROR(J28),IF(ISERROR(J27),IF(ISERROR(J26),"BLANK",J26),J27),J28) -> SW | K29: =IF(ISERROR(K28),IF(ISERROR(K27),IF(ISERROR(K26),"BLANK",K26),K27),K28) -> 0.53125 | L29: =IF(ISERROR(L28),IF(ISERROR(L27),IF(ISERROR(L26),"BLANK",L26),L27),L28) -> 11 | M29: =IF(ISERROR(M28),IF(ISERROR(M27),IF(ISERROR(M26),"BLANK",M26),M27),M28) -> 2 | N29: =IF(ISERROR(N28),IF(ISERROR(N27),IF(ISERROR(N26),"BLANK",N26),N27),N28) -> 2 | O29: 40 | P29: pmi | Q29: =IF($M29=1,IF(ISERROR(VLOOKUP($P29,'M1'!$A:$C,Q$2,FALSE)),"NOT PRESENT",VLOOKUP($P29,'M1'!$A:$C,Q$2,FALSE)),IF($M29=2,IF(ISERROR(VLOOKUP(DATA!$P29,'M2'!$A:$C,Q$2,FALSE)),"NOT PRESENT",VLOOKUP(DATA!$P29,'M2'!$A:$C,Q$2,FALSE)),IF($M29=0,IF(ISERROR(VLOOKUP($P29,'M1'!$A:$C,Q$2,FALSE)),IF(ISERROR(VLOOKUP(DATA!$P29,'M2'!$A:$C,Q$2,FALSE)),"NOT PRESENT",VLOOKUP(DATA!$P29,'M2'!$A:$C,Q$2,FALSE)),VLOOKUP($P29,'M1'!$A:$C,Q$2,FALSE)),"SPECIFY METHOD"))) -> Patiria miniata | R29: =IF($M29=1,IF(ISERROR(VLOOKUP($P29,'M1'!$A:$C,R$2,FALSE)),"NOT PRESENT",VLOOKUP($P29,'M1'!$A:$C,R$2,FALSE)),IF($M29=2,IF(ISERROR(VLOOKUP(DATA!$P29,'M2'!$A:$C,R$2,FALSE)),"NOT PRESENT",VLOOKUP(DATA!$P29,'M2'!$A:$C,R$2,FALSE)),IF($M29=0,IF(ISERROR(VLOOKUP($P29,'M1'!$A:$C,R$2,FALSE)),IF(ISERROR(VLOOKUP(DATA!$P29,'M2'!$A:$C,R$2,FALSE)),"NOT PRESENT",VLOOKUP(DATA!$P29,'M2'!$A:$C,R$2,FALSE)),VLOOKUP($P29,'M1'!$A:$C,R$2,FALSE)),"SPECIFY METHOD"))) -> Bat star | S29: =SUM(T29:AV29) -> 3 | T29: 0 | V29: 2 | W29: 1
A30: =MAX($A$1:$A29)+1 -> 28 | B30: =IF(ISERROR(B29),IF(ISERROR(B28),IF(ISERROR(B27),"BLANK",B27),B28),B29) -> Em Lim | C30: =IF(ISERROR(C29),IF(ISERROR(C28),IF(ISERROR(C27),"BLANK",C27),C28),C29) -> Isabelle Cote | D30: =IF(ISERROR(D29),IF(ISERROR(D28),IF(ISERROR(D27),"BLANK",D27),D28),D29) -> BMSC6 | E30: =IF(ISERROR(VLOOKUP($D30,SITES!$A:$E,2,FALSE)),"",VLOOKUP($D30,SITES!$A:$E,2,FALSE)) -> Baeria Rocks South Island | F30: =IF(ISERROR(VLOOKUP($D30,SITES!$A:$E,3,FALSE)),"",VLOOKUP($D30,SITES!$A:$E,3,FALSE)) -> 48.950233 | G30: =IF(ISERROR(VLOOKUP($D30,SITES!$A:$E,4,FALSE)),"",VLOOKUP($D30,SITES!$A:$E,4,FALSE)) -> -125.15555 | H30: =IF(ISERROR(H29),IF(ISERROR(H28),IF(ISERROR(H27),"BLANK",H27),H28),H29) -> 45404 | I30: =IF(ISERROR(I29),IF(ISERROR(I28),IF(ISERROR(I27),"BLANK",I27),I28),I29) -> 1.5 | J30: =IF(ISERROR(J29),IF(ISERROR(J28),IF(ISERROR(J27),"BLANK",J27),J28),J29) -> SW | K30: =IF(ISERROR(K29),IF(ISERROR(K28),IF(ISERROR(K27),"BLANK",K27),K28),K29) -> 0.53125 | L30: =IF(ISERROR(L29),IF(ISERROR(L28),IF(ISERROR(L27),"BLANK",L27),L28),L29) -> 11 | M30: =IF(ISERROR(M29),IF(ISERROR(M28),IF(ISERROR(M27),"BLANK",M27),M28),M29) -> 2 | N30: =IF(ISERROR(N29),IF(ISERROR(N28),IF(ISERROR(N27),"BLANK",N27),N28),N29) -> 2 | O30: 24 | P30: mfra | Q30: =IF($M30=1,IF(ISERROR(VLOOKUP($P30,'M1'!$A:$C,Q$2,FALSE)),"NOT PRESENT",VLOOKUP($P30,'M1'!$A:$C,Q$2,FALSE)),IF($M30=2,IF(ISERROR(VLOOKUP(DATA!$P30,'M2'!$A:$C,Q$2,FALSE)),"NOT PRESENT",VLOOKUP(DATA!$P30,'M2'!$A:$C,Q$2,FALSE)),IF($M30=0,IF(ISERROR(VLOOKUP($P30,'M1'!$A:$C,Q$2,FALSE)),IF(ISERROR(VLOOKUP(DATA!$P30,'M2'!$A:$C,Q$2,FALSE)),"NOT PRESENT",VLOOKUP(DATA!$P30,'M2'!$A:$C,Q$2,FALSE)),VLOOKUP($P30,'M1'!$A:$C,Q$2,FALSE)),"SPECIFY METHOD"))) -> Mesocentrotus franciscanus | R30: =IF($M30=1,IF(ISERROR(VLOOKUP($P30,'M1'!$A:$C,R$2,FALSE)),"NOT PRESENT",VLOOKUP($P30,'M1'!$A:$C,R$2,FALSE)),IF($M30=2,IF(ISERROR(VLOOKUP(DATA!$P30,'M2'!$A:$C,R$2,FALSE)),"NOT PRESENT",VLOOKUP(DATA!$P30,'M2'!$A:$C,R$2,FALSE)),IF($M30=0,IF(ISERROR(VLOOKUP($P30,'M1'!$A:$C,R$2,FALSE)),IF(ISERROR(VLOOKUP(DATA!$P30,'M2'!$A:$C,R$2,FALSE)),"NOT PRESENT",VLOOKUP(DATA!$P30,'M2'!$A:$C,R$2,FALSE)),VLOOKUP($P30,'M1'!$A:$C,R$2,FALSE)),"SPECIFY METHOD"))) -> Red sea urchin | S30: =SUM(T30:AV30) -> 8 | T30: 0 | U30: 1 | V30: 3 | W30: 3 | X30: 1
A31: =MAX($A$1:$A30)+1 -> 29 | B31: =IF(ISERROR(B30),IF(ISERROR(B29),IF(ISERROR(B28),"BLANK",B28),B29),B30) -> Em Lim | C31: =IF(ISERROR(C30),IF(ISERROR(C29),IF(ISERROR(C28),"BLANK",C28),C29),C30) -> Isabelle Cote | D31: =IF(ISERROR(D30),IF(ISERROR(D29),IF(ISERROR(D28),"BLANK",D28),D29),D30) -> BMSC6 | E31: =IF(ISERROR(VLOOKUP($D31,SITES!$A:$E,2,FALSE)),"",VLOOKUP($D31,SITES!$A:$E,2,FALSE)) -> Baeria Rocks South Island | F31: =IF(ISERROR(VLOOKUP($D31,SITES!$A:$E,3,FALSE)),"",VLOOKUP($D31,SITES!$A:$E,3,FALSE)) -> 48.950233 | G31: =IF(ISERROR(VLOOKUP($D31,SITES!$A:$E,4,FALSE)),"",VLOOKUP($D31,SITES!$A:$E,4,FALSE)) -> -125.15555 | H31: =IF(ISERROR(H30),IF(ISERROR(H29),IF(ISERROR(H28),"BLANK",H28),H29),H30) -> 45404 | I31: =IF(ISERROR(I30),IF(ISERROR(I29),IF(ISERROR(I28),"BLANK",I28),I29),I30) -> 1.5 | J31: =IF(ISERROR(J30),IF(ISERROR(J29),IF(ISERROR(J28),"BLANK",J28),J29),J30) -> SW | K31: =IF(ISERROR(K30),IF(ISERROR(K29),IF(ISERROR(K28),"BLANK",K28),K29),K30) -> 0.53125 | L31: =IF(ISERROR(L30),IF(ISERROR(L29),IF(ISERROR(L28),"BLANK",L28),L29),L30) -> 11 | M31: =IF(ISERROR(M30),IF(ISERROR(M29),IF(ISERROR(M28),"BLANK",M28),M29),M30) -> 2 | N31: =IF(ISERROR(N30),IF(ISERROR(N29),IF(ISERROR(N28),"BLANK",N28),N29),N30) -> 2 | O31: 24 | P31: pmi | Q31: =IF($M31=1,IF(ISERROR(VLOOKUP($P31,'M1'!$A:$C,Q$2,FALSE)),"NOT PRESENT",VLOOKUP($P31,'M1'!$A:$C,Q$2,FALSE)),IF($M31=2,IF(ISERROR(VLOOKUP(DATA!$P31,'M2'!$A:$C,Q$2,FALSE)),"NOT PRESENT",VLOOKUP(DATA!$P31,'M2'!$A:$C,Q$2,FALSE)),IF($M31=0,IF(ISERROR(VLOOKUP($P31,'M1'!$A:$C,Q$2,FALSE)),IF(ISERROR(VLOOKUP(DATA!$P31,'M2'!$A:$C,Q$2,FALSE)),"NOT PRESENT",VLOOKUP(DATA!$P31,'M2'!$A:$C,Q$2,FALSE)),VLOOKUP($P31,'M1'!$A:$C,Q$2,FALSE)),"SPECIFY METHOD"))) -> Patiria miniata | R31: =IF($M31=1,IF(ISERROR(VLOOKUP($P31,'M1'!$A:$C,R$2,FALSE)),"NOT PRESENT",VLOOKUP($P31,'M1'!$A:$C,R$2,FALSE)),IF($M31=2,IF(ISERROR(VLOOKUP(DATA!$P31,'M2'!$A:$C,R$2,FALSE)),"NOT PRESENT",VLOOKUP(DATA!$P31,'M2'!$A:$C,R$2,FALSE)),IF($M31=0,IF(ISERROR(VLOOKUP($P31,'M1'!$A:$C,R$2,FALSE)),IF(ISERROR(VLOOKUP(DATA!$P31,'M2'!$A:$C,R$2,FALSE)),"NOT PRESENT",VLOOKUP(DATA!$P31,'M2'!$A:$C,R$2,FALSE)),VLOOKUP($P31,'M1'!$A:$C,R$2,FALSE)),"SPECIFY METHOD"))) -> Bat star | S31: =SUM(T31:AV31) -> 3 | T31: 0 | W31: 2 | X31: 1
A32: =MAX($A$1:$A31)+1 -> 30 | B32: =IF(ISERROR(B31),IF(ISERROR(B30),IF(ISERROR(B29),"BLANK",B29),B30),B31) -> Em Lim | C32: =IF(ISERROR(C31),IF(ISERROR(C30),IF(ISERROR(C29),"BLANK",C29),C30),C31) -> Isabelle Cote | D32: =IF(ISERROR(D31),IF(ISERROR(D30),IF(ISERROR(D29),"BLANK",D29),D30),D31) -> BMSC6 | E32: =IF(ISERROR(VLOOKUP($D32,SITES!$A:$E,2,FALSE)),"",VLOOKUP($D32,SITES!$A:$E,2,FALSE)) -> Baeria Rocks South Island | F32: =IF(ISERROR(VLOOKUP($D32,SITES!$A:$E,3,FALSE)),"",VLOOKUP($D32,SITES!$A:$E,3,FALSE)) -> 48.950233 | G32: =IF(ISERROR(VLOOKUP($D32,SITES!$A:$E,4,FALSE)),"",VLOOKUP($D32,SITES!$A:$E,4,FALSE)) -> -125.15555 | H32: =IF(ISERROR(H31),IF(ISERROR(H30),IF(ISERROR(H29),"BLANK",H29),H30),H31) -> 45404 | I32: =IF(ISERROR(I31),IF(ISERROR(I30),IF(ISERROR(I29),"BLANK",I29),I30),I31) -> 1.5 | J32: =IF(ISERROR(J31),IF(ISERROR(J30),IF(ISERROR(J29),"BLANK",J29),J30),J31) -> SW | K32: =IF(ISERROR(K31),IF(ISERROR(K30),IF(ISERROR(K29),"BLANK",K29),K30),K31) -> 0.53125 | L32: =IF(ISERROR(L31),IF(ISERROR(L30),IF(ISERROR(L29),"BLANK",L29),L30),L31) -> 11 | M32: =IF(ISERROR(M31),IF(ISERROR(M30),IF(ISERROR(M29),"BLANK",M29),M30),M31) -> 2 | N32: =IF(ISERROR(N31),IF(ISERROR(N30),IF(ISERROR(N29),"BLANK",N29),N30),N31) -> 2 | O32: 8 | P32: mfra | Q32: =IF($M32=1,IF(ISERROR(VLOOKUP($P32,'M1'!$A:$C,Q$2,FALSE)),"NOT PRESENT",VLOOKUP($P32,'M1'!$A:$C,Q$2,FALSE)),IF($M32=2,IF(ISERROR(VLOOKUP(DATA!$P32,'M2'!$A:$C,Q$2,FALSE)),"NOT PRESENT",VLOOKUP(DATA!$P32,'M2'!$A:$C,Q$2,FALSE)),IF($M32=0,IF(ISERROR(VLOOKUP($P32,'M1'!$A:$C,Q$2,FALSE)),IF(ISERROR(VLOOKUP(DATA!$P32,'M2'!$A:$C,Q$2,FALSE)),"NOT PRESENT",VLOOKUP(DATA!$P32,'M2'!$A:$C,Q$2,FALSE)),VLOOKUP($P32,'M1'!$A:$C,Q$2,FALSE)),"SPECIFY METHOD"))) -> Mesocentrotus franciscanus | R32: =IF($M32=1,IF(ISERROR(VLOOKUP($P32,'M1'!$A:$C,R$2,FALSE)),"NOT PRESENT",VLOOKUP($P32,'M1'!$A:$C,R$2,FALSE)),IF($M32=2,IF(ISERROR(VLOOKUP(DATA!$P32,'M2'!$A:$C,R$2,FALSE)),"NOT PRESENT",VLOOKUP(DATA!$P32,'M2'!$A:$C,R$2,FALSE)),IF($M32=0,IF(ISERROR(VLOOKUP($P32,'M1'!$A:$C,R$2,FALSE)),IF(ISERROR(VLOOKUP(DATA!$P32,'M2'!$A:$C,R$2,FALSE)),"NOT PRESENT",VLOOKUP(DATA!$P32,'M2'!$A:$C,R$2,FALSE)),VLOOKUP($P32,'M1'!$A:$C,R$2,FALSE)),"SPECIFY METHOD"))) -> Red sea urchin | S32: =SUM(T32:AV32) -> 4 | T32: 0 | U32: 1 | V32: 2 | W32: 1
A33: =MAX($A$1:$A32)+1 -> 31 | B33: =IF(ISERROR(B32),IF(ISERROR(B31),IF(ISERROR(B30),"BLANK",B30),B31),B32) -> Em Lim | C33: =IF(ISERROR(C32),IF(ISERROR(C31),IF(ISERROR(C30),"BLANK",C30),C31),C32) -> Isabelle Cote | D33: =IF(ISERROR(D32),IF(ISERROR(D31),IF(ISERROR(D30),"BLANK",D30),D31),D32) -> BMSC6 | E33: =IF(ISERROR(VLOOKUP($D33,SITES!$A:$E,2,FALSE)),"",VLOOKUP($D33,SITES!$A:$E,2,FALSE)) -> Baeria Rocks South Island | F33: =IF(ISERROR(VLOOKUP($D33,SITES!$A:$E,3,FALSE)),"",VLOOKUP($D33,SITES!$A:$E,3,FALSE)) -> 48.950233 | G33: =IF(ISERROR(VLOOKUP($D33,SITES!$A:$E,4,FALSE)),"",VLOOKUP($D33,SITES!$A:$E,4,FALSE)) -> -125.15555 | H33: =IF(ISERROR(H32),IF(ISERROR(H31),IF(ISERROR(H30),"BLANK",H30),H31),H32) -> 45404 | I33: =IF(ISERROR(I32),IF(ISERROR(I31),IF(ISERROR(I30),"BLANK",I30),I31),I32) -> 1.5 | J33: =IF(ISERROR(J32),IF(ISERROR(J31),IF(ISERROR(J30),"BLANK",J30),J31),J32) -> SW | K33: =IF(ISERROR(K32),IF(ISERROR(K31),IF(ISERROR(K30),"BLANK",K30),K31),K32) -> 0.53125 | L33: =IF(ISERROR(L32),IF(ISERROR(L31),IF(ISERROR(L30),"BLANK",L30),L31),L32) -> 11 | M33: =IF(ISERROR(M32),IF(ISERROR(M31),IF(ISERROR(M30),"BLANK",M30),M31),M32) -> 2 | N33: =IF(ISERROR(N32),IF(ISERROR(N31),IF(ISERROR(N30),"BLANK",N30),N31),N32) -> 2 | O33: 8 | P33: pmi | Q33: =IF($M33=1,IF(ISERROR(VLOOKUP($P33,'M1'!$A:$C,Q$2,FALSE)),"NOT PRESENT",VLOOKUP($P33,'M1'!$A:$C,Q$2,FALSE)),IF($M33=2,IF(ISERROR(VLOOKUP(DATA!$P33,'M2'!$A:$C,Q$2,FALSE)),"NOT PRESENT",VLOOKUP(DATA!$P33,'M2'!$A:$C,Q$2,FALSE)),IF($M33=0,IF(ISERROR(VLOOKUP($P33,'M1'!$A:$C,Q$2,FALSE)),IF(ISERROR(VLOOKUP(DATA!$P33,'M2'!$A:$C,Q$2,FALSE)),"NOT PRESENT",VLOOKUP(DATA!$P33,'M2'!$A:$C,Q$2,FALSE)),VLOOKUP($P33,'M1'!$A:$C,Q$2,FALSE)),"SPECIFY METHOD"))) -> Patiria miniata | R33: =IF($M33=1,IF(ISERROR(VLOOKUP($P33,'M1'!$A:$C,R$2,FALSE)),"NOT PRESENT",VLOOKUP($P33,'M1'!$A:$C,R$2,FALSE)),IF($M33=2,IF(ISERROR(VLOOKUP(DATA!$P33,'M2'!$A:$C,R$2,FALSE)),"NOT PRESENT",VLOOKUP(DATA!$P33,'M2'!$A:$C,R$2,FALSE)),IF($M33=0,IF(ISERROR(VLOOKUP($P33,'M1'!$A:$C,R$2,FALSE)),IF(ISERROR(VLOOKUP(DATA!$P33,'M2'!$A:$C,R$2,FALSE)),"NOT PRESENT",VLOOKUP(DATA!$P33,'M2'!$A:$C,R$2,FALSE)),VLOOKUP($P33,'M1'!$A:$C,R$2,FALSE)),"SPECIFY METHOD"))) -> Bat star | S33: =SUM(T33:AV33) -> 1 | T33: 0 | V33: 1
A34: =MAX($A$1:$A33)+1 -> 32 | B34: =IF(ISERROR(B33),IF(ISERROR(B32),IF(ISERROR(B31),"BLANK",B31),B32),B33) -> Em Lim | C34: =IF(ISERROR(C33),IF(ISERROR(C32),IF(ISERROR(C31),"BLANK",C31),C32),C33) -> Isabelle Cote | D34: =IF(ISERROR(D33),IF(ISERROR(D32),IF(ISERROR(D31),"BLANK",D31),D32),D33) -> BMSC6 | E34: =IF(ISERROR(VLOOKUP($D34,SITES!$A:$E,2,FALSE)),"",VLOOKUP($D34,SITES!$A:$E,2,FALSE)) -> Baeria Rocks South Island | F34: =IF(ISERROR(VLOOKUP($D34,SITES!$A:$E,3,FALSE)),"",VLOOKUP($D34,SITES!$A:$E,3,FALSE)) -> 48.950233 | G34: =IF(ISERROR(VLOOKUP($D34,SITES!$A:$E,4,FALSE)),"",VLOOKUP($D34,SITES!$A:$E,4,FALSE)) -> -125.15555 | H34: =IF(ISERROR(H33),IF(ISERROR(H32),IF(ISERROR(H31),"BLANK",H31),H32),H33) -> 45404 | I34: =IF(ISERROR(I33),IF(ISERROR(I32),IF(ISERROR(I31),"BLANK",I31),I32),I33) -> 1.5 | J34: =IF(ISERROR(J33),IF(ISERROR(J32),IF(ISERROR(J31),"BLANK",J31),J32),J33) -> SW | K34: =IF(ISERROR(K33),IF(ISERROR(K32),IF(ISERROR(K31),"BLANK",K31),K32),K33) -> 0.53125 | L34: =IF(ISERROR(L33),IF(ISERROR(L32),IF(ISERROR(L31),"BLANK",L31),L32),L33) -> 11 | M34: =IF(ISERROR(M33),IF(ISERROR(M32),IF(ISERROR(M31),"BLANK",M31),M32),M33) -> 2 | N34: 1 | O34: 0 | P34: mfra | Q34: =IF($M34=1,IF(ISERROR(VLOOKUP($P34,'M1'!$A:$C,Q$2,FALSE)),"NOT PRESENT",VLOOKUP($P34,'M1'!$A:$C,Q$2,FALSE)),IF($M34=2,IF(ISERROR(VLOOKUP(DATA!$P34,'M2'!$A:$C,Q$2,FALSE)),"NOT PRESENT",VLOOKUP(DATA!$P34,'M2'!$A:$C,Q$2,FALSE)),IF($M34=0,IF(ISERROR(VLOOKUP($P34,'M1'!$A:$C,Q$2,FALSE)),IF(ISERROR(VLOOKUP(DATA!$P34,'M2'!$A:$C,Q$2,FALSE)),"NOT PRESENT",VLOOKUP(DATA!$P34,'M2'!$A:$C,Q$2,FALSE)),VLOOKUP($P34,'M1'!$A:$C,Q$2,FALSE)),"SPECIFY METHOD"))) -> Mesocentrotus franciscanus | R34: =IF($M34=1,IF(ISERROR(VLOOKUP($P34,'M1'!$A:$C,R$2,FALSE)),"NOT PRESENT",VLOOKUP($P34,'M1'!$A:$C,R$2,FALSE)),IF($M34=2,IF(ISERROR(VLOOKUP(DATA!$P34,'M2'!$A:$C,R$2,FALSE)),"NOT PRESENT",VLOOKUP(DATA!$P34,'M2'!$A:$C,R$2,FALSE)),IF($M34=0,IF(ISERROR(VLOOKUP($P34,'M1'!$A:$C,R$2,FALSE)),IF(ISERROR(VLOOKUP(DATA!$P34,'M2'!$A:$C,R$2,FALSE)),"NOT PRESENT",VLOOKUP(DATA!$P34,'M2'!$A:$C,R$2,FALSE)),VLOOKUP($P34,'M1'!$A:$C,R$2,FALSE)),"SPECIFY METHOD"))) -> Red sea urchin | S34: =SUM(T34:AV34) -> 8 | T34: 0 | U34: 2 | V34: 3 | W34: 2 | X34: 1
A35: =MAX($A$1:$A34)+1 -> 33 | B35: =IF(ISERROR(B34),IF(ISERROR(B33),IF(ISERROR(B32),"BLANK",B32),B33),B34) -> Em Lim | C35: =IF(ISERROR(C34),IF(ISERROR(C33),IF(ISERROR(C32),"BLANK",C32),C33),C34) -> Isabelle Cote | D35: =IF(ISERROR(D34),IF(ISERROR(D33),IF(ISERROR(D32),"BLANK",D32),D33),D34) -> BMSC6 | E35: =IF(ISERROR(VLOOKUP($D35,SITES!$A:$E,2,FALSE)),"",VLOOKUP($D35,SITES!$A:$E,2,FALSE)) -> Baeria Rocks South Island | F35: =IF(ISERROR(VLOOKUP($D35,SITES!$A:$E,3,FALSE)),"",VLOOKUP($D35,SITES!$A:$E,3,FALSE)) -> 48.950233 | G35: =IF(ISERROR(VLOOKUP($D35,SITES!$A:$E,4,FALSE)),"",VLOOKUP($D35,SITES!$A:$E,4,FALSE)) -> -125.15555 | H35: =IF(ISERROR(H34),IF(ISERROR(H33),IF(ISERROR(H32),"BLANK",H32),H33),H34) -> 45404 | I35: =IF(ISERROR(I34),IF(ISERROR(I33),IF(ISERROR(I32),"BLANK",I32),I33),I34) -> 1.5 | J35: =IF(ISERROR(J34),IF(ISERROR(J33),IF(ISERROR(J32),"BLANK",J32),J33),J34) -> SW | K35: =IF(ISERROR(K34),IF(ISERROR(K33),IF(ISERROR(K32),"BLANK",K32),K33),K34) -> 0.53125 | L35: =IF(ISERROR(L34),IF(ISERROR(L33),IF(ISERROR(L32),"BLANK",L32),L33),L34) -> 11 | M35: =IF(ISERROR(M34),IF(ISERROR(M33),IF(ISERROR(M32),"BLANK",M32),M33),M34) -> 2 | N35: =IF(ISERROR(N34),IF(ISERROR(N33),IF(ISERROR(N32),"BLANK",N32),N33),N34) -> 1 | O35: 0 | P35: pmi | Q35: =IF($M35=1,IF(ISERROR(VLOOKUP($P35,'M1'!$A:$C,Q$2,FALSE)),"NOT PRESENT",VLOOKUP($P35,'M1'!$A:$C,Q$2,FALSE)),IF($M35=2,IF(ISERROR(VLOOKUP(DATA!$P35,'M2'!$A:$C,Q$2,FALSE)),"NOT PRESENT",VLOOKUP(DATA!$P35,'M2'!$A:$C,Q$2,FALSE)),IF($M35=0,IF(ISERROR(VLOOKUP($P35,'M1'!$A:$C,Q$2,FALSE)),IF(ISERROR(VLOOKUP(DATA!$P35,'M2'!$A:$C,Q$2,FALSE)),"NOT PRESENT",VLOOKUP(DATA!$P35,'M2'!$A:$C,Q$2,FALSE)),VLOOKUP($P35,'M1'!$A:$C,Q$2,FALSE)),"SPECIFY METHOD"))) -> Patiria miniata | R35: =IF($M35=1,IF(ISERROR(VLOOKUP($P35,'M1'!$A:$C,R$2,FALSE)),"NOT PRESENT",VLOOKUP($P35,'M1'!$A:$C,R$2,FALSE)),IF($M35=2,IF(ISERROR(VLOOKUP(DATA!$P35,'M2'!$A:$C,R$2,FALSE)),"NOT PRESENT",VLOOKUP(DATA!$P35,'M2'!$A:$C,R$2,FALSE)),IF($M35=0,IF(ISERROR(VLOOKUP($P35,'M1'!$A:$C,R$2,FALSE)),IF(ISERROR(VLOOKUP(DATA!$P35,'M2'!$A:$C,R$2,FALSE)),"NOT PRESENT",VLOOKUP(DATA!$P35,'M2'!$A:$C,R$2,FALSE)),VLOOKUP($P35,'M1'!$A:$C,R$2,FALSE)),"SPECIFY METHOD"))) -> Bat star | S35: =SUM(T35:AV35) -> 1 | T35: 0 | V35: 1
A36: =MAX($A$1:$A35)+1 -> 34 | B36: Isabelle Cote | C36: Em Lim | D36: BMSC8 | E36: =IF(ISERROR(VLOOKUP($D36,SITES!$A:$E,2,FALSE)),"",VLOOKUP($D36,SITES!$A:$E,2,FALSE)) -> Baeria Rocks North Island Northside | F36: =IF(ISERROR(VLOOKUP($D36,SITES!$A:$E,3,FALSE)),"",VLOOKUP($D36,SITES!$A:$E,3,FALSE)) -> 48.955082 | G36: =IF(ISERROR(VLOOKUP($D36,SITES!$A:$E,4,FALSE)),"",VLOOKUP($D36,SITES!$A:$E,4,FALSE)) -> -125.15337 | H36: =IF(ISERROR(H35),IF(ISERROR(H34),IF(ISERROR(H33),"BLANK",H33),H34),H35) -> 45404 | I36: 1.5 | J36: SE | K36: 0.425 | L36: 8.5 | M36: 2 | N36: 1 | O36: 48 | P36: mfra | Q36: =IF($M36=1,IF(ISERROR(VLOOKUP($P36,'M1'!$A:$C,Q$2,FALSE)),"NOT PRESENT",VLOOKUP($P36,'M1'!$A:$C,Q$2,FALSE)),IF($M36=2,IF(ISERROR(VLOOKUP(DATA!$P36,'M2'!$A:$C,Q$2,FALSE)),"NOT PRESENT",VLOOKUP(DATA!$P36,'M2'!$A:$C,Q$2,FALSE)),IF($M36=0,IF(ISERROR(VLOOKUP($P36,'M1'!$A:$C,Q$2,FALSE)),IF(ISERROR(VLOOKUP(DATA!$P36,'M2'!$A:$C,Q$2,FALSE)),"NOT PRESENT",VLOOKUP(DATA!$P36,'M2'!$A:$C,Q$2,FALSE)),VLOOKUP($P36,'M1'!$A:$C,Q$2,FALSE)),"SPECIFY METHOD"))) -> Mesocentrotus franciscanus | R36: =IF($M36=1,IF(ISERROR(VLOOKUP($P36,'M1'!$A:$C,R$2,FALSE)),"NOT PRESENT",VLOOKUP($P36,'M1'!$A:$C,R$2,FALSE)),IF($M36=2,IF(ISERROR(VLOOKUP(DATA!$P36,'M2'!$A:$C,R$2,FALSE)),"NOT PRESENT",VLOOKUP(DATA!$P36,'M2'!$A:$C,R$2,FALSE)),IF($M36=0,IF(ISERROR(VLOOKUP($P36,'M1'!$A:$C,R$2,FALSE)),IF(ISERROR(VLOOKUP(DATA!$P36,'M2'!$A:$C,R$2,FALSE)),"NOT PRESENT",VLOOKUP(DATA!$P36,'M2'!$A:$C,R$2,FALSE)),VLOOKUP($P36,'M1'!$A:$C,R$2,FALSE)),"SPECIFY METHOD"))) -> Red sea urchin | S36: =SUM(T36:AV36) -> 7 | T36: 0 | V36: 1 | W36: 6
A37: =MAX($A$1:$A36)+1 -> 35 | B37: =IF(ISERROR(B36),IF(ISERROR(B35),IF(ISERROR(B34),"BLANK",B34),B35),B36) -> Isabelle Cote | C37: =IF(ISERROR(C36),IF(ISERROR(C35),IF(ISERROR(C34),"BLANK",C34),C35),C36) -> Em Lim | D37: =IF(ISERROR(D36),IF(ISERROR(D35),IF(ISERROR(D34),"BLANK",D34),D35),D36) -> BMSC8 | E37: =IF(ISERROR(VLOOKUP($D37,SITES!$A:$E,2,FALSE)),"",VLOOKUP($D37,SITES!$A:$E,2,FALSE)) -> Baeria Rocks North Island Northside | F37: =IF(ISERROR(VLOOKUP($D37,SITES!$A:$E,3,FALSE)),"",VLOOKUP($D37,SITES!$A:$E,3,FALSE)) -> 48.955082 | G37: =IF(ISERROR(VLOOKUP($D37,SITES!$A:$E,4,FALSE)),"",VLOOKUP($D37,SITES!$A:$E,4,FALSE)) -> -125.15337 | H37: =IF(ISERROR(H36),IF(ISERROR(H35),IF(ISERROR(H34),"BLANK",H34),H35),H36) -> 45404 | I37: =IF(ISERROR(I36),IF(ISERROR(I35),IF(ISERROR(I34),"BLANK",I34),I35),I36) -> 1.5 | J37: =IF(ISERROR(J36),IF(ISERROR(J35),IF(ISERROR(J34),"BLANK",J34),J35),J36) -> SE | K37: =IF(ISERROR(K36),IF(ISERROR(K35),IF(ISERROR(K34),"BLANK",K34),K35),K36) -> 0.425 | L37: =IF(ISERROR(L36),IF(ISERROR(L35),IF(ISERROR(L34),"BLANK",L34),L35),L36) -> 8.5 | M37: =IF(ISERROR(M36),IF(ISERROR(M35),IF(ISERROR(M34),"BLANK",M34),M35),M36) -> 2 | N37: =IF(ISERROR(N36),IF(ISERROR(N35),IF(ISERROR(N34),"BLANK",N34),N35),N36) -> 1 | O37: 32 | P37: =IF(ISERROR(P36),IF(ISERROR(P35),IF(ISERROR(P34),"BLANK",P34),P35),P36) -> mfra | Q37: =IF($M37=1,IF(ISERROR(VLOOKUP($P37,'M1'!$A:$C,Q$2,FALSE)),"NOT PRESENT",VLOOKUP($P37,'M1'!$A:$C,Q$2,FALSE)),IF($M37=2,IF(ISERROR(VLOOKUP(DATA!$P37,'M2'!$A:$C,Q$2,FALSE)),"NOT PRESENT",VLOOKUP(DATA!$P37,'M2'!$A:$C,Q$2,FALSE)),IF($M37=0,IF(ISERROR(VLOOKUP($P37,'M1'!$A:$C,Q$2,FALSE)),IF(ISERROR(VLOOKUP(DATA!$P37,'M2'!$A:$C,Q$2,FALSE)),"NOT PRESENT",VLOOKUP(DATA!$P37,'M2'!$A:$C,Q$2,FALSE)),VLOOKUP($P37,'M1'!$A:$C,Q$2,FALSE)),"SPECIFY METHOD"))) -> Mesocentrotus franciscanus | R37: =IF($M37=1,IF(ISERROR(VLOOKUP($P37,'M1'!$A:$C,R$2,FALSE)),"NOT PRESENT",VLOOKUP($P37,'M1'!$A:$C,R$2,FALSE)),IF($M37=2,IF(ISERROR(VLOOKUP(DATA!$P37,'M2'!$A:$C,R$2,FALSE)),"NOT PRESENT",VLOOKUP(DATA!$P37,'M2'!$A:$C,R$2,FALSE)),IF($M37=0,IF(ISERROR(VLOOKUP($P37,'M1'!$A:$C,R$2,FALSE)),IF(ISERROR(VLOOKUP(DATA!$P37,'M2'!$A:$C,R$2,FALSE)),"NOT PRESENT",VLOOKUP(DATA!$P37,'M2'!$A:$C,R$2,FALSE)),VLOOKUP($P37,'M1'!$A:$C,R$2,FALSE)),"SPECIFY METHOD"))) -> Red sea urchin | S37: =SUM(T37:AV37) -> 10 | T37: 0 | V37: 2 | W37: 7 | X37: 1
A38: =MAX($A$1:$A37)+1 -> 36 | B38: =IF(ISERROR(B37),IF(ISERROR(B36),IF(ISERROR(B35),"BLANK",B35),B36),B37) -> Isabelle Cote | C38: =IF(ISERROR(C37),IF(ISERROR(C36),IF(ISERROR(C35),"BLANK",C35),C36),C37) -> Em Lim | D38: =IF(ISERROR(D37),IF(ISERROR(D36),IF(ISERROR(D35),"BLANK",D35),D36),D37) -> BMSC8 | E38: =IF(ISERROR(VLOOKUP($D38,SITES!$A:$E,2,FALSE)),"",VLOOKUP($D38,SITES!$A:$E,2,FALSE)) -> Baeria Rocks North Island Northside | F38: =IF(ISERROR(VLOOKUP($D38,SITES!$A:$E,3,FALSE)),"",VLOOKUP($D38,SITES!$A:$E,3,FALSE)) -> 48.955082 | G38: =IF(ISERROR(VLOOKUP($D38,SITES!$A:$E,4,FALSE)),"",VLOOKUP($D38,SITES!$A:$E,4,FALSE)) -> -125.15337 | H38: =IF(ISERROR(H37),IF(ISERROR(H36),IF(ISERROR(H35),"BLANK",H35),H36),H37) -> 45404 | I38: =IF(ISERROR(I37),IF(ISERROR(I36),IF(ISERROR(I35),"BLANK",I35),I36),I37) -> 1.5 | J38: =IF(ISERROR(J37),IF(ISERROR(J36),IF(ISERROR(J35),"BLANK",J35),J36),J37) -> SE | K38: =IF(ISERROR(K37),IF(ISERROR(K36),IF(ISERROR(K35),"BLANK",K35),K36),K37) -> 0.425 | L38: =IF(ISERROR(L37),IF(ISERROR(L36),IF(ISERROR(L35),"BLANK",L35),L36),L37) -> 8.5 | M38: =IF(ISERROR(M37),IF(ISERROR(M36),IF(ISERROR(M35),"BLANK",M35),M36),M37) -> 2 | N38: =IF(ISERROR(N37),IF(ISERROR(N36),IF(ISERROR(N35),"BLANK",N35),N36),N37) -> 1 | O38: 32 | P38: poc | Q38: =IF($M38=1,IF(ISERROR(VLOOKUP($P38,'M1'!$A:$C,Q$2,FALSE)),"NOT PRESENT",VLOOKUP($P38,'M1'!$A:$C,Q$2,FALSE)),IF($M38=2,IF(ISERROR(VLOOKUP(DATA!$P38,'M2'!$A:$C,Q$2,FALSE)),"NOT PRESENT",VLOOKUP(DATA!$P38,'M2'!$A:$C,Q$2,FALSE)),IF($M38=0,IF(ISERROR(VLOOKUP($P38,'M1'!$A:$C,Q$2,FALSE)),IF(ISERROR(VLOOKUP(DATA!$P38,'M2'!$A:$C,Q$2,FALSE)),"NOT PRESENT",VLOOKUP(DATA!$P38,'M2'!$A:$C,Q$2,FALSE)),VLOOKUP($P38,'M1'!$A:$C,Q$2,FALSE)),"SPECIFY METHOD"))) -> Pisaster ochraceus | R38: =IF($M38=1,IF(ISERROR(VLOOKUP($P38,'M1'!$A:$C,R$2,FALSE)),"NOT PRESENT",VLOOKUP($P38,'M1'!$A:$C,R$2,FALSE)),IF($M38=2,IF(ISERROR(VLOOKUP(DATA!$P38,'M2'!$A:$C,R$2,FALSE)),"NOT PRESENT",VLOOKUP(DATA!$P38,'M2'!$A:$C,R$2,FALSE)),IF($M38=0,IF(ISERROR(VLOOKUP($P38,'M1'!$A:$C,R$2,FALSE)),IF(ISERROR(VLOOKUP(DATA!$P38,'M2'!$A:$C,R$2,FALSE)),"NOT PRESENT",VLOOKUP(DATA!$P38,'M2'!$A:$C,R$2,FALSE)),VLOOKUP($P38,'M1'!$A:$C,R$2,FALSE)),"SPECIFY METHOD"))) -> Purple sea star | S38: =SUM(T38:AV38) -> 1 | T38: 0 | AD38: 1
A39: =MAX($A$1:$A38)+1 -> 37 | B39: =IF(ISERROR(B38),IF(ISERROR(B37),IF(ISERROR(B36),"BLANK",B36),B37),B38) -> Isabelle Cote | C39: =IF(ISERROR(C38),IF(ISERROR(C37),IF(ISERROR(C36),"BLANK",C36),C37),C38) -> Em Lim | D39: =IF(ISERROR(D38),IF(ISERROR(D37),IF(ISERROR(D36),"BLANK",D36),D37),D38) -> BMSC8 | E39: =IF(ISERROR(VLOOKUP($D39,SITES!$A:$E,2,FALSE)),"",VLOOKUP($D39,SITES!$A:$E,2,FALSE)) -> Baeria Rocks North Island Northside | F39: =IF(ISERROR(VLOOKUP($D39,SITES!$A:$E,3,FALSE)),"",VLOOKUP($D39,SITES!$A:$E,3,FALSE)) -> 48.955082 | G39: =IF(ISERROR(VLOOKUP($D39,SITES!$A:$E,4,FALSE)),"",VLOOKUP($D39,SITES!$A:$E,4,FALSE)) -> -125.15337 | H39: =IF(ISERROR(H38),IF(ISERROR(H37),IF(ISERROR(H36),"BLANK",H36),H37),H38) -> 45404 | I39: =IF(ISERROR(I38),IF(ISERROR(I37),IF(ISERROR(I36),"BLANK",I36),I37),I38) -> 1.5 | J39: =IF(ISERROR(J38),IF(ISERROR(J37),IF(ISERROR(J36),"BLANK",J36),J37),J38) -> SE | K39: =IF(ISERROR(K38),IF(ISERROR(K37),IF(ISERROR(K36),"BLANK",K36),K37),K38) -> 0.425 | L39: =IF(ISERROR(L38),IF(ISERROR(L37),IF(ISERROR(L36),"BLANK",L36),L37),L38) -> 8.5 | M39: =IF(ISERROR(M38),IF(ISERROR(M37),IF(ISERROR(M36),"BLANK",M36),M37),M38) -> 2 | N39: =IF(ISERROR(N38),IF(ISERROR(N37),IF(ISERROR(N36),"BLANK",N36),N37),N38) -> 1 | O39: 32 | P39: pmi | Q39: =IF($M39=1,IF(ISERROR(VLOOKUP($P39,'M1'!$A:$C,Q$2,FALSE)),"NOT PRESENT",VLOOKUP($P39,'M1'!$A:$C,Q$2,FALSE)),IF($M39=2,IF(ISERROR(VLOOKUP(DATA!$P39,'M2'!$A:$C,Q$2,FALSE)),"NOT PRESENT",VLOOKUP(DATA!$P39,'M2'!$A:$C,Q$2,FALSE)),IF($M39=0,IF(ISERROR(VLOOKUP($P39,'M1'!$A:$C,Q$2,FALSE)),IF(ISERROR(VLOOKUP(DATA!$P39,'M2'!$A:$C,Q$2,FALSE)),"NOT PRESENT",VLOOKUP(DATA!$P39,'M2'!$A:$C,Q$2,FALSE)),VLOOKUP($P39,'M1'!$A:$C,Q$2,FALSE)),"SPECIFY METHOD"))) -> Patiria miniata | R39: =IF($M39=1,IF(ISERROR(VLOOKUP($P39,'M1'!$A:$C,R$2,FALSE)),"NOT PRESENT",VLOOKUP($P39,'M1'!$A:$C,R$2,FALSE)),IF($M39=2,IF(ISERROR(VLOOKUP(DATA!$P39,'M2'!$A:$C,R$2,FALSE)),"NOT PRESENT",VLOOKUP(DATA!$P39,'M2'!$A:$C,R$2,FALSE)),IF($M39=0,IF(ISERROR(VLOOKUP($P39,'M1'!$A:$C,R$2,FALSE)),IF(ISERROR(VLOOKUP(DATA!$P39,'M2'!$A:$C,R$2,FALSE)),"NOT PRESENT",VLOOKUP(DATA!$P39,'M2'!$A:$C,R$2,FALSE)),VLOOKUP($P39,'M1'!$A:$C,R$2,FALSE)),"SPECIFY METHOD"))) -> Bat star | S39: =SUM(T39:AV39) -> 3 | T39: 0 | W39: 3
A40: =MAX($A$1:$A39)+1 -> 38 | B40: =IF(ISERROR(B39),IF(ISERROR(B38),IF(ISERROR(B37),"BLANK",B37),B38),B39) -> Isabelle Cote | C40: =IF(ISERROR(C39),IF(ISERROR(C38),IF(ISERROR(C37),"BLANK",C37),C38),C39) -> Em Lim | D40: BMSC6 | E40: =IF(ISERROR(VLOOKUP($D40,SITES!$A:$E,2,FALSE)),"",VLOOKUP($D40,SITES!$A:$E,2,FALSE)) -> Baeria Rocks South Island | F40: =IF(ISERROR(VLOOKUP($D40,SITES!$A:$E,3,FALSE)),"",VLOOKUP($D40,SITES!$A:$E,3,FALSE)) -> 48.950233 | G40: =IF(ISERROR(VLOOKUP($D40,SITES!$A:$E,4,FALSE)),"",VLOOKUP($D40,SITES!$A:$E,4,FALSE)) -> -125.15555 | H40: =IF(ISERROR(H39),IF(ISERROR(H38),IF(ISERROR(H37),"BLANK",H37),H38),H39) -> 45404 | I40: =IF(ISERROR(I39),IF(ISERROR(I38),IF(ISERROR(I37),"BLANK",I37),I38),I39) -> 1.5 | J40: SW | K40: 0.53125 | L40: 11 | M40: =IF(ISERROR(M39),IF(ISERROR(M38),IF(ISERROR(M37),"BLANK",M37),M38),M39) -> 2 | N40: =IF(ISERROR(N39),IF(ISERROR(N38),IF(ISERROR(N37),"BLANK",N37),N38),N39) -> 1 | O40: 48 | P40: mfra | Q40: =IF($M40=1,IF(ISERROR(VLOOKUP($P40,'M1'!$A:$C,Q$2,FALSE)),"NOT PRESENT",VLOOKUP($P40,'M1'!$A:$C,Q$2,FALSE)),IF($M40=2,IF(ISERROR(VLOOKUP(DATA!$P40,'M2'!$A:$C,Q$2,FALSE)),"NOT PRESENT",VLOOKUP(DATA!$P40,'M2'!$A:$C,Q$2,FALSE)),IF($M40=0,IF(ISERROR(VLOOKUP($P40,'M1'!$A:$C,Q$2,FALSE)),IF(ISERROR(VLOOKUP(DATA!$P40,'M2'!$A:$C,Q$2,FALSE)),"NOT PRESENT",VLOOKUP(DATA!$P40,'M2'!$A:$C,Q$2,FALSE)),VLOOKUP($P40,'M1'!$A:$C,Q$2,FALSE)),"SPECIFY METHOD"))) -> Mesocentrotus franciscanus | R40: =IF($M40=1,IF(ISERROR(VLOOKUP($P40,'M1'!$A:$C,R$2,FALSE)),"NOT PRESENT",VLOOKUP($P40,'M1'!$A:$C,R$2,FALSE)),IF($M40=2,IF(ISERROR(VLOOKUP(DATA!$P40,'M2'!$A:$C,R$2,FALSE)),"NOT PRESENT",VLOOKUP(DATA!$P40,'M2'!$A:$C,R$2,FALSE)),IF($M40=0,IF(ISERROR(VLOOKUP($P40,'M1'!$A:$C,R$2,FALSE)),IF(ISERROR(VLOOKUP(DATA!$P40,'M2'!$A:$C,R$2,FALSE)),"NOT PRESENT",VLOOKUP(DATA!$P40,'M2'!$A:$C,R$2,FALSE)),VLOOKUP($P40,'M1'!$A:$C,R$2,FALSE)),"SPECIFY METHOD"))) -> Red sea urchin | S40: =SUM(T40:AV40) -> 5 | T40: 0 | V40: 2 | W40: 3
A41: =MAX($A$1:$A40)+1 -> 39 | B41: =IF(ISERROR(B40),IF(ISERROR(B39),IF(ISERROR(B38),"BLANK",B38),B39),B40) -> Isabelle Cote | C41: =IF(ISERROR(C40),IF(ISERROR(C39),IF(ISERROR(C38),"BLANK",C38),C39),C40) -> Em Lim | D41: =IF(ISERROR(D40),IF(ISERROR(D39),IF(ISERROR(D38),"BLANK",D38),D39),D40) -> BMSC6 | E41: =IF(ISERROR(VLOOKUP($D41,SITES!$A:$E,2,FALSE)),"",VLOOKUP($D41,SITES!$A:$E,2,FALSE)) -> Baeria Rocks South Island | F41: =IF(ISERROR(VLOOKUP($D41,SITES!$A:$E,3,FALSE)),"",VLOOKUP($D41,SITES!$A:$E,3,FALSE)) -> 48.950233 | G41: =IF(ISERROR(VLOOKUP($D41,SITES!$A:$E,4,FALSE)),"",VLOOKUP($D41,SITES!$A:$E,4,FALSE)) -> -125.15555 | H41: =IF(ISERROR(H40),IF(ISERROR(H39),IF(ISERROR(H38),"BLANK",H38),H39),H40) -> 45404 | I41: =IF(ISERROR(I40),IF(ISERROR(I39),IF(ISERROR(I38),"BLANK",I38),I39),I40) -> 1.5 | J41: =IF(ISERROR(J40),IF(ISERROR(J39),IF(ISERROR(J38),"BLANK",J38),J39),J40) -> SW | K41: =IF(ISERROR(K40),IF(ISERROR(K39),IF(ISERROR(K38),"BLANK",K38),K39),K40) -> 0.53125 | L41: =IF(ISERROR(L40),IF(ISERROR(L39),IF(ISERROR(L38),"BLANK",L38),L39),L40) -> 11 | M41: =IF(ISERROR(M40),IF(ISERROR(M39),IF(ISERROR(M38),"BLANK",M38),M39),M40) -> 2 | N41: =IF(ISERROR(N40),IF(ISERROR(N39),IF(ISERROR(N38),"BLANK",N38),N39),N40) -> 1 | O41: 48 | P41: oko | Q41: =IF($M41=1,IF(ISERROR(VLOOKUP($P41,'M1'!$A:$C,Q$2,FALSE)),"NOT PRESENT",VLOOKUP($P41,'M1'!$A:$C,Q$2,FALSE)),IF($M41=2,IF(ISERROR(VLOOKUP(DATA!$P41,'M2'!$A:$C,Q$2,FALSE)),"NOT PRESENT",VLOOKUP(DATA!$P41,'M2'!$A:$C,Q$2,FALSE)),IF($M41=0,IF(ISERROR(VLOOKUP($P41,'M1'!$A:$C,Q$2,FALSE)),IF(ISERROR(VLOOKUP(DATA!$P41,'M2'!$A:$C,Q$2,FALSE)),"NOT PRESENT",VLOOKUP(DATA!$P41,'M2'!$A:$C,Q$2,FALSE)),VLOOKUP($P41,'M1'!$A:$C,Q$2,FALSE)),"SPECIFY METHOD"))) -> Orthasterias koehleri | R41: =IF($M41=1,IF(ISERROR(VLOOKUP($P41,'M1'!$A:$C,R$2,FALSE)),"NOT PRESENT",VLOOKUP($P41,'M1'!$A:$C,R$2,FALSE)),IF($M41=2,IF(ISERROR(VLOOKUP(DATA!$P41,'M2'!$A:$C,R$2,FALSE)),"NOT PRESENT",VLOOKUP(DATA!$P41,'M2'!$A:$C,R$2,FALSE)),IF($M41=0,IF(ISERROR(VLOOKUP($P41,'M1'!$A:$C,R$2,FALSE)),IF(ISERROR(VLOOKUP(DATA!$P41,'M2'!$A:$C,R$2,FALSE)),"NOT PRESENT",VLOOKUP(DATA!$P41,'M2'!$A:$C,R$2,FALSE)),VLOOKUP($P41,'M1'!$A:$C,R$2,FALSE)),"SPECIFY METHOD"))) -> Rainbow star | S41: =SUM(T41:AV41) -> 1 | T41: 0 | X41: 1
A42: =MAX($A$1:$A41)+1 -> 40 | B42: =IF(ISERROR(B41),IF(ISERROR(B40),IF(ISERROR(B39),"BLANK",B39),B40),B41) -> Isabelle Cote | C42: =IF(ISERROR(C41),IF(ISERROR(C40),IF(ISERROR(C39),"BLANK",C39),C40),C41) -> Em Lim | D42: =IF(ISERROR(D41),IF(ISERROR(D40),IF(ISERROR(D39),"BLANK",D39),D40),D41) -> BMSC6 | E42: =IF(ISERROR(VLOOKUP($D42,SITES!$A:$E,2,FALSE)),"",VLOOKUP($D42,SITES!$A:$E,2,FALSE)) -> Baeria Rocks South Island | F42: =IF(ISERROR(VLOOKUP($D42,SITES!$A:$E,3,FALSE)),"",VLOOKUP($D42,SITES!$A:$E,3,FALSE)) -> 48.950233 | G42: =IF(ISERROR(VLOOKUP($D42,SITES!$A:$E,4,FALSE)),"",VLOOKUP($D42,SITES!$A:$E,4,FALSE)) -> -125.15555 | H42: =IF(ISERROR(H41),IF(ISERROR(H40),IF(ISERROR(H39),"BLANK",H39),H40),H41) -> 45404 | I42: =IF(ISERROR(I41),IF(ISERROR(I40),IF(ISERROR(I39),"BLANK",I39),I40),I41) -> 1.5 | J42: =IF(ISERROR(J41),IF(ISERROR(J40),IF(ISERROR(J39),"BLANK",J39),J40),J41) -> SW | K42: =IF(ISERROR(K41),IF(ISERROR(K40),IF(ISERROR(K39),"BLANK",K39),K40),K41) -> 0.53125 | L42: =IF(ISERROR(L41),IF(ISERROR(L40),IF(ISERROR(L39),"BLANK",L39),L40),L41) -> 11 | M42: =IF(ISERROR(M41),IF(ISERROR(M40),IF(ISERROR(M39),"BLANK",M39),M40),M41) -> 2 | N42: =IF(ISERROR(N41),IF(ISERROR(N40),IF(ISERROR(N39),"BLANK",N39),N40),N41) -> 1 | O42: 32 | P42: mfra | Q42: =IF($M42=1,IF(ISERROR(VLOOKUP($P42,'M1'!$A:$C,Q$2,FALSE)),"NOT PRESENT",VLOOKUP($P42,'M1'!$A:$C,Q$2,FALSE)),IF($M42=2,IF(ISERROR(VLOOKUP(DATA!$P42,'M2'!$A:$C,Q$2,FALSE)),"NOT PRESENT",VLOOKUP(DATA!$P42,'M2'!$A:$C,Q$2,FALSE)),IF($M42=0,IF(ISERROR(VLOOKUP($P42,'M1'!$A:$C,Q$2,FALSE)),IF(ISERROR(VLOOKUP(DATA!$P42,'M2'!$A:$C,Q$2,FALSE)),"NOT PRESENT",VLOOKUP(DATA!$P42,'M2'!$A:$C,Q$2,FALSE)),VLOOKUP($P42,'M1'!$A:$C,Q$2,FALSE)),"SPECIFY METHOD"))) -> Mesocentrotus franciscanus | R42: =IF($M42=1,IF(ISERROR(VLOOKUP($P42,'M1'!$A:$C,R$2,FALSE)),"NOT PRESENT",VLOOKUP($P42,'M1'!$A:$C,R$2,FALSE)),IF($M42=2,IF(ISERROR(VLOOKUP(DATA!$P42,'M2'!$A:$C,R$2,FALSE)),"NOT PRESENT",VLOOKUP(DATA!$P42,'M2'!$A:$C,R$2,FALSE)),IF($M42=0,IF(ISERROR(VLOOKUP($P42,'M1'!$A:$C,R$2,FALSE)),IF(ISERROR(VLOOKUP(DATA!$P42,'M2'!$A:$C,R$2,FALSE)),"NOT PRESENT",VLOOKUP(DATA!$P42,'M2'!$A:$C,R$2,FALSE)),VLOOKUP($P42,'M1'!$A:$C,R$2,FALSE)),"SPECIFY METHOD"))) -> Red sea urchin | S42: =SUM(T42:AV42) -> 9 | T42: 0 | U42: 1 | V42: 3 | W42: 5
A43: =MAX($A$1:$A42)+1 -> 41 | B43: =IF(ISERROR(B42),IF(ISERROR(B41),IF(ISERROR(B40),"BLANK",B40),B41),B42) -> Isabelle Cote | C43: =IF(ISERROR(C42),IF(ISERROR(C41),IF(ISERROR(C40),"BLANK",C40),C41),C42) -> Em Lim | D43: =IF(ISERROR(D42),IF(ISERROR(D41),IF(ISERROR(D40),"BLANK",D40),D41),D42) -> BMSC6 | E43: =IF(ISERROR(VLOOKUP($D43,SITES!$A:$E,2,FALSE)),"",VLOOKUP($D43,SITES!$A:$E,2,FALSE)) -> Baeria Rocks South Island | F43: =IF(ISERROR(VLOOKUP($D43,SITES!$A:$E,3,FALSE)),"",VLOOKUP($D43,SITES!$A:$E,3,FALSE)) -> 48.950233 | G43: =IF(ISERROR(VLOOKUP($D43,SITES!$A:$E,4,FALSE)),"",VLOOKUP($D43,SITES!$A:$E,4,FALSE)) -> -125.15555 | H43: =IF(ISERROR(H42),IF(ISERROR(H41),IF(ISERROR(H40),"BLANK",H40),H41),H42) -> 45404 | I43: =IF(ISERROR(I42),IF(ISERROR(I41),IF(ISERROR(I40),"BLANK",I40),I41),I42) -> 1.5 | J43: =IF(ISERROR(J42),IF(ISERROR(J41),IF(ISERROR(J40),"BLANK",J40),J41),J42) -> SW | K43: =IF(ISERROR(K42),IF(ISERROR(K41),IF(ISERROR(K40),"BLANK",K40),K41),K42) -> 0.53125 | L43: =IF(ISERROR(L42),IF(ISERROR(L41),IF(ISERROR(L40),"BLANK",L40),L41),L42) -> 11 | M43: =IF(ISERROR(M42),IF(ISERROR(M41),IF(ISERROR(M40),"BLANK",M40),M41),M42) -> 2 | N43: =IF(ISERROR(N42),IF(ISERROR(N41),IF(ISERROR(N40),"BLANK",N40),N41),N42) -> 1 | O43: 32 | P43: pmi | Q43: =IF($M43=1,IF(ISERROR(VLOOKUP($P43,'M1'!$A:$C,Q$2,FALSE)),"NOT PRESENT",VLOOKUP($P43,'M1'!$A:$C,Q$2,FALSE)),IF($M43=2,IF(ISERROR(VLOOKUP(DATA!$P43,'M2'!$A:$C,Q$2,FALSE)),"NOT PRESENT",VLOOKUP(DATA!$P43,'M2'!$A:$C,Q$2,FALSE)),IF($M43=0,IF(ISERROR(VLOOKUP($P43,'M1'!$A:$C,Q$2,FALSE)),IF(ISERROR(VLOOKUP(DATA!$P43,'M2'!$A:$C,Q$2,FALSE)),"NOT PRESENT",VLOOKUP(DATA!$P43,'M2'!$A:$C,Q$2,FALSE)),VLOOKUP($P43,'M1'!$A:$C,Q$2,FALSE)),"SPECIFY METHOD"))) -> Patiria miniata | R43: =IF($M43=1,IF(ISERROR(VLOOKUP($P43,'M1'!$A:$C,R$2,FALSE)),"NOT PRESENT",VLOOKUP($P43,'M1'!$A:$C,R$2,FALSE)),IF($M43=2,IF(ISERROR(VLOOKUP(DATA!$P43,'M2'!$A:$C,R$2,FALSE)),"NOT PRESENT",VLOOKUP(DATA!$P43,'M2'!$A:$C,R$2,FALSE)),IF($M43=0,IF(ISERROR(VLOOKUP($P43,'M1'!$A:$C,R$2,FALSE)),IF(ISERROR(VLOOKUP(DATA!$P43,'M2'!$A:$C,R$2,FALSE)),"NOT PRESENT",VLOOKUP(DATA!$P43,'M2'!$A:$C,R$2,FALSE)),VLOOKUP($P43,'M1'!$A:$C,R$2,FALSE)),"SPECIFY METHOD"))) -> Bat star | S43: =SUM(T43:AV43) -> 3 | T43: 0 | V43: 2 | X43: 1
A44: =MAX($A$1:$A43)+1 -> 42 | B44: =IF(ISERROR(B43),IF(ISERROR(B42),IF(ISERROR(B41),"BLANK",B41),B42),B43) -> Isabelle Cote | C44: =IF(ISERROR(C43),IF(ISERROR(C42),IF(ISERROR(C41),"BLANK",C41),C42),C43) -> Em Lim | D44: =IF(ISERROR(D43),IF(ISERROR(D42),IF(ISERROR(D41),"BLANK",D41),D42),D43) -> BMSC6 | E44: =IF(ISERROR(VLOOKUP($D44,SITES!$A:$E,2,FALSE)),"",VLOOKUP($D44,SITES!$A:$E,2,FALSE)) -> Baeria Rocks South Island | F44: =IF(ISERROR(VLOOKUP($D44,SITES!$A:$E,3,FALSE)),"",VLOOKUP($D44,SITES!$A:$E,3,FALSE)) -> 48.950233 | G44: =IF(ISERROR(VLOOKUP($D44,SITES!$A:$E,4,FALSE)),"",VLOOKUP($D44,SITES!$A:$E,4,FALSE)) -> -125.15555 | H44: =IF(ISERROR(H43),IF(ISERROR(H42),IF(ISERROR(H41),"BLANK",H41),H42),H43) -> 45404 | I44: =IF(ISERROR(I43),IF(ISERROR(I42),IF(ISERROR(I41),"BLANK",I41),I42),I43) -> 1.5 | J44: =IF(ISERROR(J43),IF(ISERROR(J42),IF(ISERROR(J41),"BLANK",J41),J42),J43) -> SW | K44: =IF(ISERROR(K43),IF(ISERROR(K42),IF(ISERROR(K41),"BLANK",K41),K42),K43) -> 0.53125 | L44: =IF(ISERROR(L43),IF(ISERROR(L42),IF(ISERROR(L41),"BLANK",L41),L42),L43) -> 11 | M44: =IF(ISERROR(M43),IF(ISERROR(M42),IF(ISERROR(M41),"BLANK",M41),M42),M43) -> 2 | N44: =IF(ISERROR(N43),IF(ISERROR(N42),IF(ISERROR(N41),"BLANK",N41),N42),N43) -> 1 | O44: 16 | P44: mfra | Q44: =IF($M44=1,IF(ISERROR(VLOOKUP($P44,'M1'!$A:$C,Q$2,FALSE)),"NOT PRESENT",VLOOKUP($P44,'M1'!$A:$C,Q$2,FALSE)),IF($M44=2,IF(ISERROR(VLOOKUP(DATA!$P44,'M2'!$A:$C,Q$2,FALSE)),"NOT PRESENT",VLOOKUP(DATA!$P44,'M2'!$A:$C,Q$2,FALSE)),IF($M44=0,IF(ISERROR(VLOOKUP($P44,'M1'!$A:$C,Q$2,FALSE)),IF(ISERROR(VLOOKUP(DATA!$P44,'M2'!$A:$C,Q$2,FALSE)),"NOT PRESENT",VLOOKUP(DATA!$P44,'M2'!$A:$C,Q$2,FALSE)),VLOOKUP($P44,'M1'!$A:$C,Q$2,FALSE)),"SPECIFY METHOD"))) -> Mesocentrotus franciscanus | R44: =IF($M44=1,IF(ISERROR(VLOOKUP($P44,'M1'!$A:$C,R$2,FALSE)),"NOT PRESENT",VLOOKUP($P44,'M1'!$A:$C,R$2,FALSE)),IF($M44=2,IF(ISERROR(VLOOKUP(DATA!$P44,'M2'!$A:$C,R$2,FALSE)),"NOT PRESENT",VLOOKUP(DATA!$P44,'M2'!$A:$C,R$2,FALSE)),IF($M44=0,IF(ISERROR(VLOOKUP($P44,'M1'!$A:$C,R$2,FALSE)),IF(ISERROR(VLOOKUP(DATA!$P44,'M2'!$A:$C,R$2,FALSE)),"NOT PRESENT",VLOOKUP(DATA!$P44,'M2'!$A:$C,R$2,FALSE)),VLOOKUP($P44,'M1'!$A:$C,R$2,FALSE)),"SPECIFY METHOD"))) -> Red sea urchin | S44: =SUM(T44:AV44) -> 2 | T44: 0 | U44: 1 | V44: 1
A45: =MAX($A$1:$A44)+1 -> 43 | B45: =IF(ISERROR(B44),IF(ISERROR(B43),IF(ISERROR(B42),"BLANK",B42),B43),B44) -> Isabelle Cote | C45: =IF(ISERROR(C44),IF(ISERROR(C43),IF(ISERROR(C42),"BLANK",C42),C43),C44) -> Em Lim | D45: BMSC5 | E45: =IF(ISERROR(VLOOKUP($D45,SITES!$A:$E,2,FALSE)),"",VLOOKUP($D45,SITES!$A:$E,2,FALSE)) -> Taylor Rock | F45: =IF(ISERROR(VLOOKUP($D45,SITES!$A:$E,3,FALSE)),"",VLOOKUP($D45,SITES!$A:$E,3,FALSE)) -> 48.827332 | G45: =IF(ISERROR(VLOOKUP($D45,SITES!$A:$E,4,FALSE)),"",VLOOKUP($D45,SITES!$A:$E,4,FALSE)) -> -125.1966 | H45: 4/23/2024 | I45: =IF(ISERROR(I44),IF(ISERROR(I43),IF(ISERROR(I42),"BLANK",I42),I43),I44) -> 1.5 | J45: E | K45: 0.40972222 | L45: 6.5 | M45: =IF(ISERROR(M44),IF(ISERROR(M43),IF(ISERROR(M42),"BLANK",M42),M43),M44) -> 2 | N45: =IF(ISERROR(N44),IF(ISERROR(N43),IF(ISERROR(N42),"BLANK",N42),N43),N44) -> 1 | O45: 48 | P45: =IF(ISERROR(P44),IF(ISERROR(P43),IF(ISERROR(P42),"BLANK",P42),P43),P44) -> mfra | Q45: =IF($M45=1,IF(ISERROR(VLOOKUP($P45,'M1'!$A:$C,Q$2,FALSE)),"NOT PRESENT",VLOOKUP($P45,'M1'!$A:$C,Q$2,FALSE)),IF($M45=2,IF(ISERROR(VLOOKUP(DATA!$P45,'M2'!$A:$C,Q$2,FALSE)),"NOT PRESENT",VLOOKUP(DATA!$P45,'M2'!$A:$C,Q$2,FALSE)),IF($M45=0,IF(ISERROR(VLOOKUP($P45,'M1'!$A:$C,Q$2,FALSE)),IF(ISERROR(VLOOKUP(DATA!$P45,'M2'!$A:$C,Q$2,FALSE)),"NOT PRESENT",VLOOKUP(DATA!$P45,'M2'!$A:$C,Q$2,FALSE)),VLOOKUP($P45,'M1'!$A:$C,Q$2,FALSE)),"SPECIFY METHOD"))) -> Mesocentrotus franciscanus | R45: =IF($M45=1,IF(ISERROR(VLOOKUP($P45,'M1'!$A:$C,R$2,FALSE)),"NOT PRESENT",VLOOKUP($P45,'M1'!$A:$C,R$2,FALSE)),IF($M45=2,IF(ISERROR(VLOOKUP(DATA!$P45,'M2'!$A:$C,R$2,FALSE)),"NOT PRESENT",VLOOKUP(DATA!$P45,'M2'!$A:$C,R$2,FALSE)),IF($M45=0,IF(ISERROR(VLOOKUP($P45,'M1'!$A:$C,R$2,FALSE)),IF(ISERROR(VLOOKUP(DATA!$P45,'M2'!$A:$C,R$2,FALSE)),"NOT PRESENT",VLOOKUP(DATA!$P45,'M2'!$A:$C,R$2,FALSE)),VLOOKUP($P45,'M1'!$A:$C,R$2,FALSE)),"SPECIFY METHOD"))) -> Red sea urchin | S45: =SUM(T45:AV45) -> 10 | T45: 0 | V45: 1 | W45: 2 | X45: 7
A46: =MAX($A$1:$A45)+1 -> 44 | B46: =IF(ISERROR(B45),IF(ISERROR(B44),IF(ISERROR(B43),"BLANK",B43),B44),B45) -> Isabelle Cote | C46: =IF(ISERROR(C45),IF(ISERROR(C44),IF(ISERROR(C43),"BLANK",C43),C44),C45) -> Em Lim | D46: =IF(ISERROR(D45),IF(ISERROR(D44),IF(ISERROR(D43),"BLANK",D43),D44),D45) -> BMSC5 | E46: =IF(ISERROR(VLOOKUP($D46,SITES!$A:$E,2,FALSE)),"",VLOOKUP($D46,SITES!$A:$E,2,FALSE)) -> Taylor Rock | F46: =IF(ISERROR(VLOOKUP($D46,SITES!$A:$E,3,FALSE)),"",VLOOKUP($D46,SITES!$A:$E,3,FALSE)) -> 48.827332 | G46: =IF(ISERROR(VLOOKUP($D46,SITES!$A:$E,4,FALSE)),"",VLOOKUP($D46,SITES!$A:$E,4,FALSE)) -> -125.1966 | H46: =IF(ISERROR(H45),IF(ISERROR(H44),IF(ISERROR(H43),"BLANK",H43),H44),H45) -> 4/23/2024 | I46: =IF(ISERROR(I45),IF(ISERROR(I44),IF(ISERROR(I43),"BLANK",I43),I44),I45) -> 1.5 | J46: =IF(ISERROR(J45),IF(ISERROR(J44),IF(ISERROR(J43),"BLANK",J43),J44),J45) -> E | K46: =IF(ISERROR(K45),IF(ISERROR(K44),IF(ISERROR(K43),"BLANK",K43),K44),K45) -> 0.40972222 | L46: =IF(ISERROR(L45),IF(ISERROR(L44),IF(ISERROR(L43),"BLANK",L43),L44),L45) -> 6.5 | M46: =IF(ISERROR(M45),IF(ISERROR(M44),IF(ISERROR(M43),"BLANK",M43),M44),M45) -> 2 | N46: =IF(ISERROR(N45),IF(ISERROR(N44),IF(ISERROR(N43),"BLANK",N43),N44),N45) -> 1 | O46: 32 | P46: =IF(ISERROR(P45),IF(ISERROR(P44),IF(ISERROR(P43),"BLANK",P43),P44),P45) -> mfra | Q46: =IF($M46=1,IF(ISERROR(VLOOKUP($P46,'M1'!$A:$C,Q$2,FALSE)),"NOT PRESENT",VLOOKUP($P46,'M1'!$A:$C,Q$2,FALSE)),IF($M46=2,IF(ISERROR(VLOOKUP(DATA!$P46,'M2'!$A:$C,Q$2,FALSE)),"NOT PRESENT",VLOOKUP(DATA!$P46,'M2'!$A:$C,Q$2,FALSE)),IF($M46=0,IF(ISERROR(VLOOKUP($P46,'M1'!$A:$C,Q$2,FALSE)),IF(ISERROR(VLOOKUP(DATA!$P46,'M2'!$A:$C,Q$2,FALSE)),"NOT PRESENT",VLOOKUP(DATA!$P46,'M2'!$A:$C,Q$2,FALSE)),VLOOKUP($P46,'M1'!$A:$C,Q$2,FALSE)),"SPECIFY METHOD"))) -> Mesocentrotus franciscanus | R46: =IF($M46=1,IF(ISERROR(VLOOKUP($P46,'M1'!$A:$C,R$2,FALSE)),"NOT PRESENT",VLOOKUP($P46,'M1'!$A:$C,R$2,FALSE)),IF($M46=2,IF(ISERROR(VLOOKUP(DATA!$P46,'M2'!$A:$C,R$2,FALSE)),"NOT PRESENT",VLOOKUP(DATA!$P46,'M2'!$A:$C,R$2,FALSE)),IF($M46=0,IF(ISERROR(VLOOKUP($P46,'M1'!$A:$C,R$2,FALSE)),IF(ISERROR(VLOOKUP(DATA!$P46,'M2'!$A:$C,R$2,FALSE)),"NOT PRESENT",VLOOKUP(DATA!$P46,'M2'!$A:$C,R$2,FALSE)),VLOOKUP($P46,'M1'!$A:$C,R$2,FALSE)),"SPECIFY METHOD"))) -> Red sea urchin | S46: =SUM(T46:AV46) -> 13 | T46: 0 | V46: 5 | W46: 4 | X46: 2 | Y46: 2
A47: =MAX($A$1:$A46)+1 -> 45 | B47: =IF(ISERROR(B46),IF(ISERROR(B45),IF(ISERROR(B44),"BLANK",B44),B45),B46) -> Isabelle Cote | C47: =IF(ISERROR(C46),IF(ISERROR(C45),IF(ISERROR(C44),"BLANK",C44),C45),C46) -> Em Lim | D47: =IF(ISERROR(D46),IF(ISERROR(D45),IF(ISERROR(D44),"BLANK",D44),D45),D46) -> BMSC5 | E47: =IF(ISERROR(VLOOKUP($D47,SITES!$A:$E,2,FALSE)),"",VLOOKUP($D47,SITES!$A:$E,2,FALSE)) -> Taylor Rock | F47: =IF(ISERROR(VLOOKUP($D47,SITES!$A:$E,3,FALSE)),"",VLOOKUP($D47,SITES!$A:$E,3,FALSE)) -> 48.827332 | G47: =IF(ISERROR(VLOOKUP($D47,SITES!$A:$E,4,FALSE)),"",VLOOKUP($D47,SITES!$A:$E,4,FALSE)) -> -125.1966 | H47: =IF(ISERROR(H46),IF(ISERROR(H45),IF(ISERROR(H44),"BLANK",H44),H45),H46) -> 4/23/2024 | I47: =IF(ISERROR(I46),IF(ISERROR(I45),IF(ISERROR(I44),"BLANK",I44),I45),I46) -> 1.5 | J47: =IF(ISERROR(J46),IF(ISERROR(J45),IF(ISERROR(J44),"BLANK",J44),J45),J46) -> E | K47: =IF(ISERROR(K46),IF(ISERROR(K45),IF(ISERROR(K44),"BLANK",K44),K45),K46) -> 0.40972222 | L47: =IF(ISERROR(L46),IF(ISERROR(L45),IF(ISERROR(L44),"BLANK",L44),L45),L46) -> 6.5 | M47: =IF(ISERROR(M46),IF(ISERROR(M45),IF(ISERROR(M44),"BLANK",M44),M45),M46) -> 2 | N47: =IF(ISERROR(N46),IF(ISERROR(N45),IF(ISERROR(N44),"BLANK",N44),N45),N46) -> 1 | O47: 32 | P47: dim | Q47: =IF($M47=1,IF(ISERROR(VLOOKUP($P47,'M1'!$A:$C,Q$2,FALSE)),"NOT PRESENT",VLOOKUP($P47,'M1'!$A:$C,Q$2,FALSE)),IF($M47=2,IF(ISERROR(VLOOKUP(DATA!$P47,'M2'!$A:$C,Q$2,FALSE)),"NOT PRESENT",VLOOKUP(DATA!$P47,'M2'!$A:$C,Q$2,FALSE)),IF($M47=0,IF(ISERROR(VLOOKUP($P47,'M1'!$A:$C,Q$2,FALSE)),IF(ISERROR(VLOOKUP(DATA!$P47,'M2'!$A:$C,Q$2,FALSE)),"NOT PRESENT",VLOOKUP(DATA!$P47,'M2'!$A:$C,Q$2,FALSE)),VLOOKUP($P47,'M1'!$A:$C,Q$2,FALSE)),"SPECIFY METHOD"))) -> Dermasterias imbricata | R47: =IF($M47=1,IF(ISERROR(VLOOKUP($P47,'M1'!$A:$C,R$2,FALSE)),"NOT PRESENT",VLOOKUP($P47,'M1'!$A:$C,R$2,FALSE)),IF($M47=2,IF(ISERROR(VLOOKUP(DATA!$P47,'M2'!$A:$C,R$2,FALSE)),"NOT PRESENT",VLOOKUP(DATA!$P47,'M2'!$A:$C,R$2,FALSE)),IF($M47=0,IF(ISERROR(VLOOKUP($P47,'M1'!$A:$C,R$2,FALSE)),IF(ISERROR(VLOOKUP(DATA!$P47,'M2'!$A:$C,R$2,FALSE)),"NOT PRESENT",VLOOKUP(DATA!$P47,'M2'!$A:$C,R$2,FALSE)),VLOOKUP($P47,'M1'!$A:$C,R$2,FALSE)),"SPECIFY METHOD"))) -> Leather star | S47: =SUM(T47:AV47) -> 1 | T47: 0 | Z47: 1
A48: =MAX($A$1:$A47)+1 -> 46 | B48: Jasmin Schuster | C48: Tom Bird | D48: =IF(ISERROR(D47),IF(ISERROR(D46),IF(ISERROR(D45),"BLANK",D45),D46),D47) -> BMSC5 | E48: =IF(ISERROR(VLOOKUP($D48,SITES!$A:$E,2,FALSE)),"",VLOOKUP($D48,SITES!$A:$E,2,FALSE)) -> Taylor Rock | F48: =IF(ISERROR(VLOOKUP($D48,SITES!$A:$E,3,FALSE)),"",VLOOKUP($D48,SITES!$A:$E,3,FALSE)) -> 48.827332 | G48: =IF(ISERROR(VLOOKUP($D48,SITES!$A:$E,4,FALSE)),"",VLOOKUP($D48,SITES!$A:$E,4,FALSE)) -> -125.1966 | H48: =IF(ISERROR(H47),IF(ISERROR(H46),IF(ISERROR(H45),"BLANK",H45),H46),H47) -> 4/23/2024 | I48: =IF(ISERROR(I47),IF(ISERROR(I46),IF(ISERROR(I45),"BLANK",I45),I46),I47) -> 1.5 | J48: NW | K48: 0.40833333 | L48: 6 | M48: =IF(ISERROR(M47),IF(ISERROR(M46),IF(ISERROR(M45),"BLANK",M45),M46),M47) -> 2 | N48: =IF(ISERROR(N47),IF(ISERROR(N46),IF(ISERROR(N45),"BLANK",N45),N46),N47) -> 1 | O48: 48 | P48: mfra | Q48: =IF($M48=1,IF(ISERROR(VLOOKUP($P48,'M1'!$A:$C,Q$2,FALSE)),"NOT PRESENT",VLOOKUP($P48,'M1'!$A:$C,Q$2,FALSE)),IF($M48=2,IF(ISERROR(VLOOKUP(DATA!$P48,'M2'!$A:$C,Q$2,FALSE)),"NOT PRESENT",VLOOKUP(DATA!$P48,'M2'!$A:$C,Q$2,FALSE)),IF($M48=0,IF(ISERROR(VLOOKUP($P48,'M1'!$A:$C,Q$2,FALSE)),IF(ISERROR(VLOOKUP(DATA!$P48,'M2'!$A:$C,Q$2,FALSE)),"NOT PRESENT",VLOOKUP(DATA!$P48,'M2'!$A:$C,Q$2,FALSE)),VLOOKUP($P48,'M1'!$A:$C,Q$2,FALSE)),"SPECIFY METHOD"))) -> Mesocentrotus franciscanus | R48: =IF($M48=1,IF(ISERROR(VLOOKUP($P48,'M1'!$A:$C,R$2,FALSE)),"NOT PRESENT",VLOOKUP($P48,'M1'!$A:$C,R$2,FALSE)),IF($M48=2,IF(ISERROR(VLOOKUP(DATA!$P48,'M2'!$A:$C,R$2,FALSE)),"NOT PRESENT",VLOOKUP(DATA!$P48,'M2'!$A:$C,R$2,FALSE)),IF($M48=0,IF(ISERROR(VLOOKUP($P48,'M1'!$A:$C,R$2,FALSE)),IF(ISERROR(VLOOKUP(DATA!$P48,'M2'!$A:$C,R$2,FALSE)),"NOT PRESENT",VLOOKUP(DATA!$P48,'M2'!$A:$C,R$2,FALSE)),VLOOKUP($P48,'M1'!$A:$C,R$2,FALSE)),"SPECIFY METHOD"))) -> Red sea urchin | S48: =SUM(T48:AV48) -> 5 | T48: 0 | W48: 4 | X48: 1
A49: =MAX($A$1:$A48)+1 -> 47 | B49: =IF(ISERROR(B48),IF(ISERROR(B47),IF(ISERROR(B46),"BLANK",B46),B47),B48) -> Jasmin Schuster | C49: =IF(ISERROR(C48),IF(ISERROR(C47),IF(ISERROR(C46),"BLANK",C46),C47),C48) -> Tom Bird | D49: =IF(ISERROR(D48),IF(ISERROR(D47),IF(ISERROR(D46),"BLANK",D46),D47),D48) -> BMSC5 | E49: =IF(ISERROR(VLOOKUP($D49,SITES!$A:$E,2,FALSE)),"",VLOOKUP($D49,SITES!$A:$E,2,FALSE)) -> Taylor Rock | F49: =IF(ISERROR(VLOOKUP($D49,SITES!$A:$E,3,FALSE)),"",VLOOKUP($D49,SITES!$A:$E,3,FALSE)) -> 48.827332 | G49: =IF(ISERROR(VLOOKUP($D49,SITES!$A:$E,4,FALSE)),"",VLOOKUP($D49,SITES!$A:$E,4,FALSE)) -> -125.1966 | H49: =IF(ISERROR(H48),IF(ISERROR(H47),IF(ISERROR(H46),"BLANK",H46),H47),H48) -> 4/23/2024 | I49: =IF(ISERROR(I48),IF(ISERROR(I47),IF(ISERROR(I46),"BLANK",I46),I47),I48) -> 1.5 | J49: =IF(ISERROR(J48),IF(ISERROR(J47),IF(ISERROR(J46),"BLANK",J46),J47),J48) -> NW | K49: =IF(ISERROR(K48),IF(ISERROR(K47),IF(ISERROR(K46),"BLANK",K46),K47),K48) -> 0.40833333 | L49: =IF(ISERROR(L48),IF(ISERROR(L47),IF(ISERROR(L46),"BLANK",L46),L47),L48) -> 6 | M49: =IF(ISERROR(M48),IF(ISERROR(M47),IF(ISERROR(M46),"BLANK",M46),M47),M48) -> 2 | N49: =IF(ISERROR(N48),IF(ISERROR(N47),IF(ISERROR(N46),"BLANK",N46),N47),N48) -> 1 | O49: 32 | P49: =IF(ISERROR(P48),IF(ISERROR(P47),IF(ISERROR(P46),"BLANK",P46),P47),P48) -> mfra | Q49: =IF($M49=1,IF(ISERROR(VLOOKUP($P49,'M1'!$A:$C,Q$2,FALSE)),"NOT PRESENT",VLOOKUP($P49,'M1'!$A:$C,Q$2,FALSE)),IF($M49=2,IF(ISERROR(VLOOKUP(DATA!$P49,'M2'!$A:$C,Q$2,FALSE)),"NOT PRESENT",VLOOKUP(DATA!$P49,'M2'!$A:$C,Q$2,FALSE)),IF($M49=0,IF(ISERROR(VLOOKUP($P49,'M1'!$A:$C,Q$2,FALSE)),IF(ISERROR(VLOOKUP(DATA!$P49,'M2'!$A:$C,Q$2,FALSE)),"NOT PRESENT",VLOOKUP(DATA!$P49,'M2'!$A:$C,Q$2,FALSE)),VLOOKUP($P49,'M1'!$A:$C,Q$2,FALSE)),"SPECIFY METHOD"))) -> Mesocentrotus franciscanus | R49: =IF($M49=1,IF(ISERROR(VLOOKUP($P49,'M1'!$A:$C,R$2,FALSE)),"NOT PRESENT",VLOOKUP($P49,'M1'!$A:$C,R$2,FALSE)),IF($M49=2,IF(ISERROR(VLOOKUP(DATA!$P49,'M2'!$A:$C,R$2,FALSE)),"NOT PRESENT",VLOOKUP(DATA!$P49,'M2'!$A:$C,R$2,FALSE)),IF($M49=0,IF(ISERROR(VLOOKUP($P49,'M1'!$A:$C,R$2,FALSE)),IF(ISERROR(VLOOKUP(DATA!$P49,'M2'!$A:$C,R$2,FALSE)),"NOT PRESENT",VLOOKUP(DATA!$P49,'M2'!$A:$C,R$2,FALSE)),VLOOKUP($P49,'M1'!$A:$C,R$2,FALSE)),"SPECIFY METHOD"))) -> Red sea urchin | S49: =SUM(T49:AV49) -> 6 | T49: 0 | V49: 3 | W49: 3
A50: =MAX($A$1:$A49)+1 -> 48 | B50: =IF(ISERROR(B49),IF(ISERROR(B48),IF(ISERROR(B47),"BLANK",B47),B48),B49) -> Jasmin Schuster | C50: =IF(ISERROR(C49),IF(ISERROR(C48),IF(ISERROR(C47),"BLANK",C47),C48),C49) -> Tom Bird | D50: =IF(ISERROR(D49),IF(ISERROR(D48),IF(ISERROR(D47),"BLANK",D47),D48),D49) -> BMSC5 | E50: =IF(ISERROR(VLOOKUP($D50,SITES!$A:$E,2,FALSE)),"",VLOOKUP($D50,SITES!$A:$E,2,FALSE)) -> Taylor Rock | F50: =IF(ISERROR(VLOOKUP($D50,SITES!$A:$E,3,FALSE)),"",VLOOKUP($D50,SITES!$A:$E,3,FALSE)) -> 48.827332 | G50: =IF(ISERROR(VLOOKUP($D50,SITES!$A:$E,4,FALSE)),"",VLOOKUP($D50,SITES!$A:$E,4,FALSE)) -> -125.1966 | H50: =IF(ISERROR(H49),IF(ISERROR(H48),IF(ISERROR(H47),"BLANK",H47),H48),H49) -> 4/23/2024 | I50: =IF(ISERROR(I49),IF(ISERROR(I48),IF(ISERROR(I47),"BLANK",I47),I48),I49) -> 1.5 | J50: =IF(ISERROR(J49),IF(ISERROR(J48),IF(ISERROR(J47),"BLANK",J47),J48),J49) -> NW | K50: =IF(ISERROR(K49),IF(ISERROR(K48),IF(ISERROR(K47),"BLANK",K47),K48),K49) -> 0.40833333 | L50: =IF(ISERROR(L49),IF(ISERROR(L48),IF(ISERROR(L47),"BLANK",L47),L48),L49) -> 6 | M50: =IF(ISERROR(M49),IF(ISERROR(M48),IF(ISERROR(M47),"BLANK",M47),M48),M49) -> 2 | N50: =IF(ISERROR(N49),IF(ISERROR(N48),IF(ISERROR(N47),"BLANK",N47),N48),N49) -> 1 | O50: 32 | P50: Sdr | Q50: =IF($M50=1,IF(ISERROR(VLOOKUP($P50,'M1'!$A:$C,Q$2,FALSE)),"NOT PRESENT",VLOOKUP($P50,'M1'!$A:$C,Q$2,FALSE)),IF($M50=2,IF(ISERROR(VLOOKUP(DATA!$P50,'M2'!$A:$C,Q$2,FALSE)),"NOT PRESENT",VLOOKUP(DATA!$P50,'M2'!$A:$C,Q$2,FALSE)),IF($M50=0,IF(ISERROR(VLOOKUP($P50,'M1'!$A:$C,Q$2,FALSE)),IF(ISERROR(VLOOKUP(DATA!$P50,'M2'!$A:$C,Q$2,FALSE)),"NOT PRESENT",VLOOKUP(DATA!$P50,'M2'!$A:$C,Q$2,FALSE)),VLOOKUP($P50,'M1'!$A:$C,Q$2,FALSE)),"SPECIFY METHOD"))) -> Strongylocentrotus droebachiensis | R50: =IF($M50=1,IF(ISERROR(VLOOKUP($P50,'M1'!$A:$C,R$2,FALSE)),"NOT PRESENT",VLOOKUP($P50,'M1'!$A:$C,R$2,FALSE)),IF($M50=2,IF(ISERROR(VLOOKUP(DATA!$P50,'M2'!$A:$C,R$2,FALSE)),"NOT PRESENT",VLOOKUP(DATA!$P50,'M2'!$A:$C,R$2,FALSE)),IF($M50=0,IF(ISERROR(VLOOKUP($P50,'M1'!$A:$C,R$2,FALSE)),IF(ISERROR(VLOOKUP(DATA!$P50,'M2'!$A:$C,R$2,FALSE)),"NOT PRESENT",VLOOKUP(DATA!$P50,'M2'!$A:$C,R$2,FALSE)),VLOOKUP($P50,'M1'!$A:$C,R$2,FALSE)),"SPECIFY METHOD"))) -> Northern sea urchin | S50: =SUM(T50:AV50) -> 1 | T50: 0 | U50: 1
A51: =MAX($A$1:$A50)+1 -> 49 | B51: =IF(ISERROR(B50),IF(ISERROR(B49),IF(ISERROR(B48),"BLANK",B48),B49),B50) -> Jasmin Schuster | C51: =IF(ISERROR(C50),IF(ISERROR(C49),IF(ISERROR(C48),"BLANK",C48),C49),C50) -> Tom Bird | D51: =IF(ISERROR(D50),IF(ISERROR(D49),IF(ISERROR(D48),"BLANK",D48),D49),D50) -> BMSC5 | E51: =IF(ISERROR(VLOOKUP($D51,SITES!$A:$E,2,FALSE)),"",VLOOKUP($D51,SITES!$A:$E,2,FALSE)) -> Taylor Rock | F51: =IF(ISERROR(VLOOKUP($D51,SITES!$A:$E,3,FALSE)),"",VLOOKUP($D51,SITES!$A:$E,3,FALSE)) -> 48.827332 | G51: =IF(ISERROR(VLOOKUP($D51,SITES!$A:$E,4,FALSE)),"",VLOOKUP($D51,SITES!$A:$E,4,FALSE)) -> -125.1966 | H51: =IF(ISERROR(H50),IF(ISERROR(H49),IF(ISERROR(H48),"BLANK",H48),H49),H50) -> 4/23/2024 | I51: =IF(ISERROR(I50),IF(ISERROR(I49),IF(ISERROR(I48),"BLANK",I48),I49),I50) -> 1.5 | J51: =IF(ISERROR(J50),IF(ISERROR(J49),IF(ISERROR(J48),"BLANK",J48),J49),J50) -> NW | K51: =IF(ISERROR(K50),IF(ISERROR(K49),IF(ISERROR(K48),"BLANK",K48),K49),K50) -> 0.40833333 | L51: =IF(ISERROR(L50),IF(ISERROR(L49),IF(ISERROR(L48),"BLANK",L48),L49),L50) -> 6 | M51: =IF(ISERROR(M50),IF(ISERROR(M49),IF(ISERROR(M48),"BLANK",M48),M49),M50) -> 2 | N51: =IF(ISERROR(N50),IF(ISERROR(N49),IF(ISERROR(N48),"BLANK",N48),N49),N50) -> 1 | O51: 32 | P51: Pmi | Q51: =IF($M51=1,IF(ISERROR(VLOOKUP($P51,'M1'!$A:$C,Q$2,FALSE)),"NOT PRESENT",VLOOKUP($P51,'M1'!$A:$C,Q$2,FALSE)),IF($M51=2,IF(ISERROR(VLOOKUP(DATA!$P51,'M2'!$A:$C,Q$2,FALSE)),"NOT PRESENT",VLOOKUP(DATA!$P51,'M2'!$A:$C,Q$2,FALSE)),IF($M51=0,IF(ISERROR(VLOOKUP($P51,'M1'!$A:$C,Q$2,FALSE)),IF(ISERROR(VLOOKUP(DATA!$P51,'M2'!$A:$C,Q$2,FALSE)),"NOT PRESENT",VLOOKUP(DATA!$P51,'M2'!$A:$C,Q$2,FALSE)),VLOOKUP($P51,'M1'!$A:$C,Q$2,FALSE)),"SPECIFY METHOD"))) -> Patiria miniata | R51: =IF($M51=1,IF(ISERROR(VLOOKUP($P51,'M1'!$A:$C,R$2,FALSE)),"NOT PRESENT",VLOOKUP($P51,'M1'!$A:$C,R$2,FALSE)),IF($M51=2,IF(ISERROR(VLOOKUP(DATA!$P51,'M2'!$A:$C,R$2,FALSE)),"NOT PRESENT",VLOOKUP(DATA!$P51,'M2'!$A:$C,R$2,FALSE)),IF($M51=0,IF(ISERROR(VLOOKUP($P51,'M1'!$A:$C,R$2,FALSE)),IF(ISERROR(VLOOKUP(DATA!$P51,'M2'!$A:$C,R$2,FALSE)),"NOT PRESENT",VLOOKUP(DATA!$P51,'M2'!$A:$C,R$2,FALSE)),VLOOKUP($P51,'M1'!$A:$C,R$2,FALSE)),"SPECIFY METHOD"))) -> Bat star | S51: =SUM(T51:AV51) -> 1 | T51: 0 | X51: 1
A52: =MAX($A$1:$A51)+1 -> 50 | B52: =IF(ISERROR(B51),IF(ISERROR(B50),IF(ISERROR(B49),"BLANK",B49),B50),B51) -> Jasmin Schuster | C52: =IF(ISERROR(C51),IF(ISERROR(C50),IF(ISERROR(C49),"BLANK",C49),C50),C51) -> Tom Bird | D52: =IF(ISERROR(D51),IF(ISERROR(D50),IF(ISERROR(D49),"BLANK",D49),D50),D51) -> BMSC5 | E52: =IF(ISERROR(VLOOKUP($D52,SITES!$A:$E,2,FALSE)),"",VLOOKUP($D52,SITES!$A:$E,2,FALSE)) -> Taylor Rock | F52: =IF(ISERROR(VLOOKUP($D52,SITES!$A:$E,3,FALSE)),"",VLOOKUP($D52,SITES!$A:$E,3,FALSE)) -> 48.827332 | G52: =IF(ISERROR(VLOOKUP($D52,SITES!$A:$E,4,FALSE)),"",VLOOKUP($D52,SITES!$A:$E,4,FALSE)) -> -125.1966 | H52: =IF(ISERROR(H51),IF(ISERROR(H50),IF(ISERROR(H49),"BLANK",H49),H50),H51) -> 4/23/2024 | I52: =IF(ISERROR(I51),IF(ISERROR(I50),IF(ISERROR(I49),"BLANK",I49),I50),I51) -> 1.5 | J52: =IF(ISERROR(J51),IF(ISERROR(J50),IF(ISERROR(J49),"BLANK",J49),J50),J51) -> NW | K52: =IF(ISERROR(K51),IF(ISERROR(K50),IF(ISERROR(K49),"BLANK",K49),K50),K51) -> 0.40833333 | L52: =IF(ISERROR(L51),IF(ISERROR(L50),IF(ISERROR(L49),"BLANK",L49),L50),L51) -> 6 | M52: =IF(ISERROR(M51),IF(ISERROR(M50),IF(ISERROR(M49),"BLANK",M49),M50),M51) -> 2 | N52: =IF(ISERROR(N51),IF(ISERROR(N50),IF(ISERROR(N49),"BLANK",N49),N50),N51) -> 1 | O52: 32 | P52: Oko | Q52: =IF($M52=1,IF(ISERROR(VLOOKUP($P52,'M1'!$A:$C,Q$2,FALSE)),"NOT PRESENT",VLOOKUP($P52,'M1'!$A:$C,Q$2,FALSE)),IF($M52=2,IF(ISERROR(VLOOKUP(DATA!$P52,'M2'!$A:$C,Q$2,FALSE)),"NOT PRESENT",VLOOKUP(DATA!$P52,'M2'!$A:$C,Q$2,FALSE)),IF($M52=0,IF(ISERROR(VLOOKUP($P52,'M1'!$A:$C,Q$2,FALSE)),IF(ISERROR(VLOOKUP(DATA!$P52,'M2'!$A:$C,Q$2,FALSE)),"NOT PRESENT",VLOOKUP(DATA!$P52,'M2'!$A:$C,Q$2,FALSE)),VLOOKUP($P52,'M1'!$A:$C,Q$2,FALSE)),"SPECIFY METHOD"))) -> Orthasterias koehleri | R52: =IF($M52=1,IF(ISERROR(VLOOKUP($P52,'M1'!$A:$C,R$2,FALSE)),"NOT PRESENT",VLOOKUP($P52,'M1'!$A:$C,R$2,FALSE)),IF($M52=2,IF(ISERROR(VLOOKUP(DATA!$P52,'M2'!$A:$C,R$2,FALSE)),"NOT PRESENT",VLOOKUP(DATA!$P52,'M2'!$A:$C,R$2,FALSE)),IF($M52=0,IF(ISERROR(VLOOKUP($P52,'M1'!$A:$C,R$2,FALSE)),IF(ISERROR(VLOOKUP(DATA!$P52,'M2'!$A:$C,R$2,FALSE)),"NOT PRESENT",VLOOKUP(DATA!$P52,'M2'!$A:$C,R$2,FALSE)),VLOOKUP($P52,'M1'!$A:$C,R$2,FALSE)),"SPECIFY METHOD"))) -> Rainbow star | S52: =SUM(T52:AV52) -> 1 | T52: 0 | Y52: 1
A53: =MAX($A$1:$A52)+1 -> 51 | B53: =IF(ISERROR(B52),IF(ISERROR(B51),IF(ISERROR(B50),"BLANK",B50),B51),B52) -> Jasmin Schuster | C53: =IF(ISERROR(C52),IF(ISERROR(C51),IF(ISERROR(C50),"BLANK",C50),C51),C52) -> Tom Bird | D53: =IF(ISERROR(D52),IF(ISERROR(D51),IF(ISERROR(D50),"BLANK",D50),D51),D52) -> BMSC5 | E53: =IF(ISERROR(VLOOKUP($D53,SITES!$A:$E,2,FALSE)),"",VLOOKUP($D53,SITES!$A:$E,2,FALSE)) -> Taylor Rock | F53: =IF(ISERROR(VLOOKUP($D53,SITES!$A:$E,3,FALSE)),"",VLOOKUP($D53,SITES!$A:$E,3,FALSE)) -> 48.827332 | G53: =IF(ISERROR(VLOOKUP($D53,SITES!$A:$E,4,FALSE)),"",VLOOKUP($D53,SITES!$A:$E,4,FALSE)) -> -125.1966 | H53: =IF(ISERROR(H52),IF(ISERROR(H51),IF(ISERROR(H50),"BLANK",H50),H51),H52) -> 4/23/2024 | I53: =IF(ISERROR(I52),IF(ISERROR(I51),IF(ISERROR(I50),"BLANK",I50),I51),I52) -> 1.5 | J53: =IF(ISERROR(J52),IF(ISERROR(J51),IF(ISERROR(J50),"BLANK",J50),J51),J52) -> NW | K53: =IF(ISERROR(K52),IF(ISERROR(K51),IF(ISERROR(K50),"BLANK",K50),K51),K52) -> 0.40833333 | L53: =IF(ISERROR(L52),IF(ISERROR(L51),IF(ISERROR(L50),"BLANK",L50),L51),L52) -> 6 | M53: =IF(ISERROR(M52),IF(ISERROR(M51),IF(ISERROR(M50),"BLANK",M50),M51),M52) -> 2 | N53: =IF(ISERROR(N52),IF(ISERROR(N51),IF(ISERROR(N50),"BLANK",N50),N51),N52) -> 1 | O53: 16 | P53: Pmi | Q53: =IF($M53=1,IF(ISERROR(VLOOKUP($P53,'M1'!$A:$C,Q$2,FALSE)),"NOT PRESENT",VLOOKUP($P53,'M1'!$A:$C,Q$2,FALSE)),IF($M53=2,IF(ISERROR(VLOOKUP(DATA!$P53,'M2'!$A:$C,Q$2,FALSE)),"NOT PRESENT",VLOOKUP(DATA!$P53,'M2'!$A:$C,Q$2,FALSE)),IF($M53=0,IF(ISERROR(VLOOKUP($P53,'M1'!$A:$C,Q$2,FALSE)),IF(ISERROR(VLOOKUP(DATA!$P53,'M2'!$A:$C,Q$2,FALSE)),"NOT PRESENT",VLOOKUP(DATA!$P53,'M2'!$A:$C,Q$2,FALSE)),VLOOKUP($P53,'M1'!$A:$C,Q$2,FALSE)),"SPECIFY METHOD"))) -> Patiria miniata | R53: =IF($M53=1,IF(ISERROR(VLOOKUP($P53,'M1'!$A:$C,R$2,FALSE)),"NOT PRESENT",VLOOKUP($P53,'M1'!$A:$C,R$2,FALSE)),IF($M53=2,IF(ISERROR(VLOOKUP(DATA!$P53,'M2'!$A:$C,R$2,FALSE)),"NOT PRESENT",VLOOKUP(DATA!$P53,'M2'!$A:$C,R$2,FALSE)),IF($M53=0,IF(ISERROR(VLOOKUP($P53,'M1'!$A:$C,R$2,FALSE)),IF(ISERROR(VLOOKUP(DATA!$P53,'M2'!$A:$C,R$2,FALSE)),"NOT PRESENT",VLOOKUP(DATA!$P53,'M2'!$A:$C,R$2,FALSE)),VLOOKUP($P53,'M1'!$A:$C,R$2,FALSE)),"SPECIFY METHOD"))) -> Bat star | S53: =SUM(T53:AV53) -> 1 | T53: 0 | W53: 1
A54: =MAX($A$1:$A53)+1 -> 52 | B54: =IF(ISERROR(B53),IF(ISERROR(B52),IF(ISERROR(B51),"BLANK",B51),B52),B53) -> Jasmin Schuster | C54: =IF(ISERROR(C53),IF(ISERROR(C52),IF(ISERROR(C51),"BLANK",C51),C52),C53) -> Tom Bird | D54: =IF(ISERROR(D53),IF(ISERROR(D52),IF(ISERROR(D51),"BLANK",D51),D52),D53) -> BMSC5 | E54: =IF(ISERROR(VLOOKUP($D54,SITES!$A:$E,2,FALSE)),"",VLOOKUP($D54,SITES!$A:$E,2,FALSE)) -> Taylor Rock | F54: =IF(ISERROR(VLOOKUP($D54,SITES!$A:$E,3,FALSE)),"",VLOOKUP($D54,SITES!$A:$E,3,FALSE)) -> 48.827332 | G54: =IF(ISERROR(VLOOKUP($D54,SITES!$A:$E,4,FALSE)),"",VLOOKUP($D54,SITES!$A:$E,4,FALSE)) -> -125.1966 | H54: =IF(ISERROR(H53),IF(ISERROR(H52),IF(ISERROR(H51),"BLANK",H51),H52),H53) -> 4/23/2024 | I54: =IF(ISERROR(I53),IF(ISERROR(I52),IF(ISERROR(I51),"BLANK",I51),I52),I53) -> 1.5 | J54: =IF(ISERROR(J53),IF(ISERROR(J52),IF(ISERROR(J51),"BLANK",J51),J52),J53) -> NW | K54: =IF(ISERROR(K53),IF(ISERROR(K52),IF(ISERROR(K51),"BLANK",K51),K52),K53) -> 0.40833333 | L54: =IF(ISERROR(L53),IF(ISERROR(L52),IF(ISERROR(L51),"BLANK",L51),L52),L53) -> 6 | M54: =IF(ISERROR(M53),IF(ISERROR(M52),IF(ISERROR(M51),"BLANK",M51),M52),M53) -> 2 | N54: =IF(ISERROR(N53),IF(ISERROR(N52),IF(ISERROR(N51),"BLANK",N51),N52),N53) -> 1 | O54: 16 | P54: mfra | Q54: =IF($M54=1,IF(ISERROR(VLOOKUP($P54,'M1'!$A:$C,Q$2,FALSE)),"NOT PRESENT",VLOOKUP($P54,'M1'!$A:$C,Q$2,FALSE)),IF($M54=2,IF(ISERROR(VLOOKUP(DATA!$P54,'M2'!$A:$C,Q$2,FALSE)),"NOT PRESENT",VLOOKUP(DATA!$P54,'M2'!$A:$C,Q$2,FALSE)),IF($M54=0,IF(ISERROR(VLOOKUP($P54,'M1'!$A:$C,Q$2,FALSE)),IF(ISERROR(VLOOKUP(DATA!$P54,'M2'!$A:$C,Q$2,FALSE)),"NOT PRESENT",VLOOKUP(DATA!$P54,'M2'!$A:$C,Q$2,FALSE)),VLOOKUP($P54,'M1'!$A:$C,Q$2,FALSE)),"SPECIFY METHOD"))) -> Mesocentrotus franciscanus | R54: =IF($M54=1,IF(ISERROR(VLOOKUP($P54,'M1'!$A:$C,R$2,FALSE)),"NOT PRESENT",VLOOKUP($P54,'M1'!$A:$C,R$2,FALSE)),IF($M54=2,IF(ISERROR(VLOOKUP(DATA!$P54,'M2'!$A:$C,R$2,FALSE)),"NOT PRESENT",VLOOKUP(DATA!$P54,'M2'!$A:$C,R$2,FALSE)),IF($M54=0,IF(ISERROR(VLOOKUP($P54,'M1'!$A:$C,R$2,FALSE)),IF(ISERROR(VLOOKUP(DATA!$P54,'M2'!$A:$C,R$2,FALSE)),"NOT PRESENT",VLOOKUP(DATA!$P54,'M2'!$A:$C,R$2,FALSE)),VLOOKUP($P54,'M1'!$A:$C,R$2,FALSE)),"SPECIFY METHOD"))) -> Red sea urchin | S54: =SUM(T54:AV54) -> 13 | T54: 0 | U54: 1 | V54: 3 | W54: 3 | X54: 6
A55: =MAX($A$1:$A54)+1 -> 53 | B55: =IF(ISERROR(B54),IF(ISERROR(B53),IF(ISERROR(B52),"BLANK",B52),B53),B54) -> Jasmin Schuster | C55: =IF(ISERROR(C54),IF(ISERROR(C53),IF(ISERROR(C52),"BLANK",C52),C53),C54) -> Tom Bird | D55: =IF(ISERROR(D54),IF(ISERROR(D53),IF(ISERROR(D52),"BLANK",D52),D53),D54) -> BMSC5 | E55: =IF(ISERROR(VLOOKUP($D55,SITES!$A:$E,2,FALSE)),"",VLOOKUP($D55,SITES!$A:$E,2,FALSE)) -> Taylor Rock | F55: =IF(ISERROR(VLOOKUP($D55,SITES!$A:$E,3,FALSE)),"",VLOOKUP($D55,SITES!$A:$E,3,FALSE)) -> 48.827332 | G55: =IF(ISERROR(VLOOKUP($D55,SITES!$A:$E,4,FALSE)),"",VLOOKUP($D55,SITES!$A:$E,4,FALSE)) -> -125.1966 | H55: =IF(ISERROR(H54),IF(ISERROR(H53),IF(ISERROR(H52),"BLANK",H52),H53),H54) -> 4/23/2024 | I55: =IF(ISERROR(I54),IF(ISERROR(I53),IF(ISERROR(I52),"BLANK",I52),I53),I54) -> 1.5 | J55: =IF(ISERROR(J54),IF(ISERROR(J53),IF(ISERROR(J52),"BLANK",J52),J53),J54) -> NW | K55: =IF(ISERROR(K54),IF(ISERROR(K53),IF(ISERROR(K52),"BLANK",K52),K53),K54) -> 0.40833333 | L55: =IF(ISERROR(L54),IF(ISERROR(L53),IF(ISERROR(L52),"BLANK",L52),L53),L54) -> 6 | M55: =IF(ISERROR(M54),IF(ISERROR(M53),IF(ISERROR(M52),"BLANK",M52),M53),M54) -> 2 | N55: =IF(ISERROR(N54),IF(ISERROR(N53),IF(ISERROR(N52),"BLANK",N52),N53),N54) -> 1 | O55: 16 | P55: Spu | Q55: =IF($M55=1,IF(ISERROR(VLOOKUP($P55,'M1'!$A:$C,Q$2,FALSE)),"NOT PRESENT",VLOOKUP($P55,'M1'!$A:$C,Q$2,FALSE)),IF($M55=2,IF(ISERROR(VLOOKUP(DATA!$P55,'M2'!$A:$C,Q$2,FALSE)),"NOT PRESENT",VLOOKUP(DATA!$P55,'M2'!$A:$C,Q$2,FALSE)),IF($M55=0,IF(ISERROR(VLOOKUP($P55,'M1'!$A:$C,Q$2,FALSE)),IF(ISERROR(VLOOKUP(DATA!$P55,'M2'!$A:$C,Q$2,FALSE)),"NOT PRESENT",VLOOKUP(DATA!$P55,'M2'!$A:$C,Q$2,FALSE)),VLOOKUP($P55,'M1'!$A:$C,Q$2,FALSE)),"SPECIFY METHOD"))) -> Strongylocentrotus purpuratus | R55: =IF($M55=1,IF(ISERROR(VLOOKUP($P55,'M1'!$A:$C,R$2,FALSE)),"NOT PRESENT",VLOOKUP($P55,'M1'!$A:$C,R$2,FALSE)),IF($M55=2,IF(ISERROR(VLOOKUP(DATA!$P55,'M2'!$A:$C,R$2,FALSE)),"NOT PRESENT",VLOOKUP(DATA!$P55,'M2'!$A:$C,R$2,FALSE)),IF($M55=0,IF(ISERROR(VLOOKUP($P55,'M1'!$A:$C,R$2,FALSE)),IF(ISERROR(VLOOKUP(DATA!$P55,'M2'!$A:$C,R$2,FALSE)),"NOT PRESENT",VLOOKUP(DATA!$P55,'M2'!$A:$C,R$2,FALSE)),VLOOKUP($P55,'M1'!$A:$C,R$2,FALSE)),"SPECIFY METHOD"))) -> Purple sea urchin (?) | S55: =SUM(T55:AV55) -> 1 | T55: 0 | V55: 1
A56: =MAX($A$1:$A55)+1 -> 54 | B56: =IF(ISERROR(B55),IF(ISERROR(B54),IF(ISERROR(B53),"BLANK",B53),B54),B55) -> Jasmin Schuster | C56: =IF(ISERROR(C55),IF(ISERROR(C54),IF(ISERROR(C53),"BLANK",C53),C54),C55) -> Tom Bird | D56: =IF(ISERROR(D55),IF(ISERROR(D54),IF(ISERROR(D53),"BLANK",D53),D54),D55) -> BMSC5 | E56: =IF(ISERROR(VLOOKUP($D56,SITES!$A:$E,2,FALSE)),"",VLOOKUP($D56,SITES!$A:$E,2,FALSE)) -> Taylor Rock | F56: =IF(ISERROR(VLOOKUP($D56,SITES!$A:$E,3,FALSE)),"",VLOOKUP($D56,SITES!$A:$E,3,FALSE)) -> 48.827332 | G56: =IF(ISERROR(VLOOKUP($D56,SITES!$A:$E,4,FALSE)),"",VLOOKUP($D56,SITES!$A:$E,4,FALSE)) -> -125.1966 | H56: =IF(ISERROR(H55),IF(ISERROR(H54),IF(ISERROR(H53),"BLANK",H53),H54),H55) -> 4/23/2024 | I56: =IF(ISERROR(I55),IF(ISERROR(I54),IF(ISERROR(I53),"BLANK",I53),I54),I55) -> 1.5 | J56: =IF(ISERROR(J55),IF(ISERROR(J54),IF(ISERROR(J53),"BLANK",J53),J54),J55) -> NW | K56: =IF(ISERROR(K55),IF(ISERROR(K54),IF(ISERROR(K53),"BLANK",K53),K54),K55) -> 0.40833333 | L56: =IF(ISERROR(L55),IF(ISERROR(L54),IF(ISERROR(L53),"BLANK",L53),L54),L55) -> 6 | M56: =IF(ISERROR(M55),IF(ISERROR(M54),IF(ISERROR(M53),"BLANK",M53),M54),M55) -> 2 | N56: =IF(ISERROR(N55),IF(ISERROR(N54),IF(ISERROR(N53),"BLANK",N53),N54),N55) -> 1 | O56: 0 | P56: mfra | Q56: =IF($M56=1,IF(ISERROR(VLOOKUP($P56,'M1'!$A:$C,Q$2,FALSE)),"NOT PRESENT",VLOOKUP($P56,'M1'!$A:$C,Q$2,FALSE)),IF($M56=2,IF(ISERROR(VLOOKUP(DATA!$P56,'M2'!$A:$C,Q$2,FALSE)),"NOT PRESENT",VLOOKUP(DATA!$P56,'M2'!$A:$C,Q$2,FALSE)),IF($M56=0,IF(ISERROR(VLOOKUP($P56,'M1'!$A:$C,Q$2,FALSE)),IF(ISERROR(VLOOKUP(DATA!$P56,'M2'!$A:$C,Q$2,FALSE)),"NOT PRESENT",VLOOKUP(DATA!$P56,'M2'!$A:$C,Q$2,FALSE)),VLOOKUP($P56,'M1'!$A:$C,Q$2,FALSE)),"SPECIFY METHOD"))) -> Mesocentrotus franciscanus | R56: =IF($M56=1,IF(ISERROR(VLOOKUP($P56,'M1'!$A:$C,R$2,FALSE)),"NOT PRESENT",VLOOKUP($P56,'M1'!$A:$C,R$2,FALSE)),IF($M56=2,IF(ISERROR(VLOOKUP(DATA!$P56,'M2'!$A:$C,R$2,FALSE)),"NOT PRESENT",VLOOKUP(DATA!$P56,'M2'!$A:$C,R$2,FALSE)),IF($M56=0,IF(ISERROR(VLOOKUP($P56,'M1'!$A:$C,R$2,FALSE)),IF(ISERROR(VLOOKUP(DATA!$P56,'M2'!$A:$C,R$2,FALSE)),"NOT PRESENT",VLOOKUP(DATA!$P56,'M2'!$A:$C,R$2,FALSE)),VLOOKUP($P56,'M1'!$A:$C,R$2,FALSE)),"SPECIFY METHOD"))) -> Red sea urchin | S56: =SUM(T56:AV56) -> 3 | T56: 0 | W56: 3
A57: =MAX($A$1:$A56)+1 -> 55 | B57: =IF(ISERROR(B56),IF(ISERROR(B55),IF(ISERROR(B54),"BLANK",B54),B55),B56) -> Jasmin Schuster | C57: =IF(ISERROR(C56),IF(ISERROR(C55),IF(ISERROR(C54),"BLANK",C54),C55),C56) -> Tom Bird | D57: BMSC9 | E57: =IF(ISERROR(VLOOKUP($D57,SITES!$A:$E,2,FALSE)),"",VLOOKUP($D57,SITES!$A:$E,2,FALSE)) -> Eagle Bay | F57: =IF(ISERROR(VLOOKUP($D57,SITES!$A:$E,3,FALSE)),"",VLOOKUP($D57,SITES!$A:$E,3,FALSE)) -> 48.834789 | G57: =IF(ISERROR(VLOOKUP($D57,SITES!$A:$E,4,FALSE)),"",VLOOKUP($D57,SITES!$A:$E,4,FALSE)) -> -125.14703 | H57: =IF(ISERROR(H56),IF(ISERROR(H55),IF(ISERROR(H54),"BLANK",H54),H55),H56) -> 4/23/2024 | I57: 2 | J57: SW | K57: 0.525 | L57: 6.5 | M57: =IF(ISERROR(M56),IF(ISERROR(M55),IF(ISERROR(M54),"BLANK",M54),M55),M56) -> 2 | N57: =IF(ISERROR(N56),IF(ISERROR(N55),IF(ISERROR(N54),"BLANK",N54),N55),N56) -> 1 | O57: 48 | P57: =IF(ISERROR(P56),IF(ISERROR(P55),IF(ISERROR(P54),"BLANK",P54),P55),P56) -> mfra | Q57: =IF($M57=1,IF(ISERROR(VLOOKUP($P57,'M1'!$A:$C,Q$2,FALSE)),"NOT PRESENT",VLOOKUP($P57,'M1'!$A:$C,Q$2,FALSE)),IF($M57=2,IF(ISERROR(VLOOKUP(DATA!$P57,'M2'!$A:$C,Q$2,FALSE)),"NOT PRESENT",VLOOKUP(DATA!$P57,'M2'!$A:$C,Q$2,FALSE)),IF($M57=0,IF(ISERROR(VLOOKUP($P57,'M1'!$A:$C,Q$2,FALSE)),IF(ISERROR(VLOOKUP(DATA!$P57,'M2'!$A:$C,Q$2,FALSE)),"NOT PRESENT",VLOOKUP(DATA!$P57,'M2'!$A:$C,Q$2,FALSE)),VLOOKUP($P57,'M1'!$A:$C,Q$2,FALSE)),"SPECIFY METHOD"))) -> Mesocentrotus franciscanus | R57: =IF($M57=1,IF(ISERROR(VLOOKUP($P57,'M1'!$A:$C,R$2,FALSE)),"NOT PRESENT",VLOOKUP($P57,'M1'!$A:$C,R$2,FALSE)),IF($M57=2,IF(ISERROR(VLOOKUP(DATA!$P57,'M2'!$A:$C,R$2,FALSE)),"NOT PRESENT",VLOOKUP(DATA!$P57,'M2'!$A:$C,R$2,FALSE)),IF($M57=0,IF(ISERROR(VLOOKUP($P57,'M1'!$A:$C,R$2,FALSE)),IF(ISERROR(VLOOKUP(DATA!$P57,'M2'!$A:$C,R$2,FALSE)),"NOT PRESENT",VLOOKUP(DATA!$P57,'M2'!$A:$C,R$2,FALSE)),VLOOKUP($P57,'M1'!$A:$C,R$2,FALSE)),"SPECIFY METHOD"))) -> Red sea urchin | S57: =SUM(T57:AV57) -> 4 | T57: 0 | V57: 2 | W57: 2
A58: =MAX($A$1:$A57)+1 -> 56 | B58: =IF(ISERROR(B57),IF(ISERROR(B56),IF(ISERROR(B55),"BLANK",B55),B56),B57) -> Jasmin Schuster | C58: =IF(ISERROR(C57),IF(ISERROR(C56),IF(ISERROR(C55),"BLANK",C55),C56),C57) -> Tom Bird | D58: =IF(ISERROR(D57),IF(ISERROR(D56),IF(ISERROR(D55),"BLANK",D55),D56),D57) -> BMSC9 | E58: =IF(ISERROR(VLOOKUP($D58,SITES!$A:$E,2,FALSE)),"",VLOOKUP($D58,SITES!$A:$E,2,FALSE)) -> Eagle Bay | F58: =IF(ISERROR(VLOOKUP($D58,SITES!$A:$E,3,FALSE)),"",VLOOKUP($D58,SITES!$A:$E,3,FALSE)) -> 48.834789 | G58: =IF(ISERROR(VLOOKUP($D58,SITES!$A:$E,4,FALSE)),"",VLOOKUP($D58,SITES!$A:$E,4,FALSE)) -> -125.14703 | H58: =IF(ISERROR(H57),IF(ISERROR(H56),IF(ISERROR(H55),"BLANK",H55),H56),H57) -> 4/23/2024 | I58: =IF(ISERROR(I57),IF(ISERROR(I56),IF(ISERROR(I55),"BLANK",I55),I56),I57) -> 2 | J58: =IF(ISERROR(J57),IF(ISERROR(J56),IF(ISERROR(J55),"BLANK",J55),J56),J57) -> SW | K58: =IF(ISERROR(K57),IF(ISERROR(K56),IF(ISERROR(K55),"BLANK",K55),K56),K57) -> 0.525 | L58: =IF(ISERROR(L57),IF(ISERROR(L56),IF(ISERROR(L55),"BLANK",L55),L56),L57) -> 6.5 | M58: =IF(ISERROR(M57),IF(ISERROR(M56),IF(ISERROR(M55),"BLANK",M55),M56),M57) -> 2 | N58: =IF(ISERROR(N57),IF(ISERROR(N56),IF(ISERROR(N55),"BLANK",N55),N56),N57) -> 1 | O58: 48 | P58: Pmi | Q58: =IF($M58=1,IF(ISERROR(VLOOKUP($P58,'M1'!$A:$C,Q$2,FALSE)),"NOT PRESENT",VLOOKUP($P58,'M1'!$A:$C,Q$2,FALSE)),IF($M58=2,IF(ISERROR(VLOOKUP(DATA!$P58,'M2'!$A:$C,Q$2,FALSE)),"NOT PRESENT",VLOOKUP(DATA!$P58,'M2'!$A:$C,Q$2,FALSE)),IF($M58=0,IF(ISERROR(VLOOKUP($P58,'M1'!$A:$C,Q$2,FALSE)),IF(ISERROR(VLOOKUP(DATA!$P58,'M2'!$A:$C,Q$2,FALSE)),"NOT PRESENT",VLOOKUP(DATA!$P58,'M2'!$A:$C,Q$2,FALSE)),VLOOKUP($P58,'M1'!$A:$C,Q$2,FALSE)),"SPECIFY METHOD"))) -> Patiria miniata | R58: =IF($M58=1,IF(ISERROR(VLOOKUP($P58,'M1'!$A:$C,R$2,FALSE)),"NOT PRESENT",VLOOKUP($P58,'M1'!$A:$C,R$2,FALSE)),IF($M58=2,IF(ISERROR(VLOOKUP(DATA!$P58,'M2'!$A:$C,R$2,FALSE)),"NOT PRESENT",VLOOKUP(DATA!$P58,'M2'!$A:$C,R$2,FALSE)),IF($M58=0,IF(ISERROR(VLOOKUP($P58,'M1'!$A:$C,R$2,FALSE)),IF(ISERROR(VLOOKUP(DATA!$P58,'M2'!$A:$C,R$2,FALSE)),"NOT PRESENT",VLOOKUP(DATA!$P58,'M2'!$A:$C,R$2,FALSE)),VLOOKUP($P58,'M1'!$A:$C,R$2,FALSE)),"SPECIFY METHOD"))) -> Bat star | S58: =SUM(T58:AV58) -> 1 | T58: 0 | Y58: 1
A59: =MAX($A$1:$A58)+1 -> 57 | B59: =IF(ISERROR(B58),IF(ISERROR(B57),IF(ISERROR(B56),"BLANK",B56),B57),B58) -> Jasmin Schuster | C59: =IF(ISERROR(C58),IF(ISERROR(C57),IF(ISERROR(C56),"BLANK",C56),C57),C58) -> Tom Bird | D59: =IF(ISERROR(D58),IF(ISERROR(D57),IF(ISERROR(D56),"BLANK",D56),D57),D58) -> BMSC9 | E59: =IF(ISERROR(VLOOKUP($D59,SITES!$A:$E,2,FALSE)),"",VLOOKUP($D59,SITES!$A:$E,2,FALSE)) -> Eagle Bay | F59: =IF(ISERROR(VLOOKUP($D59,SITES!$A:$E,3,FALSE)),"",VLOOKUP($D59,SITES!$A:$E,3,FALSE)) -> 48.834789 | G59: =IF(ISERROR(VLOOKUP($D59,SITES!$A:$E,4,FALSE)),"",VLOOKUP($D59,SITES!$A:$E,4,FALSE)) -> -125.14703 | H59: =IF(ISERROR(H58),IF(ISERROR(H57),IF(ISERROR(H56),"BLANK",H56),H57),H58) -> 4/23/2024 | I59: =IF(ISERROR(I58),IF(ISERROR(I57),IF(ISERROR(I56),"BLANK",I56),I57),I58) -> 2 | J59: =IF(ISERROR(J58),IF(ISERROR(J57),IF(ISERROR(J56),"BLANK",J56),J57),J58) -> SW | K59: =IF(ISERROR(K58),IF(ISERROR(K57),IF(ISERROR(K56),"BLANK",K56),K57),K58) -> 0.525 | L59: =IF(ISERROR(L58),IF(ISERROR(L57),IF(ISERROR(L56),"BLANK",L56),L57),L58) -> 6.5 | M59: =IF(ISERROR(M58),IF(ISERROR(M57),IF(ISERROR(M56),"BLANK",M56),M57),M58) -> 2 | N59: =IF(ISERROR(N58),IF(ISERROR(N57),IF(ISERROR(N56),"BLANK",N56),N57),N58) -> 1 | O59: 40 | P59: mfra | Q59: =IF($M59=1,IF(ISERROR(VLOOKUP($P59,'M1'!$A:$C,Q$2,FALSE)),"NOT PRESENT",VLOOKUP($P59,'M1'!$A:$C,Q$2,FALSE)),IF($M59=2,IF(ISERROR(VLOOKUP(DATA!$P59,'M2'!$A:$C,Q$2,FALSE)),"NOT PRESENT",VLOOKUP(DATA!$P59,'M2'!$A:$C,Q$2,FALSE)),IF($M59=0,IF(ISERROR(VLOOKUP($P59,'M1'!$A:$C,Q$2,FALSE)),IF(ISERROR(VLOOKUP(DATA!$P59,'M2'!$A:$C,Q$2,FALSE)),"NOT PRESENT",VLOOKUP(DATA!$P59,'M2'!$A:$C,Q$2,FALSE)),VLOOKUP($P59,'M1'!$A:$C,Q$2,FALSE)),"SPECIFY METHOD"))) -> Mesocentrotus franciscanus | R59: =IF($M59=1,IF(ISERROR(VLOOKUP($P59,'M1'!$A:$C,R$2,FALSE)),"NOT PRESENT",VLOOKUP($P59,'M1'!$A:$C,R$2,FALSE)),IF($M59=2,IF(ISERROR(VLOOKUP(DATA!$P59,'M2'!$A:$C,R$2,FALSE)),"NOT PRESENT",VLOOKUP(DATA!$P59,'M2'!$A:$C,R$2,FALSE)),IF($M59=0,IF(ISERROR(VLOOKUP($P59,'M1'!$A:$C,R$2,FALSE)),IF(ISERROR(VLOOKUP(DATA!$P59,'M2'!$A:$C,R$2,FALSE)),"NOT PRESENT",VLOOKUP(DATA!$P59,'M2'!$A:$C,R$2,FALSE)),VLOOKUP($P59,'M1'!$A:$C,R$2,FALSE)),"SPECIFY METHOD"))) -> Red sea urchin | S59: =SUM(T59:AV59) -> 5 | T59: 0 | V59: 2 | W59: 1 | X59: 2
A60: =MAX($A$1:$A59)+1 -> 58 | B60: =IF(ISERROR(B59),IF(ISERROR(B58),IF(ISERROR(B57),"BLANK",B57),B58),B59) -> Jasmin Schuster | C60: =IF(ISERROR(C59),IF(ISERROR(C58),IF(ISERROR(C57),"BLANK",C57),C58),C59) -> Tom Bird | D60: =IF(ISERROR(D59),IF(ISERROR(D58),IF(ISERROR(D57),"BLANK",D57),D58),D59) -> BMSC9 | E60: =IF(ISERROR(VLOOKUP($D60,SITES!$A:$E,2,FALSE)),"",VLOOKUP($D60,SITES!$A:$E,2,FALSE)) -> Eagle Bay | F60: =IF(ISERROR(VLOOKUP($D60,SITES!$A:$E,3,FALSE)),"",VLOOKUP($D60,SITES!$A:$E,3,FALSE)) -> 48.834789 | G60: =IF(ISERROR(VLOOKUP($D60,SITES!$A:$E,4,FALSE)),"",VLOOKUP($D60,SITES!$A:$E,4,FALSE)) -> -125.14703 | H60: =IF(ISERROR(H59),IF(ISERROR(H58),IF(ISERROR(H57),"BLANK",H57),H58),H59) -> 4/23/2024 | I60: =IF(ISERROR(I59),IF(ISERROR(I58),IF(ISERROR(I57),"BLANK",I57),I58),I59) -> 2 | J60: =IF(ISERROR(J59),IF(ISERROR(J58),IF(ISERROR(J57),"BLANK",J57),J58),J59) -> SW | K60: =IF(ISERROR(K59),IF(ISERROR(K58),IF(ISERROR(K57),"BLANK",K57),K58),K59) -> 0.525 | L60: =IF(ISERROR(L59),IF(ISERROR(L58),IF(ISERROR(L57),"BLANK",L57),L58),L59) -> 6.5 | M60: =IF(ISERROR(M59),IF(ISERROR(M58),IF(ISERROR(M57),"BLANK",M57),M58),M59) -> 2 | N60: =IF(ISERROR(N59),IF(ISERROR(N58),IF(ISERROR(N57),"BLANK",N57),N58),N59) -> 1 | O60: 32 | P60: Pmi | Q60: =IF($M60=1,IF(ISERROR(VLOOKUP($P60,'M1'!$A:$C,Q$2,FALSE)),"NOT PRESENT",VLOOKUP($P60,'M1'!$A:$C,Q$2,FALSE)),IF($M60=2,IF(ISERROR(VLOOKUP(DATA!$P60,'M2'!$A:$C,Q$2,FALSE)),"NOT PRESENT",VLOOKUP(DATA!$P60,'M2'!$A:$C,Q$2,FALSE)),IF($M60=0,IF(ISERROR(VLOOKUP($P60,'M1'!$A:$C,Q$2,FALSE)),IF(ISERROR(VLOOKUP(DATA!$P60,'M2'!$A:$C,Q$2,FALSE)),"NOT PRESENT",VLOOKUP(DATA!$P60,'M2'!$A:$C,Q$2,FALSE)),VLOOKUP($P60,'M1'!$A:$C,Q$2,FALSE)),"SPECIFY METHOD"))) -> Patiria miniata | R60: =IF($M60=1,IF(ISERROR(VLOOKUP($P60,'M1'!$A:$C,R$2,FALSE)),"NOT PRESENT",VLOOKUP($P60,'M1'!$A:$C,R$2,FALSE)),IF($M60=2,IF(ISERROR(VLOOKUP(DATA!$P60,'M2'!$A:$C,R$2,FALSE)),"NOT PRESENT",VLOOKUP(DATA!$P60,'M2'!$A:$C,R$2,FALSE)),IF($M60=0,IF(ISERROR(VLOOKUP($P60,'M1'!$A:$C,R$2,FALSE)),IF(ISERROR(VLOOKUP(DATA!$P60,'M2'!$A:$C,R$2,FALSE)),"NOT PRESENT",VLOOKUP(DATA!$P60,'M2'!$A:$C,R$2,FALSE)),VLOOKUP($P60,'M1'!$A:$C,R$2,FALSE)),"SPECIFY METHOD"))) -> Bat star | S60: =SUM(T60:AV60) -> 1 | T60: 0 | Y60: 1
A61: =MAX($A$1:$A60)+1 -> 59 | B61: =IF(ISERROR(B60),IF(ISERROR(B59),IF(ISERROR(B58),"BLANK",B58),B59),B60) -> Jasmin Schuster | C61: =IF(ISERROR(C60),IF(ISERROR(C59),IF(ISERROR(C58),"BLANK",C58),C59),C60) -> Tom Bird | D61: =IF(ISERROR(D60),IF(ISERROR(D59),IF(ISERROR(D58),"BLANK",D58),D59),D60) -> BMSC9 | E61: =IF(ISERROR(VLOOKUP($D61,SITES!$A:$E,2,FALSE)),"",VLOOKUP($D61,SITES!$A:$E,2,FALSE)) -> Eagle Bay | F61: =IF(ISERROR(VLOOKUP($D61,SITES!$A:$E,3,FALSE)),"",VLOOKUP($D61,SITES!$A:$E,3,FALSE)) -> 48.834789 | G61: =IF(ISERROR(VLOOKUP($D61,SITES!$A:$E,4,FALSE)),"",VLOOKUP($D61,SITES!$A:$E,4,FALSE)) -> -125.14703 | H61: =IF(ISERROR(H60),IF(ISERROR(H59),IF(ISERROR(H58),"BLANK",H58),H59),H60) -> 4/23/2024 | I61: =IF(ISERROR(I60),IF(ISERROR(I59),IF(ISERROR(I58),"BLANK",I58),I59),I60) -> 2 | J61: =IF(ISERROR(J60),IF(ISERROR(J59),IF(ISERROR(J58),"BLANK",J58),J59),J60) -> SW | K61: =IF(ISERROR(K60),IF(ISERROR(K59),IF(ISERROR(K58),"BLANK",K58),K59),K60) -> 0.525 | L61: =IF(ISERROR(L60),IF(ISERROR(L59),IF(ISERROR(L58),"BLANK",L58),L59),L60) -> 6.5 | M61: =IF(ISERROR(M60),IF(ISERROR(M59),IF(ISERROR(M58),"BLANK",M58),M59),M60) -> 2 | N61: =IF(ISERROR(N60),IF(ISERROR(N59),IF(ISERROR(N58),"BLANK",N58),N59),N60) -> 1 | O61: 24 | P61: mfra | Q61: =IF($M61=1,IF(ISERROR(VLOOKUP($P61,'M1'!$A:$C,Q$2,FALSE)),"NOT PRESENT",VLOOKUP($P61,'M1'!$A:$C,Q$2,FALSE)),IF($M61=2,IF(ISERROR(VLOOKUP(DATA!$P61,'M2'!$A:$C,Q$2,FALSE)),"NOT PRESENT",VLOOKUP(DATA!$P61,'M2'!$A:$C,Q$2,FALSE)),IF($M61=0,IF(ISERROR(VLOOKUP($P61,'M1'!$A:$C,Q$2,FALSE)),IF(ISERROR(VLOOKUP(DATA!$P61,'M2'!$A:$C,Q$2,FALSE)),"NOT PRESENT",VLOOKUP(DATA!$P61,'M2'!$A:$C,Q$2,FALSE)),VLOOKUP($P61,'M1'!$A:$C,Q$2,FALSE)),"SPECIFY METHOD"))) -> Mesocentrotus franciscanus | R61: =IF($M61=1,IF(ISERROR(VLOOKUP($P61,'M1'!$A:$C,R$2,FALSE)),"NOT PRESENT",VLOOKUP($P61,'M1'!$A:$C,R$2,FALSE)),IF($M61=2,IF(ISERROR(VLOOKUP(DATA!$P61,'M2'!$A:$C,R$2,FALSE)),"NOT PRESENT",VLOOKUP(DATA!$P61,'M2'!$A:$C,R$2,FALSE)),IF($M61=0,IF(ISERROR(VLOOKUP($P61,'M1'!$A:$C,R$2,FALSE)),IF(ISERROR(VLOOKUP(DATA!$P61,'M2'!$A:$C,R$2,FALSE)),"NOT PRESENT",VLOOKUP(DATA!$P61,'M2'!$A:$C,R$2,FALSE)),VLOOKUP($P61,'M1'!$A:$C,R$2,FALSE)),"SPECIFY METHOD"))) -> Red sea urchin | S61: =SUM(T61:AV61) -> 5 | T61: 0 | W61: 5
A62: =MAX($A$1:$A61)+1 -> 60 | B62: =IF(ISERROR(B61),IF(ISERROR(B60),IF(ISERROR(B59),"BLANK",B59),B60),B61) -> Jasmin Schuster | C62: =IF(ISERROR(C61),IF(ISERROR(C60),IF(ISERROR(C59),"BLANK",C59),C60),C61) -> Tom Bird | D62: =IF(ISERROR(D61),IF(ISERROR(D60),IF(ISERROR(D59),"BLANK",D59),D60),D61) -> BMSC9 | E62: =IF(ISERROR(VLOOKUP($D62,SITES!$A:$E,2,FALSE)),"",VLOOKUP($D62,SITES!$A:$E,2,FALSE)) -> Eagle Bay | F62: =IF(ISERROR(VLOOKUP($D62,SITES!$A:$E,3,FALSE)),"",VLOOKUP($D62,SITES!$A:$E,3,FALSE)) -> 48.834789 | G62: =IF(ISERROR(VLOOKUP($D62,SITES!$A:$E,4,FALSE)),"",VLOOKUP($D62,SITES!$A:$E,4,FALSE)) -> -125.14703 | H62: =IF(ISERROR(H61),IF(ISERROR(H60),IF(ISERROR(H59),"BLANK",H59),H60),H61) -> 4/23/2024 | I62: =IF(ISERROR(I61),IF(ISERROR(I60),IF(ISERROR(I59),"BLANK",I59),I60),I61) -> 2 | J62: =IF(ISERROR(J61),IF(ISERROR(J60),IF(ISERROR(J59),"BLANK",J59),J60),J61) -> SW | K62: =IF(ISERROR(K61),IF(ISERROR(K60),IF(ISERROR(K59),"BLANK",K59),K60),K61) -> 0.525 | L62: =IF(ISERROR(L61),IF(ISERROR(L60),IF(ISERROR(L59),"BLANK",L59),L60),L61) -> 6.5 | M62: =IF(ISERROR(M61),IF(ISERROR(M60),IF(ISERROR(M59),"BLANK",M59),M60),M61) -> 2 | N62: =IF(ISERROR(N61),IF(ISERROR(N60),IF(ISERROR(N59),"BLANK",N59),N60),N61) -> 1 | O62: 24 | P62: Poc | Q62: =IF($M62=1,IF(ISERROR(VLOOKUP($P62,'M1'!$A:$C,Q$2,FALSE)),"NOT PRESENT",VLOOKUP($P62,'M1'!$A:$C,Q$2,FALSE)),IF($M62=2,IF(ISERROR(VLOOKUP(DATA!$P62,'M2'!$A:$C,Q$2,FALSE)),"NOT PRESENT",VLOOKUP(DATA!$P62,'M2'!$A:$C,Q$2,FALSE)),IF($M62=0,IF(ISERROR(VLOOKUP($P62,'M1'!$A:$C,Q$2,FALSE)),IF(ISERROR(VLOOKUP(DATA!$P62,'M2'!$A:$C,Q$2,FALSE)),"NOT PRESENT",VLOOKUP(DATA!$P62,'M2'!$A:$C,Q$2,FALSE)),VLOOKUP($P62,'M1'!$A:$C,Q$2,FALSE)),"SPECIFY METHOD"))) -> Pisaster ochraceus | R62: =IF($M62=1,IF(ISERROR(VLOOKUP($P62,'M1'!$A:$C,R$2,FALSE)),"NOT PRESENT",VLOOKUP($P62,'M1'!$A:$C,R$2,FALSE)),IF($M62=2,IF(ISERROR(VLOOKUP(DATA!$P62,'M2'!$A:$C,R$2,FALSE)),"NOT PRESENT",VLOOKUP(DATA!$P62,'M2'!$A:$C,R$2,FALSE)),IF($M62=0,IF(ISERROR(VLOOKUP($P62,'M1'!$A:$C,R$2,FALSE)),IF(ISERROR(VLOOKUP(DATA!$P62,'M2'!$A:$C,R$2,FALSE)),"NOT PRESENT",VLOOKUP(DATA!$P62,'M2'!$A:$C,R$2,FALSE)),VLOOKUP($P62,'M1'!$A:$C,R$2,FALSE)),"SPECIFY METHOD"))) -> Purple sea star | S62: =SUM(T62:AV62) -> 1 | T62: 0 | Z62: 1
A63: =MAX($A$1:$A62)+1 -> 61 | B63: =IF(ISERROR(B62),IF(ISERROR(B61),IF(ISERROR(B60),"BLANK",B60),B61),B62) -> Jasmin Schuster | C63: =IF(ISERROR(C62),IF(ISERROR(C61),IF(ISERROR(C60),"BLANK",C60),C61),C62) -> Tom Bird | D63: =IF(ISERROR(D62),IF(ISERROR(D61),IF(ISERROR(D60),"BLANK",D60),D61),D62) -> BMSC9 | E63: =IF(ISERROR(VLOOKUP($D63,SITES!$A:$E,2,FALSE)),"",VLOOKUP($D63,SITES!$A:$E,2,FALSE)) -> Eagle Bay | F63: =IF(ISERROR(VLOOKUP($D63,SITES!$A:$E,3,FALSE)),"",VLOOKUP($D63,SITES!$A:$E,3,FALSE)) -> 48.834789 | G63: =IF(ISERROR(VLOOKUP($D63,SITES!$A:$E,4,FALSE)),"",VLOOKUP($D63,SITES!$A:$E,4,FALSE)) -> -125.14703 | H63: =IF(ISERROR(H62),IF(ISERROR(H61),IF(ISERROR(H60),"BLANK",H60),H61),H62) -> 4/23/2024 | I63: =IF(ISERROR(I62),IF(ISERROR(I61),IF(ISERROR(I60),"BLANK",I60),I61),I62) -> 2 | J63: =IF(ISERROR(J62),IF(ISERROR(J61),IF(ISERROR(J60),"BLANK",J60),J61),J62) -> SW | K63: =IF(ISERROR(K62),IF(ISERROR(K61),IF(ISERROR(K60),"BLANK",K60),K61),K62) -> 0.525 | L63: =IF(ISERROR(L62),IF(ISERROR(L61),IF(ISERROR(L60),"BLANK",L60),L61),L62) -> 6.5 | M63: =IF(ISERROR(M62),IF(ISERROR(M61),IF(ISERROR(M60),"BLANK",M60),M61),M62) -> 2 | N63: =IF(ISERROR(N62),IF(ISERROR(N61),IF(ISERROR(N60),"BLANK",N60),N61),N62) -> 1 | O63: 24 | P63: Henricia | Q63: =IF($M63=1,IF(ISERROR(VLOOKUP($P63,'M1'!$A:$C,Q$2,FALSE)),"NOT PRESENT",VLOOKUP($P63,'M1'!$A:$C,Q$2,FALSE)),IF($M63=2,IF(ISERROR(VLOOKUP(DATA!$P63,'M2'!$A:$C,Q$2,FALSE)),"NOT PRESENT",VLOOKUP(DATA!$P63,'M2'!$A:$C,Q$2,FALSE)),IF($M63=0,IF(ISERROR(VLOOKUP($P63,'M1'!$A:$C,Q$2,FALSE)),IF(ISERROR(VLOOKUP(DATA!$P63,'M2'!$A:$C,Q$2,FALSE)),"NOT PRESENT",VLOOKUP(DATA!$P63,'M2'!$A:$C,Q$2,FALSE)),VLOOKUP($P63,'M1'!$A:$C,Q$2,FALSE)),"SPECIFY METHOD"))) -> Henricia sp. | R63: =IF($M63=1,IF(ISERROR(VLOOKUP($P63,'M1'!$A:$C,R$2,FALSE)),"NOT PRESENT",VLOOKUP($P63,'M1'!$A:$C,R$2,FALSE)),IF($M63=2,IF(ISERROR(VLOOKUP(DATA!$P63,'M2'!$A:$C,R$2,FALSE)),"NOT PRESENT",VLOOKUP(DATA!$P63,'M2'!$A:$C,R$2,FALSE)),IF($M63=0,IF(ISERROR(VLOOKUP($P63,'M1'!$A:$C,R$2,FALSE)),IF(ISERROR(VLOOKUP(DATA!$P63,'M2'!$A:$C,R$2,FALSE)),"NOT PRESENT",VLOOKUP(DATA!$P63,'M2'!$A:$C,R$2,FALSE)),VLOOKUP($P63,'M1'!$A:$C,R$2,FALSE)),"SPECIFY METHOD"))) -> Unidentified blood star | S63: =SUM(T63:AV63) -> 1 | T63: 0 | W63: 1
A64: =MAX($A$1:$A63)+1 -> 62 | B64: =IF(ISERROR(B63),IF(ISERROR(B62),IF(ISERROR(B61),"BLANK",B61),B62),B63) -> Jasmin Schuster | C64: =IF(ISERROR(C63),IF(ISERROR(C62),IF(ISERROR(C61),"BLANK",C61),C62),C63) -> Tom Bird | D64: =IF(ISERROR(D63),IF(ISERROR(D62),IF(ISERROR(D61),"BLANK",D61),D62),D63) -> BMSC9 | E64: =IF(ISERROR(VLOOKUP($D64,SITES!$A:$E,2,FALSE)),"",VLOOKUP($D64,SITES!$A:$E,2,FALSE)) -> Eagle Bay | F64: =IF(ISERROR(VLOOKUP($D64,SITES!$A:$E,3,FALSE)),"",VLOOKUP($D64,SITES!$A:$E,3,FALSE)) -> 48.834789 | G64: =IF(ISERROR(VLOOKUP($D64,SITES!$A:$E,4,FALSE)),"",VLOOKUP($D64,SITES!$A:$E,4,FALSE)) -> -125.14703 | H64: =IF(ISERROR(H63),IF(ISERROR(H62),IF(ISERROR(H61),"BLANK",H61),H62),H63) -> 4/23/2024 | I64: =IF(ISERROR(I63),IF(ISERROR(I62),IF(ISERROR(I61),"BLANK",I61),I62),I63) -> 2 | J64: =IF(ISERROR(J63),IF(ISERROR(J62),IF(ISERROR(J61),"BLANK",J61),J62),J63) -> SW | K64: =IF(ISERROR(K63),IF(ISERROR(K62),IF(ISERROR(K61),"BLANK",K61),K62),K63) -> 0.525 | L64: =IF(ISERROR(L63),IF(ISERROR(L62),IF(ISERROR(L61),"BLANK",L61),L62),L63) -> 6.5 | M64: =IF(ISERROR(M63),IF(ISERROR(M62),IF(ISERROR(M61),"BLANK",M61),M62),M63) -> 2 | N64: =IF(ISERROR(N63),IF(ISERROR(N62),IF(ISERROR(N61),"BLANK",N61),N62),N63) -> 1 | O64: 16 | P64: mfra | Q64: =IF($M64=1,IF(ISERROR(VLOOKUP($P64,'M1'!$A:$C,Q$2,FALSE)),"NOT PRESENT",VLOOKUP($P64,'M1'!$A:$C,Q$2,FALSE)),IF($M64=2,IF(ISERROR(VLOOKUP(DATA!$P64,'M2'!$A:$C,Q$2,FALSE)),"NOT PRESENT",VLOOKUP(DATA!$P64,'M2'!$A:$C,Q$2,FALSE)),IF($M64=0,IF(ISERROR(VLOOKUP($P64,'M1'!$A:$C,Q$2,FALSE)),IF(ISERROR(VLOOKUP(DATA!$P64,'M2'!$A:$C,Q$2,FALSE)),"NOT PRESENT",VLOOKUP(DATA!$P64,'M2'!$A:$C,Q$2,FALSE)),VLOOKUP($P64,'M1'!$A:$C,Q$2,FALSE)),"SPECIFY METHOD"))) -> Mesocentrotus franciscanus | R64: =IF($M64=1,IF(ISERROR(VLOOKUP($P64,'M1'!$A:$C,R$2,FALSE)),"NOT PRESENT",VLOOKUP($P64,'M1'!$A:$C,R$2,FALSE)),IF($M64=2,IF(ISERROR(VLOOKUP(DATA!$P64,'M2'!$A:$C,R$2,FALSE)),"NOT PRESENT",VLOOKUP(DATA!$P64,'M2'!$A:$C,R$2,FALSE)),IF($M64=0,IF(ISERROR(VLOOKUP($P64,'M1'!$A:$C,R$2,FALSE)),IF(ISERROR(VLOOKUP(DATA!$P64,'M2'!$A:$C,R$2,FALSE)),"NOT PRESENT",VLOOKUP(DATA!$P64,'M2'!$A:$C,R$2,FALSE)),VLOOKUP($P64,'M1'!$A:$C,R$2,FALSE)),"SPECIFY METHOD"))) -> Red sea urchin | S64: =SUM(T64:AV64) -> 2 | T64: 0 | V64: 1 | W64: 1
A65: =MAX($A$1:$A64)+1 -> 63 | B65: =IF(ISERROR(B64),IF(ISERROR(B63),IF(ISERROR(B62),"BLANK",B62),B63),B64) -> Jasmin Schuster | C65: =IF(ISERROR(C64),IF(ISERROR(C63),IF(ISERROR(C62),"BLANK",C62),C63),C64) -> Tom Bird | D65: =IF(ISERROR(D64),IF(ISERROR(D63),IF(ISERROR(D62),"BLANK",D62),D63),D64) -> BMSC9 | E65: =IF(ISERROR(VLOOKUP($D65,SITES!$A:$E,2,FALSE)),"",VLOOKUP($D65,SITES!$A:$E,2,FALSE)) -> Eagle Bay | F65: =IF(ISERROR(VLOOKUP($D65,SITES!$A:$E,3,FALSE)),"",VLOOKUP($D65,SITES!$A:$E,3,FALSE)) -> 48.834789 | G65: =IF(ISERROR(VLOOKUP($D65,SITES!$A:$E,4,FALSE)),"",VLOOKUP($D65,SITES!$A:$E,4,FALSE)) -> -125.14703 | H65: =IF(ISERROR(H64),IF(ISERROR(H63),IF(ISERROR(H62),"BLANK",H62),H63),H64) -> 4/23/2024 | I65: =IF(ISERROR(I64),IF(ISERROR(I63),IF(ISERROR(I62),"BLANK",I62),I63),I64) -> 2 | J65: =IF(ISERROR(J64),IF(ISERROR(J63),IF(ISERROR(J62),"BLANK",J62),J63),J64) -> SW | K65: =IF(ISERROR(K64),IF(ISERROR(K63),IF(ISERROR(K62),"BLANK",K62),K63),K64) -> 0.525 | L65: =IF(ISERROR(L64),IF(ISERROR(L63),IF(ISERROR(L62),"BLANK",L62),L63),L64) -> 6.5 | M65: =IF(ISERROR(M64),IF(ISERROR(M63),IF(ISERROR(M62),"BLANK",M62),M63),M64) -> 2 | N65: =IF(ISERROR(N64),IF(ISERROR(N63),IF(ISERROR(N62),"BLANK",N62),N63),N64) -> 1 | O65: 16 | P65: Poc | Q65: =IF($M65=1,IF(ISERROR(VLOOKUP($P65,'M1'!$A:$C,Q$2,FALSE)),"NOT PRESENT",VLOOKUP($P65,'M1'!$A:$C,Q$2,FALSE)),IF($M65=2,IF(ISERROR(VLOOKUP(DATA!$P65,'M2'!$A:$C,Q$2,FALSE)),"NOT PRESENT",VLOOKUP(DATA!$P65,'M2'!$A:$C,Q$2,FALSE)),IF($M65=0,IF(ISERROR(VLOOKUP($P65,'M1'!$A:$C,Q$2,FALSE)),IF(ISERROR(VLOOKUP(DATA!$P65,'M2'!$A:$C,Q$2,FALSE)),"NOT PRESENT",VLOOKUP(DATA!$P65,'M2'!$A:$C,Q$2,FALSE)),VLOOKUP($P65,'M1'!$A:$C,Q$2,FALSE)),"SPECIFY METHOD"))) -> Pisaster ochraceus | R65: =IF($M65=1,IF(ISERROR(VLOOKUP($P65,'M1'!$A:$C,R$2,FALSE)),"NOT PRESENT",VLOOKUP($P65,'M1'!$A:$C,R$2,FALSE)),IF($M65=2,IF(ISERROR(VLOOKUP(DATA!$P65,'M2'!$A:$C,R$2,FALSE)),"NOT PRESENT",VLOOKUP(DATA!$P65,'M2'!$A:$C,R$2,FALSE)),IF($M65=0,IF(ISERROR(VLOOKUP($P65,'M1'!$A:$C,R$2,FALSE)),IF(ISERROR(VLOOKUP(DATA!$P65,'M2'!$A:$C,R$2,FALSE)),"NOT PRESENT",VLOOKUP(DATA!$P65,'M2'!$A:$C,R$2,FALSE)),VLOOKUP($P65,'M1'!$A:$C,R$2,FALSE)),"SPECIFY METHOD"))) -> Purple sea star | S65: =SUM(T65:AV65) -> 1 | T65: 0 | Y65: 1
A66: =MAX($A$1:$A65)+1 -> 64 | B66: =IF(ISERROR(B65),IF(ISERROR(B64),IF(ISERROR(B63),"BLANK",B63),B64),B65) -> Jasmin Schuster | C66: =IF(ISERROR(C65),IF(ISERROR(C64),IF(ISERROR(C63),"BLANK",C63),C64),C65) -> Tom Bird | D66: =IF(ISERROR(D65),IF(ISERROR(D64),IF(ISERROR(D63),"BLANK",D63),D64),D65) -> BMSC9 | E66: =IF(ISERROR(VLOOKUP($D66,SITES!$A:$E,2,FALSE)),"",VLOOKUP($D66,SITES!$A:$E,2,FALSE)) -> Eagle Bay | F66: =IF(ISERROR(VLOOKUP($D66,SITES!$A:$E,3,FALSE)),"",VLOOKUP($D66,SITES!$A:$E,3,FALSE)) -> 48.834789 | G66: =IF(ISERROR(VLOOKUP($D66,SITES!$A:$E,4,FALSE)),"",VLOOKUP($D66,SITES!$A:$E,4,FALSE)) -> -125.14703 | H66: =IF(ISERROR(H65),IF(ISERROR(H64),IF(ISERROR(H63),"BLANK",H63),H64),H65) -> 4/23/2024 | I66: =IF(ISERROR(I65),IF(ISERROR(I64),IF(ISERROR(I63),"BLANK",I63),I64),I65) -> 2 | J66: =IF(ISERROR(J65),IF(ISERROR(J64),IF(ISERROR(J63),"BLANK",J63),J64),J65) -> SW | K66: =IF(ISERROR(K65),IF(ISERROR(K64),IF(ISERROR(K63),"BLANK",K63),K64),K65) -> 0.525 | L66: =IF(ISERROR(L65),IF(ISERROR(L64),IF(ISERROR(L63),"BLANK",L63),L64),L65) -> 6.5 | M66: =IF(ISERROR(M65),IF(ISERROR(M64),IF(ISERROR(M63),"BLANK",M63),M64),M65) -> 2 | N66: =IF(ISERROR(N65),IF(ISERROR(N64),IF(ISERROR(N63),"BLANK",N63),N64),N65) -> 1 | O66: 8 | P66: mfra | Q66: =IF($M66=1,IF(ISERROR(VLOOKUP($P66,'M1'!$A:$C,Q$2,FALSE)),"NOT PRESENT",VLOOKUP($P66,'M1'!$A:$C,Q$2,FALSE)),IF($M66=2,IF(ISERROR(VLOOKUP(DATA!$P66,'M2'!$A:$C,Q$2,FALSE)),"NOT PRESENT",VLOOKUP(DATA!$P66,'M2'!$A:$C,Q$2,FALSE)),IF($M66=0,IF(ISERROR(VLOOKUP($P66,'M1'!$A:$C,Q$2,FALSE)),IF(ISERROR(VLOOKUP(DATA!$P66,'M2'!$A:$C,Q$2,FALSE)),"NOT PRESENT",VLOOKUP(DATA!$P66,'M2'!$A:$C,Q$2,FALSE)),VLOOKUP($P66,'M1'!$A:$C,Q$2,FALSE)),"SPECIFY METHOD"))) -> Mesocentrotus franciscanus | R66: =IF($M66=1,IF(ISERROR(VLOOKUP($P66,'M1'!$A:$C,R$2,FALSE)),"NOT PRESENT",VLOOKUP($P66,'M1'!$A:$C,R$2,FALSE)),IF($M66=2,IF(ISERROR(VLOOKUP(DATA!$P66,'M2'!$A:$C,R$2,FALSE)),"NOT PRESENT",VLOOKUP(DATA!$P66,'M2'!$A:$C,R$2,FALSE)),IF($M66=0,IF(ISERROR(VLOOKUP($P66,'M1'!$A:$C,R$2,FALSE)),IF(ISERROR(VLOOKUP(DATA!$P66,'M2'!$A:$C,R$2,FALSE)),"NOT PRESENT",VLOOKUP(DATA!$P66,'M2'!$A:$C,R$2,FALSE)),VLOOKUP($P66,'M1'!$A:$C,R$2,FALSE)),"SPECIFY METHOD"))) -> Red sea urchin | S66: =SUM(T66:AV66) -> 2 | T66: 0 | W66: 2
A67: =MAX($A$1:$A66)+1 -> 65 | B67: =IF(ISERROR(B66),IF(ISERROR(B65),IF(ISERROR(B64),"BLANK",B64),B65),B66) -> Jasmin Schuster | C67: =IF(ISERROR(C66),IF(ISERROR(C65),IF(ISERROR(C64),"BLANK",C64),C65),C66) -> Tom Bird | D67: =IF(ISERROR(D66),IF(ISERROR(D65),IF(ISERROR(D64),"BLANK",D64),D65),D66) -> BMSC9 | E67: =IF(ISERROR(VLOOKUP($D67,SITES!$A:$E,2,FALSE)),"",VLOOKUP($D67,SITES!$A:$E,2,FALSE)) -> Eagle Bay | F67: =IF(ISERROR(VLOOKUP($D67,SITES!$A:$E,3,FALSE)),"",VLOOKUP($D67,SITES!$A:$E,3,FALSE)) -> 48.834789 | G67: =IF(ISERROR(VLOOKUP($D67,SITES!$A:$E,4,FALSE)),"",VLOOKUP($D67,SITES!$A:$E,4,FALSE)) -> -125.14703 | H67: =IF(ISERROR(H66),IF(ISERROR(H65),IF(ISERROR(H64),"BLANK",H64),H65),H66) -> 4/23/2024 | I67: =IF(ISERROR(I66),IF(ISERROR(I65),IF(ISERROR(I64),"BLANK",I64),I65),I66) -> 2 | J67: =IF(ISERROR(J66),IF(ISERROR(J65),IF(ISERROR(J64),"BLANK",J64),J65),J66) -> SW | K67: =IF(ISERROR(K66),IF(ISERROR(K65),IF(ISERROR(K64),"BLANK",K64),K65),K66) -> 0.525 | L67: =IF(ISERROR(L66),IF(ISERROR(L65),IF(ISERROR(L64),"BLANK",L64),L65),L66) -> 6.5 | M67: =IF(ISERROR(M66),IF(ISERROR(M65),IF(ISERROR(M64),"BLANK",M64),M65),M66) -> 2 | N67: =IF(ISERROR(N66),IF(ISERROR(N65),IF(ISERROR(N64),"BLANK",N64),N65),N66) -> 1 | O67: 8 | P67: Dim | Q67: =IF($M67=1,IF(ISERROR(VLOOKUP($P67,'M1'!$A:$C,Q$2,FALSE)),"NOT PRESENT",VLOOKUP($P67,'M1'!$A:$C,Q$2,FALSE)),IF($M67=2,IF(ISERROR(VLOOKUP(DATA!$P67,'M2'!$A:$C,Q$2,FALSE)),"NOT PRESENT",VLOOKUP(DATA!$P67,'M2'!$A:$C,Q$2,FALSE)),IF($M67=0,IF(ISERROR(VLOOKUP($P67,'M1'!$A:$C,Q$2,FALSE)),IF(ISERROR(VLOOKUP(DATA!$P67,'M2'!$A:$C,Q$2,FALSE)),"NOT PRESENT",VLOOKUP(DATA!$P67,'M2'!$A:$C,Q$2,FALSE)),VLOOKUP($P67,'M1'!$A:$C,Q$2,FALSE)),"SPECIFY METHOD"))) -> Dermasterias imbricata | R67: =IF($M67=1,IF(ISERROR(VLOOKUP($P67,'M1'!$A:$C,R$2,FALSE)),"NOT PRESENT",VLOOKUP($P67,'M1'!$A:$C,R$2,FALSE)),IF($M67=2,IF(ISERROR(VLOOKUP(DATA!$P67,'M2'!$A:$C,R$2,FALSE)),"NOT PRESENT",VLOOKUP(DATA!$P67,'M2'!$A:$C,R$2,FALSE)),IF($M67=0,IF(ISERROR(VLOOKUP($P67,'M1'!$A:$C,R$2,FALSE)),IF(ISERROR(VLOOKUP(DATA!$P67,'M2'!$A:$C,R$2,FALSE)),"NOT PRESENT",VLOOKUP(DATA!$P67,'M2'!$A:$C,R$2,FALSE)),VLOOKUP($P67,'M1'!$A:$C,R$2,FALSE)),"SPECIFY METHOD"))) -> Leather star | S67: =SUM(T67:AV67) -> 1 | T67: 0 | W67: 1
A68: =MAX($A$1:$A67)+1 -> 66 | B68: =IF(ISERROR(B67),IF(ISERROR(B66),IF(ISERROR(B65),"BLANK",B65),B66),B67) -> Jasmin Schuster | C68: =IF(ISERROR(C67),IF(ISERROR(C66),IF(ISERROR(C65),"BLANK",C65),C66),C67) -> Tom Bird | D68: =IF(ISERROR(D67),IF(ISERROR(D66),IF(ISERROR(D65),"BLANK",D65),D66),D67) -> BMSC9 | E68: =IF(ISERROR(VLOOKUP($D68,SITES!$A:$E,2,FALSE)),"",VLOOKUP($D68,SITES!$A:$E,2,FALSE)) -> Eagle Bay | F68: =IF(ISERROR(VLOOKUP($D68,SITES!$A:$E,3,FALSE)),"",VLOOKUP($D68,SITES!$A:$E,3,FALSE)) -> 48.834789 | G68: =IF(ISERROR(VLOOKUP($D68,SITES!$A:$E,4,FALSE)),"",VLOOKUP($D68,SITES!$A:$E,4,FALSE)) -> -125.14703 | H68: =IF(ISERROR(H67),IF(ISERROR(H66),IF(ISERROR(H65),"BLANK",H65),H66),H67) -> 4/23/2024 | I68: =IF(ISERROR(I67),IF(ISERROR(I66),IF(ISERROR(I65),"BLANK",I65),I66),I67) -> 2 | J68: =IF(ISERROR(J67),IF(ISERROR(J66),IF(ISERROR(J65),"BLANK",J65),J66),J67) -> SW | K68: =IF(ISERROR(K67),IF(ISERROR(K66),IF(ISERROR(K65),"BLANK",K65),K66),K67) -> 0.525 | L68: =IF(ISERROR(L67),IF(ISERROR(L66),IF(ISERROR(L65),"BLANK",L65),L66),L67) -> 6.5 | M68: =IF(ISERROR(M67),IF(ISERROR(M66),IF(ISERROR(M65),"BLANK",M65),M66),M67) -> 2 | N68: =IF(ISERROR(N67),IF(ISERROR(N66),IF(ISERROR(N65),"BLANK",N65),N66),N67) -> 1 | O68: 8 | P68: Henricia | Q68: =IF($M68=1,IF(ISERROR(VLOOKUP($P68,'M1'!$A:$C,Q$2,FALSE)),"NOT PRESENT",VLOOKUP($P68,'M1'!$A:$C,Q$2,FALSE)),IF($M68=2,IF(ISERROR(VLOOKUP(DATA!$P68,'M2'!$A:$C,Q$2,FALSE)),"NOT PRESENT",VLOOKUP(DATA!$P68,'M2'!$A:$C,Q$2,FALSE)),IF($M68=0,IF(ISERROR(VLOOKUP($P68,'M1'!$A:$C,Q$2,FALSE)),IF(ISERROR(VLOOKUP(DATA!$P68,'M2'!$A:$C,Q$2,FALSE)),"NOT PRESENT",VLOOKUP(DATA!$P68,'M2'!$A:$C,Q$2,FALSE)),VLOOKUP($P68,'M1'!$A:$C,Q$2,FALSE)),"SPECIFY METHOD"))) -> Henricia sp. | R68: =IF($M68=1,IF(ISERROR(VLOOKUP($P68,'M1'!$A:$C,R$2,FALSE)),"NOT PRESENT",VLOOKUP($P68,'M1'!$A:$C,R$2,FALSE)),IF($M68=2,IF(ISERROR(VLOOKUP(DATA!$P68,'M2'!$A:$C,R$2,FALSE)),"NOT PRESENT",VLOOKUP(DATA!$P68,'M2'!$A:$C,R$2,FALSE)),IF($M68=0,IF(ISERROR(VLOOKUP($P68,'M1'!$A:$C,R$2,FALSE)),IF(ISERROR(VLOOKUP(DATA!$P68,'M2'!$A:$C,R$2,FALSE)),"NOT PRESENT",VLOOKUP(DATA!$P68,'M2'!$A:$C,R$2,FALSE)),VLOOKUP($P68,'M1'!$A:$C,R$2,FALSE)),"SPECIFY METHOD"))) -> Unidentified blood star | S68: =SUM(T68:AV68) -> 1 | T68: 0 | W68: 1
A69: =MAX($A$1:$A68)+1 -> 67 | B69: =IF(ISERROR(B68),IF(ISERROR(B67),IF(ISERROR(B66),"BLANK",B66),B67),B68) -> Jasmin Schuster | C69: =IF(ISERROR(C68),IF(ISERROR(C67),IF(ISERROR(C66),"BLANK",C66),C67),C68) -> Tom Bird | D69: =IF(ISERROR(D68),IF(ISERROR(D67),IF(ISERROR(D66),"BLANK",D66),D67),D68) -> BMSC9 | E69: =IF(ISERROR(VLOOKUP($D69,SITES!$A:$E,2,FALSE)),"",VLOOKUP($D69,SITES!$A:$E,2,FALSE)) -> Eagle Bay | F69: =IF(ISERROR(VLOOKUP($D69,SITES!$A:$E,3,FALSE)),"",VLOOKUP($D69,SITES!$A:$E,3,FALSE)) -> 48.834789 | G69: =IF(ISERROR(VLOOKUP($D69,SITES!$A:$E,4,FALSE)),"",VLOOKUP($D69,SITES!$A:$E,4,FALSE)) -> -125.14703 | H69: =IF(ISERROR(H68),IF(ISERROR(H67),IF(ISERROR(H66),"BLANK",H66),H67),H68) -> 4/23/2024 | I69: =IF(ISERROR(I68),IF(ISERROR(I67),IF(ISERROR(I66),"BLANK",I66),I67),I68) -> 2 | J69: =IF(ISERROR(J68),IF(ISERROR(J67),IF(ISERROR(J66),"BLANK",J66),J67),J68) -> SW | K69: =IF(ISERROR(K68),IF(ISERROR(K67),IF(ISERROR(K66),"BLANK",K66),K67),K68) -> 0.525 | L69: =IF(ISERROR(L68),IF(ISERROR(L67),IF(ISERROR(L66),"BLANK",L66),L67),L68) -> 6.5 | M69: =IF(ISERROR(M68),IF(ISERROR(M67),IF(ISERROR(M66),"BLANK",M66),M67),M68) -> 2 | N69: =IF(ISERROR(N68),IF(ISERROR(N67),IF(ISERROR(N66),"BLANK",N66),N67),N68) -> 1 | O69: 0 | P69: mfra | Q69: =IF($M69=1,IF(ISERROR(VLOOKUP($P69,'M1'!$A:$C,Q$2,FALSE)),"NOT PRESENT",VLOOKUP($P69,'M1'!$A:$C,Q$2,FALSE)),IF($M69=2,IF(ISERROR(VLOOKUP(DATA!$P69,'M2'!$A:$C,Q$2,FALSE)),"NOT PRESENT",VLOOKUP(DATA!$P69,'M2'!$A:$C,Q$2,FALSE)),IF($M69=0,IF(ISERROR(VLOOKUP($P69,'M1'!$A:$C,Q$2,FALSE)),IF(ISERROR(VLOOKUP(DATA!$P69,'M2'!$A:$C,Q$2,FALSE)),"NOT PRESENT",VLOOKUP(DATA!$P69,'M2'!$A:$C,Q$2,FALSE)),VLOOKUP($P69,'M1'!$A:$C,Q$2,FALSE)),"SPECIFY METHOD"))) -> Mesocentrotus franciscanus | R69: =IF($M69=1,IF(ISERROR(VLOOKUP($P69,'M1'!$A:$C,R$2,FALSE)),"NOT PRESENT",VLOOKUP($P69,'M1'!$A:$C,R$2,FALSE)),IF($M69=2,IF(ISERROR(VLOOKUP(DATA!$P69,'M2'!$A:$C,R$2,FALSE)),"NOT PRESENT",VLOOKUP(DATA!$P69,'M2'!$A:$C,R$2,FALSE)),IF($M69=0,IF(ISERROR(VLOOKUP($P69,'M1'!$A:$C,R$2,FALSE)),IF(ISERROR(VLOOKUP(DATA!$P69,'M2'!$A:$C,R$2,FALSE)),"NOT PRESENT",VLOOKUP(DATA!$P69,'M2'!$A:$C,R$2,FALSE)),VLOOKUP($P69,'M1'!$A:$C,R$2,FALSE)),"SPECIFY METHOD"))) -> Red sea urchin | S69: =SUM(T69:AV69) -> 3 | T69: 0 | V69: 1 | W69: 1 | X69: 1
A70: =MAX($A$1:$A69)+1 -> 68 | B70: =IF(ISERROR(B69),IF(ISERROR(B68),IF(ISERROR(B67),"BLANK",B67),B68),B69) -> Jasmin Schuster | C70: =IF(ISERROR(C69),IF(ISERROR(C68),IF(ISERROR(C67),"BLANK",C67),C68),C69) -> Tom Bird | D70: BMSC25 | E70: =IF(ISERROR(VLOOKUP($D70,SITES!$A:$E,2,FALSE)),"",VLOOKUP($D70,SITES!$A:$E,2,FALSE)) -> Goby Town | F70: =IF(ISERROR(VLOOKUP($D70,SITES!$A:$E,3,FALSE)),"",VLOOKUP($D70,SITES!$A:$E,3,FALSE)) -> 48.838595 | G70: =IF(ISERROR(VLOOKUP($D70,SITES!$A:$E,4,FALSE)),"",VLOOKUP($D70,SITES!$A:$E,4,FALSE)) -> -125.13501 | H70: =IF(ISERROR(H69),IF(ISERROR(H68),IF(ISERROR(H67),"BLANK",H67),H68),H69) -> 4/23/2024 | I70: 3 | J70: S | K70: 0.61805556 | L70: 5.5 | M70: =IF(ISERROR(M69),IF(ISERROR(M68),IF(ISERROR(M67),"BLANK",M67),M68),M69) -> 2 | N70: =IF(ISERROR(N69),IF(ISERROR(N68),IF(ISERROR(N67),"BLANK",N67),N68),N69) -> 1 | O70: 48 | P70: =IF(ISERROR(P69),IF(ISERROR(P68),IF(ISERROR(P67),"BLANK",P67),P68),P69) -> mfra | Q70: =IF($M70=1,IF(ISERROR(VLOOKUP($P70,'M1'!$A:$C,Q$2,FALSE)),"NOT PRESENT",VLOOKUP($P70,'M1'!$A:$C,Q$2,FALSE)),IF($M70=2,IF(ISERROR(VLOOKUP(DATA!$P70,'M2'!$A:$C,Q$2,FALSE)),"NOT PRESENT",VLOOKUP(DATA!$P70,'M2'!$A:$C,Q$2,FALSE)),IF($M70=0,IF(ISERROR(VLOOKUP($P70,'M1'!$A:$C,Q$2,FALSE)),IF(ISERROR(VLOOKUP(DATA!$P70,'M2'!$A:$C,Q$2,FALSE)),"NOT PRESENT",VLOOKUP(DATA!$P70,'M2'!$A:$C,Q$2,FALSE)),VLOOKUP($P70,'M1'!$A:$C,Q$2,FALSE)),"SPECIFY METHOD"))) -> Mesocentrotus franciscanus | R70: =IF($M70=1,IF(ISERROR(VLOOKUP($P70,'M1'!$A:$C,R$2,FALSE)),"NOT PRESENT",VLOOKUP($P70,'M1'!$A:$C,R$2,FALSE)),IF($M70=2,IF(ISERROR(VLOOKUP(DATA!$P70,'M2'!$A:$C,R$2,FALSE)),"NOT PRESENT",VLOOKUP(DATA!$P70,'M2'!$A:$C,R$2,FALSE)),IF($M70=0,IF(ISERROR(VLOOKUP($P70,'M1'!$A:$C,R$2,FALSE)),IF(ISERROR(VLOOKUP(DATA!$P70,'M2'!$A:$C,R$2,FALSE)),"NOT PRESENT",VLOOKUP(DATA!$P70,'M2'!$A:$C,R$2,FALSE)),VLOOKUP($P70,'M1'!$A:$C,R$2,FALSE)),"SPECIFY METHOD"))) -> Red sea urchin | S70: =SUM(T70:AV70) -> 3 | T70: 0 | V70: 2 | W70: 1
A71: =MAX($A$1:$A70)+1 -> 69 | B71: =IF(ISERROR(B70),IF(ISERROR(B69),IF(ISERROR(B68),"BLANK",B68),B69),B70) -> Jasmin Schuster | C71: =IF(ISERROR(C70),IF(ISERROR(C69),IF(ISERROR(C68),"BLANK",C68),C69),C70) -> Tom Bird | D71: =IF(ISERROR(D70),IF(ISERROR(D69),IF(ISERROR(D68),"BLANK",D68),D69),D70) -> BMSC25 | E71: =IF(ISERROR(VLOOKUP($D71,SITES!$A:$E,2,FALSE)),"",VLOOKUP($D71,SITES!$A:$E,2,FALSE)) -> Goby Town | F71: =IF(ISERROR(VLOOKUP($D71,SITES!$A:$E,3,FALSE)),"",VLOOKUP($D71,SITES!$A:$E,3,FALSE)) -> 48.838595 | G71: =IF(ISERROR(VLOOKUP($D71,SITES!$A:$E,4,FALSE)),"",VLOOKUP($D71,SITES!$A:$E,4,FALSE)) -> -125.13501 | H71: =IF(ISERROR(H70),IF(ISERROR(H69),IF(ISERROR(H68),"BLANK",H68),H69),H70) -> 4/23/2024 | I71: =IF(ISERROR(I70),IF(ISERROR(I69),IF(ISERROR(I68),"BLANK",I68),I69),I70) -> 3 | J71: =IF(ISERROR(J70),IF(ISERROR(J69),IF(ISERROR(J68),"BLANK",J68),J69),J70) -> S | K71: =IF(ISERROR(K70),IF(ISERROR(K69),IF(ISERROR(K68),"BLANK",K68),K69),K70) -> 0.61805556 | L71: =IF(ISERROR(L70),IF(ISERROR(L69),IF(ISERROR(L68),"BLANK",L68),L69),L70) -> 5.5 | M71: =IF(ISERROR(M70),IF(ISERROR(M69),IF(ISERROR(M68),"BLANK",M68),M69),M70) -> 2 | N71: =IF(ISERROR(N70),IF(ISERROR(N69),IF(ISERROR(N68),"BLANK",N68),N69),N70) -> 1 | O71: 32 | P71: =IF(ISERROR(P70),IF(ISERROR(P69),IF(ISERROR(P68),"BLANK",P68),P69),P70) -> mfra | Q71: =IF($M71=1,IF(ISERROR(VLOOKUP($P71,'M1'!$A:$C,Q$2,FALSE)),"NOT PRESENT",VLOOKUP($P71,'M1'!$A:$C,Q$2,FALSE)),IF($M71=2,IF(ISERROR(VLOOKUP(DATA!$P71,'M2'!$A:$C,Q$2,FALSE)),"NOT PRESENT",VLOOKUP(DATA!$P71,'M2'!$A:$C,Q$2,FALSE)),IF($M71=0,IF(ISERROR(VLOOKUP($P71,'M1'!$A:$C,Q$2,FALSE)),IF(ISERROR(VLOOKUP(DATA!$P71,'M2'!$A:$C,Q$2,FALSE)),"NOT PRESENT",VLOOKUP(DATA!$P71,'M2'!$A:$C,Q$2,FALSE)),VLOOKUP($P71,'M1'!$A:$C,Q$2,FALSE)),"SPECIFY METHOD"))) -> Mesocentrotus franciscanus | R71: =IF($M71=1,IF(ISERROR(VLOOKUP($P71,'M1'!$A:$C,R$2,FALSE)),"NOT PRESENT",VLOOKUP($P71,'M1'!$A:$C,R$2,FALSE)),IF($M71=2,IF(ISERROR(VLOOKUP(DATA!$P71,'M2'!$A:$C,R$2,FALSE)),"NOT PRESENT",VLOOKUP(DATA!$P71,'M2'!$A:$C,R$2,FALSE)),IF($M71=0,IF(ISERROR(VLOOKUP($P71,'M1'!$A:$C,R$2,FALSE)),IF(ISERROR(VLOOKUP(DATA!$P71,'M2'!$A:$C,R$2,FALSE)),"NOT PRESENT",VLOOKUP(DATA!$P71,'M2'!$A:$C,R$2,FALSE)),VLOOKUP($P71,'M1'!$A:$C,R$2,FALSE)),"SPECIFY METHOD"))) -> Red sea urchin | S71: =SUM(T71:AV71) -> 3 | T71: 0 | Y71: 3
A72: =MAX($A$1:$A71)+1 -> 70 | B72: =IF(ISERROR(B71),IF(ISERROR(B70),IF(ISERROR(B69),"BLANK",B69),B70),B71) -> Jasmin Schuster | C72: =IF(ISERROR(C71),IF(ISERROR(C70),IF(ISERROR(C69),"BLANK",C69),C70),C71) -> Tom Bird | D72: =IF(ISERROR(D71),IF(ISERROR(D70),IF(ISERROR(D69),"BLANK",D69),D70),D71) -> BMSC25 | E72: =IF(ISERROR(VLOOKUP($D72,SITES!$A:$E,2,FALSE)),"",VLOOKUP($D72,SITES!$A:$E,2,FALSE)) -> Goby Town | F72: =IF(ISERROR(VLOOKUP($D72,SITES!$A:$E,3,FALSE)),"",VLOOKUP($D72,SITES!$A:$E,3,FALSE)) -> 48.838595 | G72: =IF(ISERROR(VLOOKUP($D72,SITES!$A:$E,4,FALSE)),"",VLOOKUP($D72,SITES!$A:$E,4,FALSE)) -> -125.13501 | H72: =IF(ISERROR(H71),IF(ISERROR(H70),IF(ISERROR(H69),"BLANK",H69),H70),H71) -> 4/23/2024 | I72: =IF(ISERROR(I71),IF(ISERROR(I70),IF(ISERROR(I69),"BLANK",I69),I70),I71) -> 3 | J72: =IF(ISERROR(J71),IF(ISERROR(J70),IF(ISERROR(J69),"BLANK",J69),J70),J71) -> S | K72: =IF(ISERROR(K71),IF(ISERROR(K70),IF(ISERROR(K69),"BLANK",K69),K70),K71) -> 0.61805556 | L72: =IF(ISERROR(L71),IF(ISERROR(L70),IF(ISERROR(L69),"BLANK",L69),L70),L71) -> 5.5 | M72: =IF(ISERROR(M71),IF(ISERROR(M70),IF(ISERROR(M69),"BLANK",M69),M70),M71) -> 2 | N72: =IF(ISERROR(N71),IF(ISERROR(N70),IF(ISERROR(N69),"BLANK",N69),N70),N71) -> 1 | O72: 16 | P72: =IF(ISERROR(P71),IF(ISERROR(P70),IF(ISERROR(P69),"BLANK",P69),P70),P71) -> mfra | Q72: =IF($M72=1,IF(ISERROR(VLOOKUP($P72,'M1'!$A:$C,Q$2,FALSE)),"NOT PRESENT",VLOOKUP($P72,'M1'!$A:$C,Q$2,FALSE)),IF($M72=2,IF(ISERROR(VLOOKUP(DATA!$P72,'M2'!$A:$C,Q$2,FALSE)),"NOT PRESENT",VLOOKUP(DATA!$P72,'M2'!$A:$C,Q$2,FALSE)),IF($M72=0,IF(ISERROR(VLOOKUP($P72,'M1'!$A:$C,Q$2,FALSE)),IF(ISERROR(VLOOKUP(DATA!$P72,'M2'!$A:$C,Q$2,FALSE)),"NOT PRESENT",VLOOKUP(DATA!$P72,'M2'!$A:$C,Q$2,FALSE)),VLOOKUP($P72,'M1'!$A:$C,Q$2,FALSE)),"SPECIFY METHOD"))) -> Mesocentrotus franciscanus | R72: =IF($M72=1,IF(ISERROR(VLOOKUP($P72,'M1'!$A:$C,R$2,FALSE)),"NOT PRESENT",VLOOKUP($P72,'M1'!$A:$C,R$2,FALSE)),IF($M72=2,IF(ISERROR(VLOOKUP(DATA!$P72,'M2'!$A:$C,R$2,FALSE)),"NOT PRESENT",VLOOKUP(DATA!$P72,'M2'!$A:$C,R$2,FALSE)),IF($M72=0,IF(ISERROR(VLOOKUP($P72,'M1'!$A:$C,R$2,FALSE)),IF(ISERROR(VLOOKUP(DATA!$P72,'M2'!$A:$C,R$2,FALSE)),"NOT PRESENT",VLOOKUP(DATA!$P72,'M2'!$A:$C,R$2,FALSE)),VLOOKUP($P72,'M1'!$A:$C,R$2,FALSE)),"SPECIFY METHOD"))) -> Red sea urchin | S72: =SUM(T72:AV72) -> 3 | T72: 0 | U72: 1 | V72: 1 | W72: 1
A73: =MAX($A$1:$A72)+1 -> 71 | B73: =IF(ISERROR(B72),IF(ISERROR(B71),IF(ISERROR(B70),"BLANK",B70),B71),B72) -> Jasmin Schuster | C73: =IF(ISERROR(C72),IF(ISERROR(C71),IF(ISERROR(C70),"BLANK",C70),C71),C72) -> Tom Bird | D73: =IF(ISERROR(D72),IF(ISERROR(D71),IF(ISERROR(D70),"BLANK",D70),D71),D72) -> BMSC25 | E73: =IF(ISERROR(VLOOKUP($D73,SITES!$A:$E,2,FALSE)),"",VLOOKUP($D73,SITES!$A:$E,2,FALSE)) -> Goby Town | F73: =IF(ISERROR(VLOOKUP($D73,SITES!$A:$E,3,FALSE)),"",VLOOKUP($D73,SITES!$A:$E,3,FALSE)) -> 48.838595 | G73: =IF(ISERROR(VLOOKUP($D73,SITES!$A:$E,4,FALSE)),"",VLOOKUP($D73,SITES!$A:$E,4,FALSE)) -> -125.13501 | H73: =IF(ISERROR(H72),IF(ISERROR(H71),IF(ISERROR(H70),"BLANK",H70),H71),H72) -> 4/23/2024 | I73: =IF(ISERROR(I72),IF(ISERROR(I71),IF(ISERROR(I70),"BLANK",I70),I71),I72) -> 3 | J73: =IF(ISERROR(J72),IF(ISERROR(J71),IF(ISERROR(J70),"BLANK",J70),J71),J72) -> S | K73: =IF(ISERROR(K72),IF(ISERROR(K71),IF(ISERROR(K70),"BLANK",K70),K71),K72) -> 0.61805556 | L73: =IF(ISERROR(L72),IF(ISERROR(L71),IF(ISERROR(L70),"BLANK",L70),L71),L72) -> 5.5 | M73: =IF(ISERROR(M72),IF(ISERROR(M71),IF(ISERROR(M70),"BLANK",M70),M71),M72) -> 2 | N73: =IF(ISERROR(N72),IF(ISERROR(N71),IF(ISERROR(N70),"BLANK",N70),N71),N72) -> 1 | O73: 0 | P73: =IF(ISERROR(P72),IF(ISERROR(P71),IF(ISERROR(P70),"BLANK",P70),P71),P72) -> mfra | Q73: =IF($M73=1,IF(ISERROR(VLOOKUP($P73,'M1'!$A:$C,Q$2,FALSE)),"NOT PRESENT",VLOOKUP($P73,'M1'!$A:$C,Q$2,FALSE)),IF($M73=2,IF(ISERROR(VLOOKUP(DATA!$P73,'M2'!$A:$C,Q$2,FALSE)),"NOT PRESENT",VLOOKUP(DATA!$P73,'M2'!$A:$C,Q$2,FALSE)),IF($M73=0,IF(ISERROR(VLOOKUP($P73,'M1'!$A:$C,Q$2,FALSE)),IF(ISERROR(VLOOKUP(DATA!$P73,'M2'!$A:$C,Q$2,FALSE)),"NOT PRESENT",VLOOKUP(DATA!$P73,'M2'!$A:$C,Q$2,FALSE)),VLOOKUP($P73,'M1'!$A:$C,Q$2,FALSE)),"SPECIFY METHOD"))) -> Mesocentrotus franciscanus | R73: =IF($M73=1,IF(ISERROR(VLOOKUP($P73,'M1'!$A:$C,R$2,FALSE)),"NOT PRESENT",VLOOKUP($P73,'M1'!$A:$C,R$2,FALSE)),IF($M73=2,IF(ISERROR(VLOOKUP(DATA!$P73,'M2'!$A:$C,R$2,FALSE)),"NOT PRESENT",VLOOKUP(DATA!$P73,'M2'!$A:$C,R$2,FALSE)),IF($M73=0,IF(ISERROR(VLOOKUP($P73,'M1'!$A:$C,R$2,FALSE)),IF(ISERROR(VLOOKUP(DATA!$P73,'M2'!$A:$C,R$2,FALSE)),"NOT PRESENT",VLOOKUP(DATA!$P73,'M2'!$A:$C,R$2,FALSE)),VLOOKUP($P73,'M1'!$A:$C,R$2,FALSE)),"SPECIFY METHOD"))) -> Red sea urchin | S73: =SUM(T73:AV73) -> 3 | T73: 0 | V73: 2 | W73: 1
A74: =MAX($A$1:$A73)+1 -> 72 | B74: =IF(ISERROR(B73),IF(ISERROR(B72),IF(ISERROR(B71),"BLANK",B71),B72),B73) -> Jasmin Schuster | C74: =IF(ISERROR(C73),IF(ISERROR(C72),IF(ISERROR(C71),"BLANK",C71),C72),C73) -> Tom Bird | D74: =IF(ISERROR(D73),IF(ISERROR(D72),IF(ISERROR(D71),"BLANK",D71),D72),D73) -> BMSC25 | E74: =IF(ISERROR(VLOOKUP($D74,SITES!$A:$E,2,FALSE)),"",VLOOKUP($D74,SITES!$A:$E,2,FALSE)) -> Goby Town | F74: =IF(ISERROR(VLOOKUP($D74,SITES!$A:$E,3,FALSE)),"",VLOOKUP($D74,SITES!$A:$E,3,FALSE)) -> 48.838595 | G74: =IF(ISERROR(VLOOKUP($D74,SITES!$A:$E,4,FALSE)),"",VLOOKUP($D74,SITES!$A:$E,4,FALSE)) -> -125.13501 | H74: =IF(ISERROR(H73),IF(ISERROR(H72),IF(ISERROR(H71),"BLANK",H71),H72),H73) -> 4/23/2024 | I74: =IF(ISERROR(I73),IF(ISERROR(I72),IF(ISERROR(I71),"BLANK",I71),I72),I73) -> 3 | J74: =IF(ISERROR(J73),IF(ISERROR(J72),IF(ISERROR(J71),"BLANK",J71),J72),J73) -> S | K74: =IF(ISERROR(K73),IF(ISERROR(K72),IF(ISERROR(K71),"BLANK",K71),K72),K73) -> 0.61805556 | L74: =IF(ISERROR(L73),IF(ISERROR(L72),IF(ISERROR(L71),"BLANK",L71),L72),L73) -> 5.5 | M74: =IF(ISERROR(M73),IF(ISERROR(M72),IF(ISERROR(M71),"BLANK",M71),M72),M73) -> 2 | N74: =IF(ISERROR(N73),IF(ISERROR(N72),IF(ISERROR(N71),"BLANK",N71),N72),N73) -> 1 | O74: 0 | P74: Pmi | Q74: =IF($M74=1,IF(ISERROR(VLOOKUP($P74,'M1'!$A:$C,Q$2,FALSE)),"NOT PRESENT",VLOOKUP($P74,'M1'!$A:$C,Q$2,FALSE)),IF($M74=2,IF(ISERROR(VLOOKUP(DATA!$P74,'M2'!$A:$C,Q$2,FALSE)),"NOT PRESENT",VLOOKUP(DATA!$P74,'M2'!$A:$C,Q$2,FALSE)),IF($M74=0,IF(ISERROR(VLOOKUP($P74,'M1'!$A:$C,Q$2,FALSE)),IF(ISERROR(VLOOKUP(DATA!$P74,'M2'!$A:$C,Q$2,FALSE)),"NOT PRESENT",VLOOKUP(DATA!$P74,'M2'!$A:$C,Q$2,FALSE)),VLOOKUP($P74,'M1'!$A:$C,Q$2,FALSE)),"SPECIFY METHOD"))) -> Patiria miniata | R74: =IF($M74=1,IF(ISERROR(VLOOKUP($P74,'M1'!$A:$C,R$2,FALSE)),"NOT PRESENT",VLOOKUP($P74,'M1'!$A:$C,R$2,FALSE)),IF($M74=2,IF(ISERROR(VLOOKUP(DATA!$P74,'M2'!$A:$C,R$2,FALSE)),"NOT PRESENT",VLOOKUP(DATA!$P74,'M2'!$A:$C,R$2,FALSE)),IF($M74=0,IF(ISERROR(VLOOKUP($P74,'M1'!$A:$C,R$2,FALSE)),IF(ISERROR(VLOOKUP(DATA!$P74,'M2'!$A:$C,R$2,FALSE)),"NOT PRESENT",VLOOKUP(DATA!$P74,'M2'!$A:$C,R$2,FALSE)),VLOOKUP($P74,'M1'!$A:$C,R$2,FALSE)),"SPECIFY METHOD"))) -> Bat star | S74: =SUM(T74:AV74) -> 1 | T74: 0 | W74: 1
A75: =MAX($A$1:$A74)+1 -> 73 | B75: Isabelle Cote | C75: Em Lim | D75: BMSC25 | E75: =IF(ISERROR(VLOOKUP($D75,SITES!$A:$E,2,FALSE)),"",VLOOKUP($D75,SITES!$A:$E,2,FALSE)) -> Goby Town | F75: =IF(ISERROR(VLOOKUP($D75,SITES!$A:$E,3,FALSE)),"",VLOOKUP($D75,SITES!$A:$E,3,FALSE)) -> 48.838595 | G75: =IF(ISERROR(VLOOKUP($D75,SITES!$A:$E,4,FALSE)),"",VLOOKUP($D75,SITES!$A:$E,4,FALSE)) -> -125.13501 | H75: =IF(ISERROR(H74),IF(ISERROR(H73),IF(ISERROR(H72),"BLANK",H72),H73),H74) -> 4/23/2024 | I75: =IF(ISERROR(I74),IF(ISERROR(I73),IF(ISERROR(I72),"BLANK",I72),I73),I74) -> 3 | J75: NW | K75: 0.61666667 | L75: 6 | M75: =IF(ISERROR(M74),IF(ISERROR(M73),IF(ISERROR(M72),"BLANK",M72),M73),M74) -> 2 | N75: =IF(ISERROR(N74),IF(ISERROR(N73),IF(ISERROR(N72),"BLANK",N72),N73),N74) -> 1 | O75: 48 | P75: mfra | Q75: =IF($M75=1,IF(ISERROR(VLOOKUP($P75,'M1'!$A:$C,Q$2,FALSE)),"NOT PRESENT",VLOOKUP($P75,'M1'!$A:$C,Q$2,FALSE)),IF($M75=2,IF(ISERROR(VLOOKUP(DATA!$P75,'M2'!$A:$C,Q$2,FALSE)),"NOT PRESENT",VLOOKUP(DATA!$P75,'M2'!$A:$C,Q$2,FALSE)),IF($M75=0,IF(ISERROR(VLOOKUP($P75,'M1'!$A:$C,Q$2,FALSE)),IF(ISERROR(VLOOKUP(DATA!$P75,'M2'!$A:$C,Q$2,FALSE)),"NOT PRESENT",VLOOKUP(DATA!$P75,'M2'!$A:$C,Q$2,FALSE)),VLOOKUP($P75,'M1'!$A:$C,Q$2,FALSE)),"SPECIFY METHOD"))) -> Mesocentrotus franciscanus | R75: =IF($M75=1,IF(ISERROR(VLOOKUP($P75,'M1'!$A:$C,R$2,FALSE)),"NOT PRESENT",VLOOKUP($P75,'M1'!$A:$C,R$2,FALSE)),IF($M75=2,IF(ISERROR(VLOOKUP(DATA!$P75,'M2'!$A:$C,R$2,FALSE)),"NOT PRESENT",VLOOKUP(DATA!$P75,'M2'!$A:$C,R$2,FALSE)),IF($M75=0,IF(ISERROR(VLOOKUP($P75,'M1'!$A:$C,R$2,FALSE)),IF(ISERROR(VLOOKUP(DATA!$P75,'M2'!$A:$C,R$2,FALSE)),"NOT PRESENT",VLOOKUP(DATA!$P75,'M2'!$A:$C,R$2,FALSE)),VLOOKUP($P75,'M1'!$A:$C,R$2,FALSE)),"SPECIFY METHOD"))) -> Red sea urchin | S75: =SUM(T75:AV75) -> 2 | T75: 0 | Y75: 1 | Z75: 1
A76: =MAX($A$1:$A75)+1 -> 74 | B76: =IF(ISERROR(B75),IF(ISERROR(B74),IF(ISERROR(B73),"BLANK",B73),B74),B75) -> Isabelle Cote | C76: =IF(ISERROR(C75),IF(ISERROR(C74),IF(ISERROR(C73),"BLANK",C73),C74),C75) -> Em Lim | D76: =IF(ISERROR(D75),IF(ISERROR(D74),IF(ISERROR(D73),"BLANK",D73),D74),D75) -> BMSC25 | E76: =IF(ISERROR(VLOOKUP($D76,SITES!$A:$E,2,FALSE)),"",VLOOKUP($D76,SITES!$A:$E,2,FALSE)) -> Goby Town | F76: =IF(ISERROR(VLOOKUP($D76,SITES!$A:$E,3,FALSE)),"",VLOOKUP($D76,SITES!$A:$E,3,FALSE)) -> 48.838595 | G76: =IF(ISERROR(VLOOKUP($D76,SITES!$A:$E,4,FALSE)),"",VLOOKUP($D76,SITES!$A:$E,4,FALSE)) -> -125.13501 | H76: =IF(ISERROR(H75),IF(ISERROR(H74),IF(ISERROR(H73),"BLANK",H73),H74),H75) -> 4/23/2024 | I76: =IF(ISERROR(I75),IF(ISERROR(I74),IF(ISERROR(I73),"BLANK",I73),I74),I75) -> 3 | J76: =IF(ISERROR(J75),IF(ISERROR(J74),IF(ISERROR(J73),"BLANK",J73),J74),J75) -> NW | K76: =IF(ISERROR(K75),IF(ISERROR(K74),IF(ISERROR(K73),"BLANK",K73),K74),K75) -> 0.61666667 | L76: =IF(ISERROR(L75),IF(ISERROR(L74),IF(ISERROR(L73),"BLANK",L73),L74),L75) -> 6 | M76: =IF(ISERROR(M75),IF(ISERROR(M74),IF(ISERROR(M73),"BLANK",M73),M74),M75) -> 2 | N76: =IF(ISERROR(N75),IF(ISERROR(N74),IF(ISERROR(N73),"BLANK",N73),N74),N75) -> 1 | O76: 32 | P76: =IF(ISERROR(P75),IF(ISERROR(P74),IF(ISERROR(P73),"BLANK",P73),P74),P75) -> mfra | Q76: =IF($M76=1,IF(ISERROR(VLOOKUP($P76,'M1'!$A:$C,Q$2,FALSE)),"NOT PRESENT",VLOOKUP($P76,'M1'!$A:$C,Q$2,FALSE)),IF($M76=2,IF(ISERROR(VLOOKUP(DATA!$P76,'M2'!$A:$C,Q$2,FALSE)),"NOT PRESENT",VLOOKUP(DATA!$P76,'M2'!$A:$C,Q$2,FALSE)),IF($M76=0,IF(ISERROR(VLOOKUP($P76,'M1'!$A:$C,Q$2,FALSE)),IF(ISERROR(VLOOKUP(DATA!$P76,'M2'!$A:$C,Q$2,FALSE)),"NOT PRESENT",VLOOKUP(DATA!$P76,'M2'!$A:$C,Q$2,FALSE)),VLOOKUP($P76,'M1'!$A:$C,Q$2,FALSE)),"SPECIFY METHOD"))) -> Mesocentrotus franciscanus | R76: =IF($M76=1,IF(ISERROR(VLOOKUP($P76,'M1'!$A:$C,R$2,FALSE)),"NOT PRESENT",VLOOKUP($P76,'M1'!$A:$C,R$2,FALSE)),IF($M76=2,IF(ISERROR(VLOOKUP(DATA!$P76,'M2'!$A:$C,R$2,FALSE)),"NOT PRESENT",VLOOKUP(DATA!$P76,'M2'!$A:$C,R$2,FALSE)),IF($M76=0,IF(ISERROR(VLOOKUP($P76,'M1'!$A:$C,R$2,FALSE)),IF(ISERROR(VLOOKUP(DATA!$P76,'M2'!$A:$C,R$2,FALSE)),"NOT PRESENT",VLOOKUP(DATA!$P76,'M2'!$A:$C,R$2,FALSE)),VLOOKUP($P76,'M1'!$A:$C,R$2,FALSE)),"SPECIFY METHOD"))) -> Red sea urchin | S76: =SUM(T76:AV76) -> 7 | T76: 0 | V76: 2 | W76: 3 | X76: 1 | Z76: 1
A77: =MAX($A$1:$A76)+1 -> 75 | B77: =IF(ISERROR(B76),IF(ISERROR(B75),IF(ISERROR(B74),"BLANK",B74),B75),B76) -> Isabelle Cote | C77: =IF(ISERROR(C76),IF(ISERROR(C75),IF(ISERROR(C74),"BLANK",C74),C75),C76) -> Em Lim | D77: =IF(ISERROR(D76),IF(ISERROR(D75),IF(ISERROR(D74),"BLANK",D74),D75),D76) -> BMSC25 | E77: =IF(ISERROR(VLOOKUP($D77,SITES!$A:$E,2,FALSE)),"",VLOOKUP($D77,SITES!$A:$E,2,FALSE)) -> Goby Town | F77: =IF(ISERROR(VLOOKUP($D77,SITES!$A:$E,3,FALSE)),"",VLOOKUP($D77,SITES!$A:$E,3,FALSE)) -> 48.838595 | G77: =IF(ISERROR(VLOOKUP($D77,SITES!$A:$E,4,FALSE)),"",VLOOKUP($D77,SITES!$A:$E,4,FALSE)) -> -125.13501 | H77: =IF(ISERROR(H76),IF(ISERROR(H75),IF(ISERROR(H74),"BLANK",H74),H75),H76) -> 4/23/2024 | I77: =IF(ISERROR(I76),IF(ISERROR(I75),IF(ISERROR(I74),"BLANK",I74),I75),I76) -> 3 | J77: =IF(ISERROR(J76),IF(ISERROR(J75),IF(ISERROR(J74),"BLANK",J74),J75),J76) -> NW | K77: =IF(ISERROR(K76),IF(ISERROR(K75),IF(ISERROR(K74),"BLANK",K74),K75),K76) -> 0.61666667 | L77: =IF(ISERROR(L76),IF(ISERROR(L75),IF(ISERROR(L74),"BLANK",L74),L75),L76) -> 6 | M77: =IF(ISERROR(M76),IF(ISERROR(M75),IF(ISERROR(M74),"BLANK",M74),M75),M76) -> 2 | N77: =IF(ISERROR(N76),IF(ISERROR(N75),IF(ISERROR(N74),"BLANK",N74),N75),N76) -> 1 | O77: 32 | P77: oko | Q77: =IF($M77=1,IF(ISERROR(VLOOKUP($P77,'M1'!$A:$C,Q$2,FALSE)),"NOT PRESENT",VLOOKUP($P77,'M1'!$A:$C,Q$2,FALSE)),IF($M77=2,IF(ISERROR(VLOOKUP(DATA!$P77,'M2'!$A:$C,Q$2,FALSE)),"NOT PRESENT",VLOOKUP(DATA!$P77,'M2'!$A:$C,Q$2,FALSE)),IF($M77=0,IF(ISERROR(VLOOKUP($P77,'M1'!$A:$C,Q$2,FALSE)),IF(ISERROR(VLOOKUP(DATA!$P77,'M2'!$A:$C,Q$2,FALSE)),"NOT PRESENT",VLOOKUP(DATA!$P77,'M2'!$A:$C,Q$2,FALSE)),VLOOKUP($P77,'M1'!$A:$C,Q$2,FALSE)),"SPECIFY METHOD"))) -> Orthasterias koehleri | R77: =IF($M77=1,IF(ISERROR(VLOOKUP($P77,'M1'!$A:$C,R$2,FALSE)),"NOT PRESENT",VLOOKUP($P77,'M1'!$A:$C,R$2,FALSE)),IF($M77=2,IF(ISERROR(VLOOKUP(DATA!$P77,'M2'!$A:$C,R$2,FALSE)),"NOT PRESENT",VLOOKUP(DATA!$P77,'M2'!$A:$C,R$2,FALSE)),IF($M77=0,IF(ISERROR(VLOOKUP($P77,'M1'!$A:$C,R$2,FALSE)),IF(ISERROR(VLOOKUP(DATA!$P77,'M2'!$A:$C,R$2,FALSE)),"NOT PRESENT",VLOOKUP(DATA!$P77,'M2'!$A:$C,R$2,FALSE)),VLOOKUP($P77,'M1'!$A:$C,R$2,FALSE)),"SPECIFY METHOD"))) -> Rainbow star | S77: =SUM(T77:AV77) -> 1 | T77: 0 | X77: 1
A78: =MAX($A$1:$A77)+1 -> 76 | B78: =IF(ISERROR(B77),IF(ISERROR(B76),IF(ISERROR(B75),"BLANK",B75),B76),B77) -> Isabelle Cote | C78: =IF(ISERROR(C77),IF(ISERROR(C76),IF(ISERROR(C75),"BLANK",C75),C76),C77) -> Em Lim | D78: =IF(ISERROR(D77),IF(ISERROR(D76),IF(ISERROR(D75),"BLANK",D75),D76),D77) -> BMSC25 | E78: =IF(ISERROR(VLOOKUP($D78,SITES!$A:$E,2,FALSE)),"",VLOOKUP($D78,SITES!$A:$E,2,FALSE)) -> Goby Town | F78: =IF(ISERROR(VLOOKUP($D78,SITES!$A:$E,3,FALSE)),"",VLOOKUP($D78,SITES!$A:$E,3,FALSE)) -> 48.838595 | G78: =IF(ISERROR(VLOOKUP($D78,SITES!$A:$E,4,FALSE)),"",VLOOKUP($D78,SITES!$A:$E,4,FALSE)) -> -125.13501 | H78: =IF(ISERROR(H77),IF(ISERROR(H76),IF(ISERROR(H75),"BLANK",H75),H76),H77) -> 4/23/2024 | I78: =IF(ISERROR(I77),IF(ISERROR(I76),IF(ISERROR(I75),"BLANK",I75),I76),I77) -> 3 | J78: =IF(ISERROR(J77),IF(ISERROR(J76),IF(ISERROR(J75),"BLANK",J75),J76),J77) -> NW | K78: =IF(ISERROR(K77),IF(ISERROR(K76),IF(ISERROR(K75),"BLANK",K75),K76),K77) -> 0.61666667 | L78: =IF(ISERROR(L77),IF(ISERROR(L76),IF(ISERROR(L75),"BLANK",L75),L76),L77) -> 6 | M78: =IF(ISERROR(M77),IF(ISERROR(M76),IF(ISERROR(M75),"BLANK",M75),M76),M77) -> 2 | N78: =IF(ISERROR(N77),IF(ISERROR(N76),IF(ISERROR(N75),"BLANK",N75),N76),N77) -> 1 | O78: 16 | P78: mfra | Q78: =IF($M78=1,IF(ISERROR(VLOOKUP($P78,'M1'!$A:$C,Q$2,FALSE)),"NOT PRESENT",VLOOKUP($P78,'M1'!$A:$C,Q$2,FALSE)),IF($M78=2,IF(ISERROR(VLOOKUP(DATA!$P78,'M2'!$A:$C,Q$2,FALSE)),"NOT PRESENT",VLOOKUP(DATA!$P78,'M2'!$A:$C,Q$2,FALSE)),IF($M78=0,IF(ISERROR(VLOOKUP($P78,'M1'!$A:$C,Q$2,FALSE)),IF(ISERROR(VLOOKUP(DATA!$P78,'M2'!$A:$C,Q$2,FALSE)),"NOT PRESENT",VLOOKUP(DATA!$P78,'M2'!$A:$C,Q$2,FALSE)),VLOOKUP($P78,'M1'!$A:$C,Q$2,FALSE)),"SPECIFY METHOD"))) -> Mesocentrotus franciscanus | R78: =IF($M78=1,IF(ISERROR(VLOOKUP($P78,'M1'!$A:$C,R$2,FALSE)),"NOT PRESENT",VLOOKUP($P78,'M1'!$A:$C,R$2,FALSE)),IF($M78=2,IF(ISERROR(VLOOKUP(DATA!$P78,'M2'!$A:$C,R$2,FALSE)),"NOT PRESENT",VLOOKUP(DATA!$P78,'M2'!$A:$C,R$2,FALSE)),IF($M78=0,IF(ISERROR(VLOOKUP($P78,'M1'!$A:$C,R$2,FALSE)),IF(ISERROR(VLOOKUP(DATA!$P78,'M2'!$A:$C,R$2,FALSE)),"NOT PRESENT",VLOOKUP(DATA!$P78,'M2'!$A:$C,R$2,FALSE)),VLOOKUP($P78,'M1'!$A:$C,R$2,FALSE)),"SPECIFY METHOD"))) -> Red sea urchin | S78: =SUM(T78:AV78) -> 10 | T78: 0 | V78: 1 | W78: 5 | X78: 1 | Y78: 3
A79: =MAX($A$1:$A78)+1 -> 77 | B79: =IF(ISERROR(B78),IF(ISERROR(B77),IF(ISERROR(B76),"BLANK",B76),B77),B78) -> Isabelle Cote | C79: =IF(ISERROR(C78),IF(ISERROR(C77),IF(ISERROR(C76),"BLANK",C76),C77),C78) -> Em Lim | D79: =IF(ISERROR(D78),IF(ISERROR(D77),IF(ISERROR(D76),"BLANK",D76),D77),D78) -> BMSC25 | E79: =IF(ISERROR(VLOOKUP($D79,SITES!$A:$E,2,FALSE)),"",VLOOKUP($D79,SITES!$A:$E,2,FALSE)) -> Goby Town | F79: =IF(ISERROR(VLOOKUP($D79,SITES!$A:$E,3,FALSE)),"",VLOOKUP($D79,SITES!$A:$E,3,FALSE)) -> 48.838595 | G79: =IF(ISERROR(VLOOKUP($D79,SITES!$A:$E,4,FALSE)),"",VLOOKUP($D79,SITES!$A:$E,4,FALSE)) -> -125.13501 | H79: =IF(ISERROR(H78),IF(ISERROR(H77),IF(ISERROR(H76),"BLANK",H76),H77),H78) -> 4/23/2024 | I79: =IF(ISERROR(I78),IF(ISERROR(I77),IF(ISERROR(I76),"BLANK",I76),I77),I78) -> 3 | J79: =IF(ISERROR(J78),IF(ISERROR(J77),IF(ISERROR(J76),"BLANK",J76),J77),J78) -> NW | K79: =IF(ISERROR(K78),IF(ISERROR(K77),IF(ISERROR(K76),"BLANK",K76),K77),K78) -> 0.61666667 | L79: =IF(ISERROR(L78),IF(ISERROR(L77),IF(ISERROR(L76),"BLANK",L76),L77),L78) -> 6 | M79: =IF(ISERROR(M78),IF(ISERROR(M77),IF(ISERROR(M76),"BLANK",M76),M77),M78) -> 2 | N79: =IF(ISERROR(N78),IF(ISERROR(N77),IF(ISERROR(N76),"BLANK",N76),N77),N78) -> 1 | O79: 16 | P79: pmi | Q79: =IF($M79=1,IF(ISERROR(VLOOKUP($P79,'M1'!$A:$C,Q$2,FALSE)),"NOT PRESENT",VLOOKUP($P79,'M1'!$A:$C,Q$2,FALSE)),IF($M79=2,IF(ISERROR(VLOOKUP(DATA!$P79,'M2'!$A:$C,Q$2,FALSE)),"NOT PRESENT",VLOOKUP(DATA!$P79,'M2'!$A:$C,Q$2,FALSE)),IF($M79=0,IF(ISERROR(VLOOKUP($P79,'M1'!$A:$C,Q$2,FALSE)),IF(ISERROR(VLOOKUP(DATA!$P79,'M2'!$A:$C,Q$2,FALSE)),"NOT PRESENT",VLOOKUP(DATA!$P79,'M2'!$A:$C,Q$2,FALSE)),VLOOKUP($P79,'M1'!$A:$C,Q$2,FALSE)),"SPECIFY METHOD"))) -> Patiria miniata | R79: =IF($M79=1,IF(ISERROR(VLOOKUP($P79,'M1'!$A:$C,R$2,FALSE)),"NOT PRESENT",VLOOKUP($P79,'M1'!$A:$C,R$2,FALSE)),IF($M79=2,IF(ISERROR(VLOOKUP(DATA!$P79,'M2'!$A:$C,R$2,FALSE)),"NOT PRESENT",VLOOKUP(DATA!$P79,'M2'!$A:$C,R$2,FALSE)),IF($M79=0,IF(ISERROR(VLOOKUP($P79,'M1'!$A:$C,R$2,FALSE)),IF(ISERROR(VLOOKUP(DATA!$P79,'M2'!$A:$C,R$2,FALSE)),"NOT PRESENT",VLOOKUP(DATA!$P79,'M2'!$A:$C,R$2,FALSE)),VLOOKUP($P79,'M1'!$A:$C,R$2,FALSE)),"SPECIFY METHOD"))) -> Bat star | S79: =SUM(T79:AV79) -> 1 | T79: 0 | X79: 1
A80: =MAX($A$1:$A79)+1 -> 78 | B80: =IF(ISERROR(B79),IF(ISERROR(B78),IF(ISERROR(B77),"BLANK",B77),B78),B79) -> Isabelle Cote | C80: =IF(ISERROR(C79),IF(ISERROR(C78),IF(ISERROR(C77),"BLANK",C77),C78),C79) -> Em Lim | D80: =IF(ISERROR(D79),IF(ISERROR(D78),IF(ISERROR(D77),"BLANK",D77),D78),D79) -> BMSC25 | E80: =IF(ISERROR(VLOOKUP($D80,SITES!$A:$E,2,FALSE)),"",VLOOKUP($D80,SITES!$A:$E,2,FALSE)) -> Goby Town | F80: =IF(ISERROR(VLOOKUP($D80,SITES!$A:$E,3,FALSE)),"",VLOOKUP($D80,SITES!$A:$E,3,FALSE)) -> 48.838595 | G80: =IF(ISERROR(VLOOKUP($D80,SITES!$A:$E,4,FALSE)),"",VLOOKUP($D80,SITES!$A:$E,4,FALSE)) -> -125.13501 | H80: =IF(ISERROR(H79),IF(ISERROR(H78),IF(ISERROR(H77),"BLANK",H77),H78),H79) -> 4/23/2024 | I80: =IF(ISERROR(I79),IF(ISERROR(I78),IF(ISERROR(I77),"BLANK",I77),I78),I79) -> 3 | J80: =IF(ISERROR(J79),IF(ISERROR(J78),IF(ISERROR(J77),"BLANK",J77),J78),J79) -> NW | K80: =IF(ISERROR(K79),IF(ISERROR(K78),IF(ISERROR(K77),"BLANK",K77),K78),K79) -> 0.61666667 | L80: =IF(ISERROR(L79),IF(ISERROR(L78),IF(ISERROR(L77),"BLANK",L77),L78),L79) -> 6 | M80: =IF(ISERROR(M79),IF(ISERROR(M78),IF(ISERROR(M77),"BLANK",M77),M78),M79) -> 2 | N80: =IF(ISERROR(N79),IF(ISERROR(N78),IF(ISERROR(N77),"BLANK",N77),N78),N79) -> 1 | O80: 16 | P80: dim | Q80: =IF($M80=1,IF(ISERROR(VLOOKUP($P80,'M1'!$A:$C,Q$2,FALSE)),"NOT PRESENT",VLOOKUP($P80,'M1'!$A:$C,Q$2,FALSE)),IF($M80=2,IF(ISERROR(VLOOKUP(DATA!$P80,'M2'!$A:$C,Q$2,FALSE)),"NOT PRESENT",VLOOKUP(DATA!$P80,'M2'!$A:$C,Q$2,FALSE)),IF($M80=0,IF(ISERROR(VLOOKUP($P80,'M1'!$A:$C,Q$2,FALSE)),IF(ISERROR(VLOOKUP(DATA!$P80,'M2'!$A:$C,Q$2,FALSE)),"NOT PRESENT",VLOOKUP(DATA!$P80,'M2'!$A:$C,Q$2,FALSE)),VLOOKUP($P80,'M1'!$A:$C,Q$2,FALSE)),"SPECIFY METHOD"))) -> Dermasterias imbricata | R80: =IF($M80=1,IF(ISERROR(VLOOKUP($P80,'M1'!$A:$C,R$2,FALSE)),"NOT PRESENT",VLOOKUP($P80,'M1'!$A:$C,R$2,FALSE)),IF($M80=2,IF(ISERROR(VLOOKUP(DATA!$P80,'M2'!$A:$C,R$2,FALSE)),"NOT PRESENT",VLOOKUP(DATA!$P80,'M2'!$A:$C,R$2,FALSE)),IF($M80=0,IF(ISERROR(VLOOKUP($P80,'M1'!$A:$C,R$2,FALSE)),IF(ISERROR(VLOOKUP(DATA!$P80,'M2'!$A:$C,R$2,FALSE)),"NOT PRESENT",VLOOKUP(DATA!$P80,'M2'!$A:$C,R$2,FALSE)),VLOOKUP($P80,'M1'!$A:$C,R$2,FALSE)),"SPECIFY METHOD"))) -> Leather star | S80: =SUM(T80:AV80) -> 1 | T80: 0 | X80: 1
A81: =MAX($A$1:$A80)+1 -> 79 | B81: =IF(ISERROR(B80),IF(ISERROR(B79),IF(ISERROR(B78),"BLANK",B78),B79),B80) -> Isabelle Cote | C81: =IF(ISERROR(C80),IF(ISERROR(C79),IF(ISERROR(C78),"BLANK",C78),C79),C80) -> Em Lim | D81: =IF(ISERROR(D80),IF(ISERROR(D79),IF(ISERROR(D78),"BLANK",D78),D79),D80) -> BMSC25 | E81: =IF(ISERROR(VLOOKUP($D81,SITES!$A:$E,2,FALSE)),"",VLOOKUP($D81,SITES!$A:$E,2,FALSE)) -> Goby Town | F81: =IF(ISERROR(VLOOKUP($D81,SITES!$A:$E,3,FALSE)),"",VLOOKUP($D81,SITES!$A:$E,3,FALSE)) -> 48.838595 | G81: =IF(ISERROR(VLOOKUP($D81,SITES!$A:$E,4,FALSE)),"",VLOOKUP($D81,SITES!$A:$E,4,FALSE)) -> -125.13501 | H81: =IF(ISERROR(H80),IF(ISERROR(H79),IF(ISERROR(H78),"BLANK",H78),H79),H80) -> 4/23/2024 | I81: =IF(ISERROR(I80),IF(ISERROR(I79),IF(ISERROR(I78),"BLANK",I78),I79),I80) -> 3 | J81: =IF(ISERROR(J80),IF(ISERROR(J79),IF(ISERROR(J78),"BLANK",J78),J79),J80) -> NW | K81: =IF(ISERROR(K80),IF(ISERROR(K79),IF(ISERROR(K78),"BLANK",K78),K79),K80) -> 0.61666667 | L81: =IF(ISERROR(L80),IF(ISERROR(L79),IF(ISERROR(L78),"BLANK",L78),L79),L80) -> 6 | M81: =IF(ISERROR(M80),IF(ISERROR(M79),IF(ISERROR(M78),"BLANK",M78),M79),M80) -> 2 | N81: =IF(ISERROR(N80),IF(ISERROR(N79),IF(ISERROR(N78),"BLANK",N78),N79),N80) -> 1 | O81: 16 | P81: etr | Q81: =IF($M81=1,IF(ISERROR(VLOOKUP($P81,'M1'!$A:$C,Q$2,FALSE)),"NOT PRESENT",VLOOKUP($P81,'M1'!$A:$C,Q$2,FALSE)),IF($M81=2,IF(ISERROR(VLOOKUP(DATA!$P81,'M2'!$A:$C,Q$2,FALSE)),"NOT PRESENT",VLOOKUP(DATA!$P81,'M2'!$A:$C,Q$2,FALSE)),IF($M81=0,IF(ISERROR(VLOOKUP($P81,'M1'!$A:$C,Q$2,FALSE)),IF(ISERROR(VLOOKUP(DATA!$P81,'M2'!$A:$C,Q$2,FALSE)),"NOT PRESENT",VLOOKUP(DATA!$P81,'M2'!$A:$C,Q$2,FALSE)),VLOOKUP($P81,'M1'!$A:$C,Q$2,FALSE)),"SPECIFY METHOD"))) -> Evasterias troschelii | R81: =IF($M81=1,IF(ISERROR(VLOOKUP($P81,'M1'!$A:$C,R$2,FALSE)),"NOT PRESENT",VLOOKUP($P81,'M1'!$A:$C,R$2,FALSE)),IF($M81=2,IF(ISERROR(VLOOKUP(DATA!$P81,'M2'!$A:$C,R$2,FALSE)),"NOT PRESENT",VLOOKUP(DATA!$P81,'M2'!$A:$C,R$2,FALSE)),IF($M81=0,IF(ISERROR(VLOOKUP($P81,'M1'!$A:$C,R$2,FALSE)),IF(ISERROR(VLOOKUP(DATA!$P81,'M2'!$A:$C,R$2,FALSE)),"NOT PRESENT",VLOOKUP(DATA!$P81,'M2'!$A:$C,R$2,FALSE)),VLOOKUP($P81,'M1'!$A:$C,R$2,FALSE)),"SPECIFY METHOD"))) -> Mottled starfish | S81: =SUM(T81:AV81) -> 1 | T81: 0 | W81: 1
A82: =MAX($A$1:$A81)+1 -> 80 | B82: Em Lim | C82: Isabelle Cote | D82: =IF(ISERROR(D81),IF(ISERROR(D80),IF(ISERROR(D79),"BLANK",D79),D80),D81) -> BMSC25 | E82: =IF(ISERROR(VLOOKUP($D82,SITES!$A:$E,2,FALSE)),"",VLOOKUP($D82,SITES!$A:$E,2,FALSE)) -> Goby Town | F82: =IF(ISERROR(VLOOKUP($D82,SITES!$A:$E,3,FALSE)),"",VLOOKUP($D82,SITES!$A:$E,3,FALSE)) -> 48.838595 | G82: =IF(ISERROR(VLOOKUP($D82,SITES!$A:$E,4,FALSE)),"",VLOOKUP($D82,SITES!$A:$E,4,FALSE)) -> -125.13501 | H82: =IF(ISERROR(H81),IF(ISERROR(H80),IF(ISERROR(H79),"BLANK",H79),H80),H81) -> 4/23/2024 | I82: =IF(ISERROR(I81),IF(ISERROR(I80),IF(ISERROR(I79),"BLANK",I79),I80),I81) -> 3 | J82: =IF(ISERROR(J81),IF(ISERROR(J80),IF(ISERROR(J79),"BLANK",J79),J80),J81) -> NW | K82: =IF(ISERROR(K81),IF(ISERROR(K80),IF(ISERROR(K79),"BLANK",K79),K80),K81) -> 0.61666667 | L82: =IF(ISERROR(L81),IF(ISERROR(L80),IF(ISERROR(L79),"BLANK",L79),L80),L81) -> 6 | M82: =IF(ISERROR(M81),IF(ISERROR(M80),IF(ISERROR(M79),"BLANK",M79),M80),M81) -> 2 | N82: =IF(ISERROR(N81),IF(ISERROR(N80),IF(ISERROR(N79),"BLANK",N79),N80),N81) -> 1 | O82: 0 | P82: mfra | Q82: =IF($M82=1,IF(ISERROR(VLOOKUP($P82,'M1'!$A:$C,Q$2,FALSE)),"NOT PRESENT",VLOOKUP($P82,'M1'!$A:$C,Q$2,FALSE)),IF($M82=2,IF(ISERROR(VLOOKUP(DATA!$P82,'M2'!$A:$C,Q$2,FALSE)),"NOT PRESENT",VLOOKUP(DATA!$P82,'M2'!$A:$C,Q$2,FALSE)),IF($M82=0,IF(ISERROR(VLOOKUP($P82,'M1'!$A:$C,Q$2,FALSE)),IF(ISERROR(VLOOKUP(DATA!$P82,'M2'!$A:$C,Q$2,FALSE)),"NOT PRESENT",VLOOKUP(DATA!$P82,'M2'!$A:$C,Q$2,FALSE)),VLOOKUP($P82,'M1'!$A:$C,Q$2,FALSE)),"SPECIFY METHOD"))) -> Mesocentrotus franciscanus | R82: =IF($M82=1,IF(ISERROR(VLOOKUP($P82,'M1'!$A:$C,R$2,FALSE)),"NOT PRESENT",VLOOKUP($P82,'M1'!$A:$C,R$2,FALSE)),IF($M82=2,IF(ISERROR(VLOOKUP(DATA!$P82,'M2'!$A:$C,R$2,FALSE)),"NOT PRESENT",VLOOKUP(DATA!$P82,'M2'!$A:$C,R$2,FALSE)),IF($M82=0,IF(ISERROR(VLOOKUP($P82,'M1'!$A:$C,R$2,FALSE)),IF(ISERROR(VLOOKUP(DATA!$P82,'M2'!$A:$C,R$2,FALSE)),"NOT PRESENT",VLOOKUP(DATA!$P82,'M2'!$A:$C,R$2,FALSE)),VLOOKUP($P82,'M1'!$A:$C,R$2,FALSE)),"SPECIFY METHOD"))) -> Red sea urchin | S82: =SUM(T82:AV82) -> 2 | T82: 0 | W82: 2
A83: =MAX($A$1:$A82)+1 -> 81 | B83: =IF(ISERROR(B82),IF(ISERROR(B81),IF(ISERROR(B80),"BLANK",B80),B81),B82) -> Em Lim | C83: =IF(ISERROR(C82),IF(ISERROR(C81),IF(ISERROR(C80),"BLANK",C80),C81),C82) -> Isabelle Cote | D83: =IF(ISERROR(D82),IF(ISERROR(D81),IF(ISERROR(D80),"BLANK",D80),D81),D82) -> BMSC25 | E83: =IF(ISERROR(VLOOKUP($D83,SITES!$A:$E,2,FALSE)),"",VLOOKUP($D83,SITES!$A:$E,2,FALSE)) -> Goby Town | F83: =IF(ISERROR(VLOOKUP($D83,SITES!$A:$E,3,FALSE)),"",VLOOKUP($D83,SITES!$A:$E,3,FALSE)) -> 48.838595 | G83: =IF(ISERROR(VLOOKUP($D83,SITES!$A:$E,4,FALSE)),"",VLOOKUP($D83,SITES!$A:$E,4,FALSE)) -> -125.13501 | H83: =IF(ISERROR(H82),IF(ISERROR(H81),IF(ISERROR(H80),"BLANK",H80),H81),H82) -> 4/23/2024 | I83: =IF(ISERROR(I82),IF(ISERROR(I81),IF(ISERROR(I80),"BLANK",I80),I81),I82) -> 3 | J83: =IF(ISERROR(J82),IF(ISERROR(J81),IF(ISERROR(J80),"BLANK",J80),J81),J82) -> NW | K83: =IF(ISERROR(K82),IF(ISERROR(K81),IF(ISERROR(K80),"BLANK",K80),K81),K82) -> 0.61666667 | L83: =IF(ISERROR(L82),IF(ISERROR(L81),IF(ISERROR(L80),"BLANK",L80),L81),L82) -> 6 | M83: =IF(ISERROR(M82),IF(ISERROR(M81),IF(ISERROR(M80),"BLANK",M80),M81),M82) -> 2 | N83: 2 | O83: 40 | P83: =IF(ISERROR(P82),IF(ISERROR(P81),IF(ISERROR(P80),"BLANK",P80),P81),P82) -> mfra | Q83: =IF($M83=1,IF(ISERROR(VLOOKUP($P83,'M1'!$A:$C,Q$2,FALSE)),"NOT PRESENT",VLOOKUP($P83,'M1'!$A:$C,Q$2,FALSE)),IF($M83=2,IF(ISERROR(VLOOKUP(DATA!$P83,'M2'!$A:$C,Q$2,FALSE)),"NOT PRESENT",VLOOKUP(DATA!$P83,'M2'!$A:$C,Q$2,FALSE)),IF($M83=0,IF(ISERROR(VLOOKUP($P83,'M1'!$A:$C,Q$2,FALSE)),IF(ISERROR(VLOOKUP(DATA!$P83,'M2'!$A:$C,Q$2,FALSE)),"NOT PRESENT",VLOOKUP(DATA!$P83,'M2'!$A:$C,Q$2,FALSE)),VLOOKUP($P83,'M1'!$A:$C,Q$2,FALSE)),"SPECIFY METHOD"))) -> Mesocentrotus franciscanus | R83: =IF($M83=1,IF(ISERROR(VLOOKUP($P83,'M1'!$A:$C,R$2,FALSE)),"NOT PRESENT",VLOOKUP($P83,'M1'!$A:$C,R$2,FALSE)),IF($M83=2,IF(ISERROR(VLOOKUP(DATA!$P83,'M2'!$A:$C,R$2,FALSE)),"NOT PRESENT",VLOOKUP(DATA!$P83,'M2'!$A:$C,R$2,FALSE)),IF($M83=0,IF(ISERROR(VLOOKUP($P83,'M1'!$A:$C,R$2,FALSE)),IF(ISERROR(VLOOKUP(DATA!$P83,'M2'!$A:$C,R$2,FALSE)),"NOT PRESENT",VLOOKUP(DATA!$P83,'M2'!$A:$C,R$2,FALSE)),VLOOKUP($P83,'M1'!$A:$C,R$2,FALSE)),"SPECIFY METHOD"))) -> Red sea urchin | S83: =SUM(T83:AV83) -> 6 | T83: 0 | V83: 2 | W83: 3 | X83: 1
A84: =MAX($A$1:$A83)+1 -> 82 | B84: =IF(ISERROR(B83),IF(ISERROR(B82),IF(ISERROR(B81),"BLANK",B81),B82),B83) -> Em Lim | C84: =IF(ISERROR(C83),IF(ISERROR(C82),IF(ISERROR(C81),"BLANK",C81),C82),C83) -> Isabelle Cote | D84: =IF(ISERROR(D83),IF(ISERROR(D82),IF(ISERROR(D81),"BLANK",D81),D82),D83) -> BMSC25 | E84: =IF(ISERROR(VLOOKUP($D84,SITES!$A:$E,2,FALSE)),"",VLOOKUP($D84,SITES!$A:$E,2,FALSE)) -> Goby Town | F84: =IF(ISERROR(VLOOKUP($D84,SITES!$A:$E,3,FALSE)),"",VLOOKUP($D84,SITES!$A:$E,3,FALSE)) -> 48.838595 | G84: =IF(ISERROR(VLOOKUP($D84,SITES!$A:$E,4,FALSE)),"",VLOOKUP($D84,SITES!$A:$E,4,FALSE)) -> -125.13501 | H84: =IF(ISERROR(H83),IF(ISERROR(H82),IF(ISERROR(H81),"BLANK",H81),H82),H83) -> 4/23/2024 | I84: =IF(ISERROR(I83),IF(ISERROR(I82),IF(ISERROR(I81),"BLANK",I81),I82),I83) -> 3 | J84: =IF(ISERROR(J83),IF(ISERROR(J82),IF(ISERROR(J81),"BLANK",J81),J82),J83) -> NW | K84: =IF(ISERROR(K83),IF(ISERROR(K82),IF(ISERROR(K81),"BLANK",K81),K82),K83) -> 0.61666667 | L84: =IF(ISERROR(L83),IF(ISERROR(L82),IF(ISERROR(L81),"BLANK",L81),L82),L83) -> 6 | M84: =IF(ISERROR(M83),IF(ISERROR(M82),IF(ISERROR(M81),"BLANK",M81),M82),M83) -> 2 | N84: =IF(ISERROR(N83),IF(ISERROR(N82),IF(ISERROR(N81),"BLANK",N81),N82),N83) -> 2 | O84: 40 | P84: dim | Q84: =IF($M84=1,IF(ISERROR(VLOOKUP($P84,'M1'!$A:$C,Q$2,FALSE)),"NOT PRESENT",VLOOKUP($P84,'M1'!$A:$C,Q$2,FALSE)),IF($M84=2,IF(ISERROR(VLOOKUP(DATA!$P84,'M2'!$A:$C,Q$2,FALSE)),"NOT PRESENT",VLOOKUP(DATA!$P84,'M2'!$A:$C,Q$2,FALSE)),IF($M84=0,IF(ISERROR(VLOOKUP($P84,'M1'!$A:$C,Q$2,FALSE)),IF(ISERROR(VLOOKUP(DATA!$P84,'M2'!$A:$C,Q$2,FALSE)),"NOT PRESENT",VLOOKUP(DATA!$P84,'M2'!$A:$C,Q$2,FALSE)),VLOOKUP($P84,'M1'!$A:$C,Q$2,FALSE)),"SPECIFY METHOD"))) -> Dermasterias imbricata | R84: =IF($M84=1,IF(ISERROR(VLOOKUP($P84,'M1'!$A:$C,R$2,FALSE)),"NOT PRESENT",VLOOKUP($P84,'M1'!$A:$C,R$2,FALSE)),IF($M84=2,IF(ISERROR(VLOOKUP(DATA!$P84,'M2'!$A:$C,R$2,FALSE)),"NOT PRESENT",VLOOKUP(DATA!$P84,'M2'!$A:$C,R$2,FALSE)),IF($M84=0,IF(ISERROR(VLOOKUP($P84,'M1'!$A:$C,R$2,FALSE)),IF(ISERROR(VLOOKUP(DATA!$P84,'M2'!$A:$C,R$2,FALSE)),"NOT PRESENT",VLOOKUP(DATA!$P84,'M2'!$A:$C,R$2,FALSE)),VLOOKUP($P84,'M1'!$A:$C,R$2,FALSE)),"SPECIFY METHOD"))) -> Leather star | S84: =SUM(T84:AV84) -> 1 | T84: 0 | W84: 1
A85: =MAX($A$1:$A84)+1 -> 83 | B85: =IF(ISERROR(B84),IF(ISERROR(B83),IF(ISERROR(B82),"BLANK",B82),B83),B84) -> Em Lim | C85: =IF(ISERROR(C84),IF(ISERROR(C83),IF(ISERROR(C82),"BLANK",C82),C83),C84) -> Isabelle Cote | D85: =IF(ISERROR(D84),IF(ISERROR(D83),IF(ISERROR(D82),"BLANK",D82),D83),D84) -> BMSC25 | E85: =IF(ISERROR(VLOOKUP($D85,SITES!$A:$E,2,FALSE)),"",VLOOKUP($D85,SITES!$A:$E,2,FALSE)) -> Goby Town | F85: =IF(ISERROR(VLOOKUP($D85,SITES!$A:$E,3,FALSE)),"",VLOOKUP($D85,SITES!$A:$E,3,FALSE)) -> 48.838595 | G85: =IF(ISERROR(VLOOKUP($D85,SITES!$A:$E,4,FALSE)),"",VLOOKUP($D85,SITES!$A:$E,4,FALSE)) -> -125.13501 | H85: =IF(ISERROR(H84),IF(ISERROR(H83),IF(ISERROR(H82),"BLANK",H82),H83),H84) -> 4/23/2024 | I85: =IF(ISERROR(I84),IF(ISERROR(I83),IF(ISERROR(I82),"BLANK",I82),I83),I84) -> 3 | J85: =IF(ISERROR(J84),IF(ISERROR(J83),IF(ISERROR(J82),"BLANK",J82),J83),J84) -> NW | K85: =IF(ISERROR(K84),IF(ISERROR(K83),IF(ISERROR(K82),"BLANK",K82),K83),K84) -> 0.61666667 | L85: =IF(ISERROR(L84),IF(ISERROR(L83),IF(ISERROR(L82),"BLANK",L82),L83),L84) -> 6 | M85: =IF(ISERROR(M84),IF(ISERROR(M83),IF(ISERROR(M82),"BLANK",M82),M83),M84) -> 2 | N85: =IF(ISERROR(N84),IF(ISERROR(N83),IF(ISERROR(N82),"BLANK",N82),N83),N84) -> 2 | O85: 40 | P85: etr | Q85: =IF($M85=1,IF(ISERROR(VLOOKUP($P85,'M1'!$A:$C,Q$2,FALSE)),"NOT PRESENT",VLOOKUP($P85,'M1'!$A:$C,Q$2,FALSE)),IF($M85=2,IF(ISERROR(VLOOKUP(DATA!$P85,'M2'!$A:$C,Q$2,FALSE)),"NOT PRESENT",VLOOKUP(DATA!$P85,'M2'!$A:$C,Q$2,FALSE)),IF($M85=0,IF(ISERROR(VLOOKUP($P85,'M1'!$A:$C,Q$2,FALSE)),IF(ISERROR(VLOOKUP(DATA!$P85,'M2'!$A:$C,Q$2,FALSE)),"NOT PRESENT",VLOOKUP(DATA!$P85,'M2'!$A:$C,Q$2,FALSE)),VLOOKUP($P85,'M1'!$A:$C,Q$2,FALSE)),"SPECIFY METHOD"))) -> Evasterias troschelii | R85: =IF($M85=1,IF(ISERROR(VLOOKUP($P85,'M1'!$A:$C,R$2,FALSE)),"NOT PRESENT",VLOOKUP($P85,'M1'!$A:$C,R$2,FALSE)),IF($M85=2,IF(ISERROR(VLOOKUP(DATA!$P85,'M2'!$A:$C,R$2,FALSE)),"NOT PRESENT",VLOOKUP(DATA!$P85,'M2'!$A:$C,R$2,FALSE)),IF($M85=0,IF(ISERROR(VLOOKUP($P85,'M1'!$A:$C,R$2,FALSE)),IF(ISERROR(VLOOKUP(DATA!$P85,'M2'!$A:$C,R$2,FALSE)),"NOT PRESENT",VLOOKUP(DATA!$P85,'M2'!$A:$C,R$2,FALSE)),VLOOKUP($P85,'M1'!$A:$C,R$2,FALSE)),"SPECIFY METHOD"))) -> Mottled starfish | S85: =SUM(T85:AV85) -> 1 | T85: 0 | V85: 1
A86: =MAX($A$1:$A85)+1 -> 84 | B86: =IF(ISERROR(B85),IF(ISERROR(B84),IF(ISERROR(B83),"BLANK",B83),B84),B85) -> Em Lim | C86: =IF(ISERROR(C85),IF(ISERROR(C84),IF(ISERROR(C83),"BLANK",C83),C84),C85) -> Isabelle Cote | D86: =IF(ISERROR(D85),IF(ISERROR(D84),IF(ISERROR(D83),"BLANK",D83),D84),D85) -> BMSC25 | E86: =IF(ISERROR(VLOOKUP($D86,SITES!$A:$E,2,FALSE)),"",VLOOKUP($D86,SITES!$A:$E,2,FALSE)) -> Goby Town | F86: =IF(ISERROR(VLOOKUP($D86,SITES!$A:$E,3,FALSE)),"",VLOOKUP($D86,SITES!$A:$E,3,FALSE)) -> 48.838595 | G86: =IF(ISERROR(VLOOKUP($D86,SITES!$A:$E,4,FALSE)),"",VLOOKUP($D86,SITES!$A:$E,4,FALSE)) -> -125.13501 | H86: =IF(ISERROR(H85),IF(ISERROR(H84),IF(ISERROR(H83),"BLANK",H83),H84),H85) -> 4/23/2024 | I86: =IF(ISERROR(I85),IF(ISERROR(I84),IF(ISERROR(I83),"BLANK",I83),I84),I85) -> 3 | J86: =IF(ISERROR(J85),IF(ISERROR(J84),IF(ISERROR(J83),"BLANK",J83),J84),J85) -> NW | K86: =IF(ISERROR(K85),IF(ISERROR(K84),IF(ISERROR(K83),"BLANK",K83),K84),K85) -> 0.61666667 | L86: =IF(ISERROR(L85),IF(ISERROR(L84),IF(ISERROR(L83),"BLANK",L83),L84),L85) -> 6 | M86: =IF(ISERROR(M85),IF(ISERROR(M84),IF(ISERROR(M83),"BLANK",M83),M84),M85) -> 2 | N86: =IF(ISERROR(N85),IF(ISERROR(N84),IF(ISERROR(N83),"BLANK",N83),N84),N85) -> 2 | O86: 24 | P86: mfra | Q86: =IF($M86=1,IF(ISERROR(VLOOKUP($P86,'M1'!$A:$C,Q$2,FALSE)),"NOT PRESENT",VLOOKUP($P86,'M1'!$A:$C,Q$2,FALSE)),IF($M86=2,IF(ISERROR(VLOOKUP(DATA!$P86,'M2'!$A:$C,Q$2,FALSE)),"NOT PRESENT",VLOOKUP(DATA!$P86,'M2'!$A:$C,Q$2,FALSE)),IF($M86=0,IF(ISERROR(VLOOKUP($P86,'M1'!$A:$C,Q$2,FALSE)),IF(ISERROR(VLOOKUP(DATA!$P86,'M2'!$A:$C,Q$2,FALSE)),"NOT PRESENT",VLOOKUP(DATA!$P86,'M2'!$A:$C,Q$2,FALSE)),VLOOKUP($P86,'M1'!$A:$C,Q$2,FALSE)),"SPECIFY METHOD"))) -> Mesocentrotus franciscanus | R86: =IF($M86=1,IF(ISERROR(VLOOKUP($P86,'M1'!$A:$C,R$2,FALSE)),"NOT PRESENT",VLOOKUP($P86,'M1'!$A:$C,R$2,FALSE)),IF($M86=2,IF(ISERROR(VLOOKUP(DATA!$P86,'M2'!$A:$C,R$2,FALSE)),"NOT PRESENT",VLOOKUP(DATA!$P86,'M2'!$A:$C,R$2,FALSE)),IF($M86=0,IF(ISERROR(VLOOKUP($P86,'M1'!$A:$C,R$2,FALSE)),IF(ISERROR(VLOOKUP(DATA!$P86,'M2'!$A:$C,R$2,FALSE)),"NOT PRESENT",VLOOKUP(DATA!$P86,'M2'!$A:$C,R$2,FALSE)),VLOOKUP($P86,'M1'!$A:$C,R$2,FALSE)),"SPECIFY METHOD"))) -> Red sea urchin | S86: =SUM(T86:AV86) -> 1 | T86: 0 | X86: 1
A87: =MAX($A$1:$A86)+1 -> 85 | B87: =IF(ISERROR(B86),IF(ISERROR(B85),IF(ISERROR(B84),"BLANK",B84),B85),B86) -> Em Lim | C87: =IF(ISERROR(C86),IF(ISERROR(C85),IF(ISERROR(C84),"BLANK",C84),C85),C86) -> Isabelle Cote | D87: =IF(ISERROR(D86),IF(ISERROR(D85),IF(ISERROR(D84),"BLANK",D84),D85),D86) -> BMSC25 | E87: =IF(ISERROR(VLOOKUP($D87,SITES!$A:$E,2,FALSE)),"",VLOOKUP($D87,SITES!$A:$E,2,FALSE)) -> Goby Town | F87: =IF(ISERROR(VLOOKUP($D87,SITES!$A:$E,3,FALSE)),"",VLOOKUP($D87,SITES!$A:$E,3,FALSE)) -> 48.838595 | G87: =IF(ISERROR(VLOOKUP($D87,SITES!$A:$E,4,FALSE)),"",VLOOKUP($D87,SITES!$A:$E,4,FALSE)) -> -125.13501 | H87: =IF(ISERROR(H86),IF(ISERROR(H85),IF(ISERROR(H84),"BLANK",H84),H85),H86) -> 4/23/2024 | I87: =IF(ISERROR(I86),IF(ISERROR(I85),IF(ISERROR(I84),"BLANK",I84),I85),I86) -> 3 | J87: =IF(ISERROR(J86),IF(ISERROR(J85),IF(ISERROR(J84),"BLANK",J84),J85),J86) -> NW | K87: =IF(ISERROR(K86),IF(ISERROR(K85),IF(ISERROR(K84),"BLANK",K84),K85),K86) -> 0.61666667 | L87: =IF(ISERROR(L86),IF(ISERROR(L85),IF(ISERROR(L84),"BLANK",L84),L85),L86) -> 6 | M87: =IF(ISERROR(M86),IF(ISERROR(M85),IF(ISERROR(M84),"BLANK",M84),M85),M86) -> 2 | N87: =IF(ISERROR(N86),IF(ISERROR(N85),IF(ISERROR(N84),"BLANK",N84),N85),N86) -> 2 | O87: 8 | P87: mfra | Q87: =IF($M87=1,IF(ISERROR(VLOOKUP($P87,'M1'!$A:$C,Q$2,FALSE)),"NOT PRESENT",VLOOKUP($P87,'M1'!$A:$C,Q$2,FALSE)),IF($M87=2,IF(ISERROR(VLOOKUP(DATA!$P87,'M2'!$A:$C,Q$2,FALSE)),"NOT PRESENT",VLOOKUP(DATA!$P87,'M2'!$A:$C,Q$2,FALSE)),IF($M87=0,IF(ISERROR(VLOOKUP($P87,'M1'!$A:$C,Q$2,FALSE)),IF(ISERROR(VLOOKUP(DATA!$P87,'M2'!$A:$C,Q$2,FALSE)),"NOT PRESENT",VLOOKUP(DATA!$P87,'M2'!$A:$C,Q$2,FALSE)),VLOOKUP($P87,'M1'!$A:$C,Q$2,FALSE)),"SPECIFY METHOD"))) -> Mesocentrotus franciscanus | R87: =IF($M87=1,IF(ISERROR(VLOOKUP($P87,'M1'!$A:$C,R$2,FALSE)),"NOT PRESENT",VLOOKUP($P87,'M1'!$A:$C,R$2,FALSE)),IF($M87=2,IF(ISERROR(VLOOKUP(DATA!$P87,'M2'!$A:$C,R$2,FALSE)),"NOT PRESENT",VLOOKUP(DATA!$P87,'M2'!$A:$C,R$2,FALSE)),IF($M87=0,IF(ISERROR(VLOOKUP($P87,'M1'!$A:$C,R$2,FALSE)),IF(ISERROR(VLOOKUP(DATA!$P87,'M2'!$A:$C,R$2,FALSE)),"NOT PRESENT",VLOOKUP(DATA!$P87,'M2'!$A:$C,R$2,FALSE)),VLOOKUP($P87,'M1'!$A:$C,R$2,FALSE)),"SPECIFY METHOD"))) -> Red sea urchin | S87: =SUM(T87:AV87) -> 5 | T87: 0 | U87: 1 | V87: 1 | X87: 2 | Y87: 1
A88: =MAX($A$1:$A87)+1 -> 86 | B88: =IF(ISERROR(B87),IF(ISERROR(B86),IF(ISERROR(B85),"BLANK",B85),B86),B87) -> Em Lim | C88: =IF(ISERROR(C87),IF(ISERROR(C86),IF(ISERROR(C85),"BLANK",C85),C86),C87) -> Isabelle Cote | D88: BMSC5 | E88: =IF(ISERROR(VLOOKUP($D88,SITES!$A:$E,2,FALSE)),"",VLOOKUP($D88,SITES!$A:$E,2,FALSE)) -> Taylor Rock | F88: =IF(ISERROR(VLOOKUP($D88,SITES!$A:$E,3,FALSE)),"",VLOOKUP($D88,SITES!$A:$E,3,FALSE)) -> 48.827332 | G88: =IF(ISERROR(VLOOKUP($D88,SITES!$A:$E,4,FALSE)),"",VLOOKUP($D88,SITES!$A:$E,4,FALSE)) -> -125.1966 | H88: 45405 | I88: 1.5 | J88: E | K88: 0.40972222 | L88: 6.5 | M88: 2 | N88: 2 | O88: 40 | P88: mfra | Q88: =IF($M88=1,IF(ISERROR(VLOOKUP($P88,'M1'!$A:$C,Q$2,FALSE)),"NOT PRESENT",VLOOKUP($P88,'M1'!$A:$C,Q$2,FALSE)),IF($M88=2,IF(ISERROR(VLOOKUP(DATA!$P88,'M2'!$A:$C,Q$2,FALSE)),"NOT PRESENT",VLOOKUP(DATA!$P88,'M2'!$A:$C,Q$2,FALSE)),IF($M88=0,IF(ISERROR(VLOOKUP($P88,'M1'!$A:$C,Q$2,FALSE)),IF(ISERROR(VLOOKUP(DATA!$P88,'M2'!$A:$C,Q$2,FALSE)),"NOT PRESENT",VLOOKUP(DATA!$P88,'M2'!$A:$C,Q$2,FALSE)),VLOOKUP($P88,'M1'!$A:$C,Q$2,FALSE)),"SPECIFY METHOD"))) -> Mesocentrotus franciscanus | R88: =IF($M88=1,IF(ISERROR(VLOOKUP($P88,'M1'!$A:$C,R$2,FALSE)),"NOT PRESENT",VLOOKUP($P88,'M1'!$A:$C,R$2,FALSE)),IF($M88=2,IF(ISERROR(VLOOKUP(DATA!$P88,'M2'!$A:$C,R$2,FALSE)),"NOT PRESENT",VLOOKUP(DATA!$P88,'M2'!$A:$C,R$2,FALSE)),IF($M88=0,IF(ISERROR(VLOOKUP($P88,'M1'!$A:$C,R$2,FALSE)),IF(ISERROR(VLOOKUP(DATA!$P88,'M2'!$A:$C,R$2,FALSE)),"NOT PRESENT",VLOOKUP(DATA!$P88,'M2'!$A:$C,R$2,FALSE)),VLOOKUP($P88,'M1'!$A:$C,R$2,FALSE)),"SPECIFY METHOD"))) -> Red sea urchin | S88: =SUM(T88:AV88) -> 9 | T88: 0 | V88: 3 | W88: 3 | X88: 3
A89: =MAX($A$1:$A88)+1 -> 87 | B89: =IF(ISERROR(B88),IF(ISERROR(B87),IF(ISERROR(B86),"BLANK",B86),B87),B88) -> Em Lim | C89: =IF(ISERROR(C88),IF(ISERROR(C87),IF(ISERROR(C86),"BLANK",C86),C87),C88) -> Isabelle Cote | D89: =IF(ISERROR(D88),IF(ISERROR(D87),IF(ISERROR(D86),"BLANK",D86),D87),D88) -> BMSC5 | E89: =IF(ISERROR(VLOOKUP($D89,SITES!$A:$E,2,FALSE)),"",VLOOKUP($D89,SITES!$A:$E,2,FALSE)) -> Taylor Rock | F89: =IF(ISERROR(VLOOKUP($D89,SITES!$A:$E,3,FALSE)),"",VLOOKUP($D89,SITES!$A:$E,3,FALSE)) -> 48.827332 | G89: =IF(ISERROR(VLOOKUP($D89,SITES!$A:$E,4,FALSE)),"",VLOOKUP($D89,SITES!$A:$E,4,FALSE)) -> -125.1966 | H89: =IF(ISERROR(H88),IF(ISERROR(H87),IF(ISERROR(H86),"BLANK",H86),H87),H88) -> 45405 | I89: =IF(ISERROR(I88),IF(ISERROR(I87),IF(ISERROR(I86),"BLANK",I86),I87),I88) -> 1.5 | J89: =IF(ISERROR(J88),IF(ISERROR(J87),IF(ISERROR(J86),"BLANK",J86),J87),J88) -> E | K89: =IF(ISERROR(K88),IF(ISERROR(K87),IF(ISERROR(K86),"BLANK",K86),K87),K88) -> 0.40972222 | L89: =IF(ISERROR(L88),IF(ISERROR(L87),IF(ISERROR(L86),"BLANK",L86),L87),L88) -> 6.5 | M89: =IF(ISERROR(M88),IF(ISERROR(M87),IF(ISERROR(M86),"BLANK",M86),M87),M88) -> 2 | N89: =IF(ISERROR(N88),IF(ISERROR(N87),IF(ISERROR(N86),"BLANK",N86),N87),N88) -> 2 | O89: 40 | P89: oko | Q89: =IF($M89=1,IF(ISERROR(VLOOKUP($P89,'M1'!$A:$C,Q$2,FALSE)),"NOT PRESENT",VLOOKUP($P89,'M1'!$A:$C,Q$2,FALSE)),IF($M89=2,IF(ISERROR(VLOOKUP(DATA!$P89,'M2'!$A:$C,Q$2,FALSE)),"NOT PRESENT",VLOOKUP(DATA!$P89,'M2'!$A:$C,Q$2,FALSE)),IF($M89=0,IF(ISERROR(VLOOKUP($P89,'M1'!$A:$C,Q$2,FALSE)),IF(ISERROR(VLOOKUP(DATA!$P89,'M2'!$A:$C,Q$2,FALSE)),"NOT PRESENT",VLOOKUP(DATA!$P89,'M2'!$A:$C,Q$2,FALSE)),VLOOKUP($P89,'M1'!$A:$C,Q$2,FALSE)),"SPECIFY METHOD"))) -> Orthasterias koehleri | R89: =IF($M89=1,IF(ISERROR(VLOOKUP($P89,'M1'!$A:$C,R$2,FALSE)),"NOT PRESENT",VLOOKUP($P89,'M1'!$A:$C,R$2,FALSE)),IF($M89=2,IF(ISERROR(VLOOKUP(DATA!$P89,'M2'!$A:$C,R$2,FALSE)),"NOT PRESENT",VLOOKUP(DATA!$P89,'M2'!$A:$C,R$2,FALSE)),IF($M89=0,IF(ISERROR(VLOOKUP($P89,'M1'!$A:$C,R$2,FALSE)),IF(ISERROR(VLOOKUP(DATA!$P89,'M2'!$A:$C,R$2,FALSE)),"NOT PRESENT",VLOOKUP(DATA!$P89,'M2'!$A:$C,R$2,FALSE)),VLOOKUP($P89,'M1'!$A:$C,R$2,FALSE)),"SPECIFY METHOD"))) -> Rainbow star | S89: =SUM(T89:AV89) -> 1 | T89: 0 | W89: 1
A90: =MAX($A$1:$A89)+1 -> 88 | B90: =IF(ISERROR(B89),IF(ISERROR(B88),IF(ISERROR(B87),"BLANK",B87),B88),B89) -> Em Lim | C90: =IF(ISERROR(C89),IF(ISERROR(C88),IF(ISERROR(C87),"BLANK",C87),C88),C89) -> Isabelle Cote | D90: =IF(ISERROR(D89),IF(ISERROR(D88),IF(ISERROR(D87),"BLANK",D87),D88),D89) -> BMSC5 | E90: =IF(ISERROR(VLOOKUP($D90,SITES!$A:$E,2,FALSE)),"",VLOOKUP($D90,SITES!$A:$E,2,FALSE)) -> Taylor Rock | F90: =IF(ISERROR(VLOOKUP($D90,SITES!$A:$E,3,FALSE)),"",VLOOKUP($D90,SITES!$A:$E,3,FALSE)) -> 48.827332 | G90: =IF(ISERROR(VLOOKUP($D90,SITES!$A:$E,4,FALSE)),"",VLOOKUP($D90,SITES!$A:$E,4,FALSE)) -> -125.1966 | H90: =IF(ISERROR(H89),IF(ISERROR(H88),IF(ISERROR(H87),"BLANK",H87),H88),H89) -> 45405 | I90: =IF(ISERROR(I89),IF(ISERROR(I88),IF(ISERROR(I87),"BLANK",I87),I88),I89) -> 1.5 | J90: =IF(ISERROR(J89),IF(ISERROR(J88),IF(ISERROR(J87),"BLANK",J87),J88),J89) -> E | K90: =IF(ISERROR(K89),IF(ISERROR(K88),IF(ISERROR(K87),"BLANK",K87),K88),K89) -> 0.40972222 | L90: =IF(ISERROR(L89),IF(ISERROR(L88),IF(ISERROR(L87),"BLANK",L87),L88),L89) -> 6.5 | M90: =IF(ISERROR(M89),IF(ISERROR(M88),IF(ISERROR(M87),"BLANK",M87),M88),M89) -> 2 | N90: =IF(ISERROR(N89),IF(ISERROR(N88),IF(ISERROR(N87),"BLANK",N87),N88),N89) -> 2 | O90: 24 | P90: mfra | Q90: =IF($M90=1,IF(ISERROR(VLOOKUP($P90,'M1'!$A:$C,Q$2,FALSE)),"NOT PRESENT",VLOOKUP($P90,'M1'!$A:$C,Q$2,FALSE)),IF($M90=2,IF(ISERROR(VLOOKUP(DATA!$P90,'M2'!$A:$C,Q$2,FALSE)),"NOT PRESENT",VLOOKUP(DATA!$P90,'M2'!$A:$C,Q$2,FALSE)),IF($M90=0,IF(ISERROR(VLOOKUP($P90,'M1'!$A:$C,Q$2,FALSE)),IF(ISERROR(VLOOKUP(DATA!$P90,'M2'!$A:$C,Q$2,FALSE)),"NOT PRESENT",VLOOKUP(DATA!$P90,'M2'!$A:$C,Q$2,FALSE)),VLOOKUP($P90,'M1'!$A:$C,Q$2,FALSE)),"SPECIFY METHOD"))) -> Mesocentrotus franciscanus | R90: =IF($M90=1,IF(ISERROR(VLOOKUP($P90,'M1'!$A:$C,R$2,FALSE)),"NOT PRESENT",VLOOKUP($P90,'M1'!$A:$C,R$2,FALSE)),IF($M90=2,IF(ISERROR(VLOOKUP(DATA!$P90,'M2'!$A:$C,R$2,FALSE)),"NOT PRESENT",VLOOKUP(DATA!$P90,'M2'!$A:$C,R$2,FALSE)),IF($M90=0,IF(ISERROR(VLOOKUP($P90,'M1'!$A:$C,R$2,FALSE)),IF(ISERROR(VLOOKUP(DATA!$P90,'M2'!$A:$C,R$2,FALSE)),"NOT PRESENT",VLOOKUP(DATA!$P90,'M2'!$A:$C,R$2,FALSE)),VLOOKUP($P90,'M1'!$A:$C,R$2,FALSE)),"SPECIFY METHOD"))) -> Red sea urchin | S90: =SUM(T90:AV90) -> 7 | T90: 0 | V90: 2 | W90: 4 | X90: 1
A91: =MAX($A$1:$A90)+1 -> 89 | B91: =IF(ISERROR(B90),IF(ISERROR(B89),IF(ISERROR(B88),"BLANK",B88),B89),B90) -> Em Lim | C91: =IF(ISERROR(C90),IF(ISERROR(C89),IF(ISERROR(C88),"BLANK",C88),C89),C90) -> Isabelle Cote | D91: =IF(ISERROR(D90),IF(ISERROR(D89),IF(ISERROR(D88),"BLANK",D88),D89),D90) -> BMSC5 | E91: =IF(ISERROR(VLOOKUP($D91,SITES!$A:$E,2,FALSE)),"",VLOOKUP($D91,SITES!$A:$E,2,FALSE)) -> Taylor Rock | F91: =IF(ISERROR(VLOOKUP($D91,SITES!$A:$E,3,FALSE)),"",VLOOKUP($D91,SITES!$A:$E,3,FALSE)) -> 48.827332 | G91: =IF(ISERROR(VLOOKUP($D91,SITES!$A:$E,4,FALSE)),"",VLOOKUP($D91,SITES!$A:$E,4,FALSE)) -> -125.1966 | H91: =IF(ISERROR(H90),IF(ISERROR(H89),IF(ISERROR(H88),"BLANK",H88),H89),H90) -> 45405 | I91: =IF(ISERROR(I90),IF(ISERROR(I89),IF(ISERROR(I88),"BLANK",I88),I89),I90) -> 1.5 | J91: =IF(ISERROR(J90),IF(ISERROR(J89),IF(ISERROR(J88),"BLANK",J88),J89),J90) -> E | K91: =IF(ISERROR(K90),IF(ISERROR(K89),IF(ISERROR(K88),"BLANK",K88),K89),K90) -> 0.40972222 | L91: =IF(ISERROR(L90),IF(ISERROR(L89),IF(ISERROR(L88),"BLANK",L88),L89),L90) -> 6.5 | M91: =IF(ISERROR(M90),IF(ISERROR(M89),IF(ISERROR(M88),"BLANK",M88),M89),M90) -> 2 | N91: =IF(ISERROR(N90),IF(ISERROR(N89),IF(ISERROR(N88),"BLANK",N88),N89),N90) -> 2 | O91: 24 | P91: dim | Q91: =IF($M91=1,IF(ISERROR(VLOOKUP($P91,'M1'!$A:$C,Q$2,FALSE)),"NOT PRESENT",VLOOKUP($P91,'M1'!$A:$C,Q$2,FALSE)),IF($M91=2,IF(ISERROR(VLOOKUP(DATA!$P91,'M2'!$A:$C,Q$2,FALSE)),"NOT PRESENT",VLOOKUP(DATA!$P91,'M2'!$A:$C,Q$2,FALSE)),IF($M91=0,IF(ISERROR(VLOOKUP($P91,'M1'!$A:$C,Q$2,FALSE)),IF(ISERROR(VLOOKUP(DATA!$P91,'M2'!$A:$C,Q$2,FALSE)),"NOT PRESENT",VLOOKUP(DATA!$P91,'M2'!$A:$C,Q$2,FALSE)),VLOOKUP($P91,'M1'!$A:$C,Q$2,FALSE)),"SPECIFY METHOD"))) -> Dermasterias imbricata | R91: =IF($M91=1,IF(ISERROR(VLOOKUP($P91,'M1'!$A:$C,R$2,FALSE)),"NOT PRESENT",VLOOKUP($P91,'M1'!$A:$C,R$2,FALSE)),IF($M91=2,IF(ISERROR(VLOOKUP(DATA!$P91,'M2'!$A:$C,R$2,FALSE)),"NOT PRESENT",VLOOKUP(DATA!$P91,'M2'!$A:$C,R$2,FALSE)),IF($M91=0,IF(ISERROR(VLOOKUP($P91,'M1'!$A:$C,R$2,FALSE)),IF(ISERROR(VLOOKUP(DATA!$P91,'M2'!$A:$C,R$2,FALSE)),"NOT PRESENT",VLOOKUP(DATA!$P91,'M2'!$A:$C,R$2,FALSE)),VLOOKUP($P91,'M1'!$A:$C,R$2,FALSE)),"SPECIFY METHOD"))) -> Leather star | S91: =SUM(T91:AV91) -> 1 | T91: 0 | V91: 1
A92: =MAX($A$1:$A91)+1 -> 90 | B92: =IF(ISERROR(B91),IF(ISERROR(B90),IF(ISERROR(B89),"BLANK",B89),B90),B91) -> Em Lim | C92: =IF(ISERROR(C91),IF(ISERROR(C90),IF(ISERROR(C89),"BLANK",C89),C90),C91) -> Isabelle Cote | D92: =IF(ISERROR(D91),IF(ISERROR(D90),IF(ISERROR(D89),"BLANK",D89),D90),D91) -> BMSC5 | E92: =IF(ISERROR(VLOOKUP($D92,SITES!$A:$E,2,FALSE)),"",VLOOKUP($D92,SITES!$A:$E,2,FALSE)) -> Taylor Rock | F92: =IF(ISERROR(VLOOKUP($D92,SITES!$A:$E,3,FALSE)),"",VLOOKUP($D92,SITES!$A:$E,3,FALSE)) -> 48.827332 | G92: =IF(ISERROR(VLOOKUP($D92,SITES!$A:$E,4,FALSE)),"",VLOOKUP($D92,SITES!$A:$E,4,FALSE)) -> -125.1966 | H92: =IF(ISERROR(H91),IF(ISERROR(H90),IF(ISERROR(H89),"BLANK",H89),H90),H91) -> 45405 | I92: =IF(ISERROR(I91),IF(ISERROR(I90),IF(ISERROR(I89),"BLANK",I89),I90),I91) -> 1.5 | J92: =IF(ISERROR(J91),IF(ISERROR(J90),IF(ISERROR(J89),"BLANK",J89),J90),J91) -> E | K92: =IF(ISERROR(K91),IF(ISERROR(K90),IF(ISERROR(K89),"BLANK",K89),K90),K91) -> 0.40972222 | L92: =IF(ISERROR(L91),IF(ISERROR(L90),IF(ISERROR(L89),"BLANK",L89),L90),L91) -> 6.5 | M92: =IF(ISERROR(M91),IF(ISERROR(M90),IF(ISERROR(M89),"BLANK",M89),M90),M91) -> 2 | N92: =IF(ISERROR(N91),IF(ISERROR(N90),IF(ISERROR(N89),"BLANK",N89),N90),N91) -> 2 | O92: 8 | P92: mfra | Q92: =IF($M92=1,IF(ISERROR(VLOOKUP($P92,'M1'!$A:$C,Q$2,FALSE)),"NOT PRESENT",VLOOKUP($P92,'M1'!$A:$C,Q$2,FALSE)),IF($M92=2,IF(ISERROR(VLOOKUP(DATA!$P92,'M2'!$A:$C,Q$2,FALSE)),"NOT PRESENT",VLOOKUP(DATA!$P92,'M2'!$A:$C,Q$2,FALSE)),IF($M92=0,IF(ISERROR(VLOOKUP($P92,'M1'!$A:$C,Q$2,FALSE)),IF(ISERROR(VLOOKUP(DATA!$P92,'M2'!$A:$C,Q$2,FALSE)),"NOT PRESENT",VLOOKUP(DATA!$P92,'M2'!$A:$C,Q$2,FALSE)),VLOOKUP($P92,'M1'!$A:$C,Q$2,FALSE)),"SPECIFY METHOD"))) -> Mesocentrotus franciscanus | R92: =IF($M92=1,IF(ISERROR(VLOOKUP($P92,'M1'!$A:$C,R$2,FALSE)),"NOT PRESENT",VLOOKUP($P92,'M1'!$A:$C,R$2,FALSE)),IF($M92=2,IF(ISERROR(VLOOKUP(DATA!$P92,'M2'!$A:$C,R$2,FALSE)),"NOT PRESENT",VLOOKUP(DATA!$P92,'M2'!$A:$C,R$2,FALSE)),IF($M92=0,IF(ISERROR(VLOOKUP($P92,'M1'!$A:$C,R$2,FALSE)),IF(ISERROR(VLOOKUP(DATA!$P92,'M2'!$A:$C,R$2,FALSE)),"NOT PRESENT",VLOOKUP(DATA!$P92,'M2'!$A:$C,R$2,FALSE)),VLOOKUP($P92,'M1'!$A:$C,R$2,FALSE)),"SPECIFY METHOD"))) -> Red sea urchin | S92: =SUM(T92:AV92) -> 4 | T92: 0 | W92: 1 | X92: 2 | Y92: 1
