Workbook
Name SpeciesList1: #REF!
Name SpeciesList2: #REF!

Sheet SUMMARY
A3: Sum of Total | C3: Date | D3: Site No. | E3: Depth
C4: 01/05/2024 | F4: 02/05/2024 | I4: 03/05/2024 | K4: 22/04/2024 | O4: 23/04/2024 | T4: 24/04/2024 | X4: 25/04/2024 | AB4: 26/04/2024 | AG4: 29/04/2024 | AJ4: 30/04/2024 | AL4: (blank) | AM4: Grand Total
C5: BMSC13 | D5: BMSC14 | E5: BMSC15 | F5: BMSC16 | G5: BMSC17 | H5: BMSC18 | I5: BMSC23 | J5: BMSC27 | K5: BMSC6 | M5: BMSC8 | O5: BMSC25 | Q5: BMSC5 | S5: BMSC9 | T5: BMSC24 | V5: BMSC26 | X5: BMSC1 | Z5: BMSC19 | AA5: BMSC20 | AB5: BMSC10 | AC5: BMSC11 | AE5: BMSC12 | AG5: BMSC2 | AH5: BMSC3 | AI5: BMSC4 | AJ5: BMSC21 | AK5: BMSC22 | AL5: (blank)
A6: Method | B6: Species | C6: 3 | D6: 6 | E6: 6.5 | F6: 7.5 | G6: 5.8 | H6: 8.5 | I6: 6.7 | J6: 8.5 | K6: 8 | L6: 11 | M6: 7.5 | N6: 8.5 | O6: 5.5 | P6: 6 | Q6: 6 | R6: 6.5 | S6: 6.5 | T6: 5.5 | U6: 10.5 | V6: 6.5 | W6: 8 | X6: 5 | Y6: 6.5 | Z6: 8.5 | AA6: 6.7 | AB6: 4.5 | AC6: 5 | AD6: 7.5 | AE6: 4.5 | AF6: 7 | AG6: 4 | AH6: 6 | AI6: 8.5 | AJ6: 6.5 | AK6: 5.5 | AL6: (blank)
A7: 0 | B7: Brachyistius frenatus | E7: 1 | V7: 1 | AM7: 2
B8: Cancer productus | AA8: 2 | AM8: 2
B9: Chirolophis nugator | S9: 1 | AM9: 1
B10: Crassadoma gigantea | F10: 2 | AM10: 2
B11: Diaulula sandiegensis | AB11: 1 | AD11: 1 | AM11: 2
B12: Echidnocerus cibarius | D12: 2 | AM12: 2
B13: Enophrys bison | S13: 1 | AM13: 1
B14: Enteroctopus dofleini | O14: 1 | AM14: 1
B15: Evasterias troschelii | G15: 1 | AM15: 1
B16: Haliotis kamtschatkana | W16: 1 | AM16: 1
B17: Hexagrammos decagrammus | E17: 1 | F17: 2 | G17: 3 | J17: 1 | P17: 1 | S17: 3 | U17: 1 | V17: 1 | Y17: 1 | AF17: 1 | AK17: 1 | AM17: 16
B18: Hexagrammos stelleri | Y18: 1 | AM18: 1
B19: Megaptera novaeangliae | Z19: 1 | AM19: 1
B20: Nautichthys oculofasciatus | S20: 1 | AM20: 1
B21: Neverita lewisii | S21: 1 | AM21: 1
B22: Ophiodon elongatus | D22: 1 | G22: 2 | J22: 2 | L22: 1 | Y22: 1 | AJ22: 1 | AM22: 8
B23: Oxylebius pictus | P23: 1 | U23: 2 | Y23: 1 | AB23: 1 | AE23: 1 | AF23: 1 | AG23: 1 | AJ23: 1 | AM23: 9
B24: Pisaster ochraceus | G24: 1 | M24: 3 | AM24: 4
B25: Pycnopodia helianthoides | Q25: 1 | AA25: 1 | AM25: 2
B26: Sebastes caurinus | F26: 3 | H26: 2 | I26: 1 | O26: 1 | P26: 1 | S26: 6 | U26: 1 | V26: 3 | W26: 1 | AB26: 6 | AC26: 1 | AE26: 1 | AJ26: 1 | AM26: 28
B27: Sebastes flavidus | H27: 27 | I27: 1 | U27: 1 | W27: 1 | AM27: 30
B28: Sebastes maliger | F28: 1 | K28: 1 | L28: 1 | Y28: 2 | AB28: 1 | AJ28: 2 | AK28: 2 | AM28: 10
B29: Sebastes melanops | D29: 10 | E29: 1 | H29: 2 | Q29: 1 | S29: 26 | AA29: 3 | AM29: 43
B30: Sebastes nebulosus | D30: 2 | G30: 1 | H30: 2 | L30: 1 | AA30: 1 | AM30: 7
B31: Sebastes nigrocinctus | U31: 1 | AM31: 1
B32: Sebastes spp. | D32: 2 | AB32: 1 | AM32: 3
A33: 1 | B33: Aequorea victoria | D33: 1 | E33: 1 | H33: 1 | AH33: 1 | AM33: 4
B34: Anarrhichthys ocellatus | L34: 2 | AM34: 2
B35: Artedius harringtoni | I35: 1 | N35: 1 | Y35: 1 | AF35: 1 | AG35: 1 | AM35: 5
B36: Bolinopsis infundubulum | G36: 1 | AM36: 1
B37: Brachyistius frenatus | V37: 7 | W37: 1 | AM37: 8
B38: Embiotoca lateralis | L38: 1 | T38: 13 | V38: 1 | AH38: 1 | AM38: 16
B39: Enophrys bison | R39: 1 | AM39: 1
B40: Hemilepidotus hemilepidotus | AC40: 1 | AM40: 1
B41: Hexagrammos decagrammus | C41: 10 | D41: 9 | E41: 1 | F41: 11 | G41: 5 | H41: 4 | I41: 5 | J41: 3 | K41: 3 | L41: 2 | M41: 2 | N41: 4 | O41: 2 | P41: 6 | Q41: 5 | S41: 8 | T41: 11 | U41: 9 | V41: 4 | W41: 1 | Y41: 3 | Z41: 8 | AA41: 9 | AB41: 8 | AC41: 7 | AD41: 1 | AE41: 11 | AG41: 24 | AH41: 1 | AI41: 6 | AJ41: 23 | AM41: 206
B42: Hexagrammos stelleri | C42: 1 | N42: 1 | AM42: 2
B43: Mitrocoma cellularia | F43: 2 | G43: 2 | AM43: 4
B44: No species found | R44: 1 | AF44: 1 | AI44: 1 | AM44: 3
B45: Ophiodon elongatus | D45: 3 | G45: 1 | H45: 1 | K45: 2 | L45: 2 | N45: 1 | S45: 1 | U45: 2 | X45: 1 | Z45: 3 | AG45: 1 | AM45: 18
B46: Oxylebius pictus | I46: 2 | S46: 1 | AM46: 3
B47: Rhacochilus vacca | C47: 11 | T47: 20 | AM47: 31
B48: Rhinogobiops nicholsii | C48: 17 | D48: 19 | E48: 9 | F48: 18 | G48: 17 | H48: 37 | I48: 9 | J48: 16 | L48: 1 | M48: 1 | O48: 53 | P48: 46 | Q48: 3 | R48: 1 | S48: 6 | V48: 5 | W48: 7 | X48: 1 | AB48: 68 | AC48: 2 | AD48: 17 | AE48: 1 | AF48: 2 | AJ48: 18 | AK48: 69 | AM48: 443
B49: Scorpaenichthys marmoratus | D49: 1 | AM49: 1
B50: Sebastes caurinus | C50: 2 | D50: 11 | E50: 5 | G50: 4 | H50: 1 | J50: 1 | K50: 1 | L50: 1 | T50: 9 | AB50: 3 | AM50: 38
B51: Sebastes maliger | H51: 4 | I51: 1 | K51: 3 | L51: 8 | Q51: 3 | S51: 1 | W51: 2 | AB51: 2 | AM51: 24
B52: Sebastes melanops | C52: 3 | D52: 13 | G52: 12 | K52: 1 | S52: 5 | U52: 5 | Y52: 1 | Z52: 1 | AH52: 72 | AM52: 113
B53: Sebastes nebulosus | H53: 7 | U53: 1 | AM53: 8
B54: Synchirus gilli | V54: 1 | AM54: 1
B55: Zalophus californianus | AE55: 1 | AM55: 1
A56: 2 | B56: Acanthodoris hudsoni | E56: 1 | H56: 1 | I56: 1 | R56: 2 | AC56: 1 | AD56: 2 | AM56: 8
B57: Acmaea mitra | C57: 25 | D57: 43 | F57: 71 | G57: 52 | H57: 33 | I57: 44 | J57: 9 | K57: 43 | L57: 37 | M57: 29 | N57: 32 | O57: 36 | P57: 48 | Q57: 51 | R57: 26 | S57: 81 | T57: 17 | U57: 10 | V57: 9 | X57: 13 | Y57: 47 | Z57: 18 | AA57: 3 | AB57: 3 | AC57: 7 | AD57: 3 | AE57: 9 | AF57: 13 | AG57: 64 | AH57: 21 | AI57: 6 | AJ57: 41 | AK57: 28 | AM57: 972
B58: Aglaja ocelligera | J58: 1 | AM58: 1
B59: Aldisa spp. | V59: 1 | AM59: 1
B60: Amphissa columbiana | L60: 1 | N60: 1 | AM60: 2
B61: Anoplarchus spp. | Q61: 1 | AM61: 1
B62: Antiopella fusca | T62: 1 | AD62: 1 | AI62: 5 | AM62: 7
B63: Apostichopus californicus | C63: 29 | D63: 25 | E63: 27 | F63: 6 | G63: 11 | H63: 74 | I63: 37 | J63: 49 | K63: 24 | L63: 28 | M63: 10 | N63: 8 | O63: 12 | P63: 38 | Q63: 26 | R63: 28 | S63: 16 | T63: 60 | U63: 17 | V63: 4 | W63: 6 | X63: 2 | Y63: 7 | Z63: 11 | AA63: 26 | AB63: 56 | AC63: 30 | AD63: 35 | AE63: 60 | AF63: 82 | AG63: 15 | AH63: 35 | AI63: 25 | AJ63: 29 | AK63: 31 | AM63: 979
B64: Artedius fenestralis | L64: 1 | AM64: 1
B65: Artedius harringtoni | C65: 1 | D65: 10 | F65: 3 | G65: 4 | H65: 5 | I65: 21 | J65: 4 | K65: 1 | L65: 5 | M65: 11 | N65: 3 | P65: 2 | Q65: 7 | R65: 10 | S65: 12 | T65: 5 | U65: 3 | Y65: 2 | Z65: 3 | AA65: 6 | AC65: 26 | AD65: 1 | AE65: 7 | AF65: 7 | AG65: 1 | AH65: 18 | AI65: 2 | AJ65: 14 | AK65: 4 | AM65: 198
B66: Ascelichthys rhodorus | S66: 1 | AM66: 1
B67: Asemichthys taylori | D67: 1 | R67: 1 | AM67: 2
B68: Cadlina luteomarginata | Q68: 1 | V68: 3 | W68: 3 | Y68: 1 | AM68: 8
B69: Cadlina spp. | E69: 1 | S69: 1 | W69: 1 | AM69: 3
B70: Calliostoma ligatum | N70: 3 | R70: 2 | S70: 11 | T70: 11 | AM70: 27
B71: Cancer productus | C71: 1 | E71: 1 | F71: 2 | G71: 2 | I71: 1 | O71: 3 | P71: 2 | Q71: 1 | R71: 2 | S71: 1 | V71: 2 | X71: 1 | AA71: 1 | AG71: 3 | AI71: 1 | AM71: 24
B72: Ceratostoma foliatum | C72: 4 | D72: 77 | E72: 1 | F72: 25 | G72: 41 | H72: 61 | I72: 470 | J72: 4 | K72: 124 | L72: 23 | M72: 3 | N72: 13 | O72: 22 | P72: 16 | Q72: 26 | R72: 71 | S72: 24 | T72: 16 | U72: 46 | V72: 2 | W72: 2 | X72: 13 | Y72: 112 | Z72: 18 | AA72: 16 | AB72: 8 | AC72: 30 | AD72: 9 | AE72: 26 | AF72: 35 | AG72: 13 | AH72: 44 | AI72: 27 | AJ72: 32 | AK72: 12 | AM72: 1466
B73: Chirolophis nugator | I73: 1 | AA73: 1 | AE73: 1 | AI73: 1 | AM73: 4
B74: Chlamys hastata | N74: 1 | V74: 2 | AB74: 1 | AM74: 4
B75: Chlamys rubida | D75: 3 | W75: 1 | AM75: 4
B76: Chlamys spp. | D76: 2 | E76: 1 | G76: 1 | H76: 33 | I76: 1 | J76: 1 | AD76: 1 | AM76: 40
B77: Chorilia longipes | AA77: 2 | AD77: 2 | AH77: 6 | AM77: 10
B78: Clinocottus acuticeps | AA78: 1 | AM78: 1
B79: Coryphella trophina | J79: 2 | W79: 4 | AH79: 1 | AM79: 7
B80: Crassadoma gigantea | C80: 9 | D80: 17 | E80: 23 | F80: 1 | G80: 9 | H80: 59 | I80: 14 | J80: 21 | K80: 16 | L80: 3 | N80: 3 | O80: 18 | P80: 23 | Q80: 4 | R80: 35 | S80: 21 | T80: 3 | U80: 10 | V80: 8 | W80: 27 | X80: 2 | Y80: 3 | Z80: 5 | AA80: 3 | AB80: 16 | AC80: 5 | AD80: 23 | AE80: 4 | AF80: 27 | AG80: 2 | AH80: 23 | AI80: 2 | AJ80: 29 | AK80: 9 | AM80: 477
B81: Cryptochiton stelleri | P81: 1 | AM81: 1
B82: Cryptolithodes typicus | D82: 2 | H82: 1 | AJ82: 1 | AM82: 4
B83: Cryptonatica aleutica | AJ83: 1 | AM83: 1
B84: Debris - Fishing | I84: 1 | O84: 4 | S84: 2 | AJ84: 4 | AM84: 11
B85: Debris - Glass | I85: 1 | AM85: 1
B86: Debris - Metal | K86: 1 | AM86: 1
B87: Debris - Other | O87: 1 | Q87: 1 | S87: 1 | AB87: 1 | AM87: 4
B88: Debris - Zero | C88: 1 | D88: 1 | E88: 2 | F88: 1 | H88: 1 | J88: 1 | L88: 1 | M88: 1 | N88: 1 | P88: 1 | R88: 2 | T88: 2 | U88: 1 | V88: 2 | W88: 1 | X88: 1 | Y88: 1 | Z88: 2 | AA88: 2 | AB88: 1 | AD88: 2 | AE88: 2 | AG88: 1 | AH88: 2 | AI88: 2 | AK88: 1 | AM88: 36
B89: Dendronotus albus | X89: 2 | AM89: 2
B90: Dendronotus iris | J90: 12 | AB90: 1 | AD90: 1 | AM90: 14
B91: Dermasterias imbricata | C91: 6 | D91: 10 | E91: 10 | F91: 4 | G91: 1 | H91: 19 | I91: 16 | J91: 20 | K91: 10 | L91: 2 | M91: 11 | N91: 6 | O91: 25 | P91: 12 | Q91: 18 | R91: 24 | S91: 12 | T91: 18 | U91: 19 | V91: 34 | W91: 24 | X91: 4 | Y91: 24 | Z91: 23 | AA91: 11 | AB91: 7 | AC91: 20 | AD91: 20 | AE91: 19 | AF91: 37 | AG91: 8 | AH91: 38 | AI91: 48 | AJ91: 28 | AK91: 8 | AM91: 596
B92: Diaulula odonoghuei | I92: 1 | S92: 3 | AM92: 4
B93: Diaulula sandiegensis | D93: 3 | H93: 6 | O93: 14 | P93: 7 | R93: 1 | S93: 5 | U93: 2 | V93: 1 | W93: 1 | AA93: 1 | AD93: 1 | AF93: 1 | AJ93: 4 | AM93: 47
B94: Diodora aspera | D94: 18 | E94: 7 | F94: 2 | G94: 4 | H94: 28 | I94: 12 | J94: 1 | L94: 2 | M94: 1 | N94: 1 | O94: 20 | P94: 10 | Q94: 1 | R94: 2 | S94: 24 | T94: 5 | U94: 1 | V94: 2 | Z94: 6 | AA94: 3 | AB94: 26 | AC94: 1 | AE94: 2 | AF94: 2 | AG94: 8 | AH94: 4 | AI94: 1 | AJ94: 1 | AK94: 11 | AM94: 206
B95: Dirona albolineata | I95: 1 | Q95: 1 | R95: 1 | T95: 1 | W95: 1 | AD95: 1 | AM95: 6
B96: Discorsopagurus schmitti | D96: 3 | S96: 1 | AI96: 1 | AK96: 2 | AM96: 7
B97: Doris montereyensis | C97: 1 | O97: 2 | S97: 2 | V97: 1 | AA97: 1 | AB97: 1 | AD97: 1 | AK97: 2 | AM97: 11
B98: Doris odhneri | D98: 1 | U98: 3 | AM98: 4
B99: Echidnocerus cibarius | E99: 1 | J99: 1 | W99: 1 | AM99: 3
B100: Elassochirus tenuimanus | L100: 1 | AM100: 1
B101: Enophrys bison | AJ101: 1 | AM101: 1
B102: Enteroctopus dofleini | Y102: 1 | AB102: 1 | AJ102: 1 | AM102: 3
...

Sheet DATA
A1: ID | B1: Diver | C1: Buddy | D1: Site No. | E1: Site Name | F1: Latitude | G1: Longitude | H1: Date | I1: vis | J1: Direction | K1: Time | L1: P-Qs | M1: Depth | N1: Method | O1: Block | P1: Code | Q1: Species | R1: Common name | S1: Total | T1: Inverts | U1: =2.5*U2 -> 2.5 | V1: =2.5*V2 -> 5 | W1: =2.5*W2 -> 7.5 | X1: =2.5*X2 -> 10 | Y1: =2.5*Y2 -> 12.5 | Z1: =2.5*Z2 -> 15 | AA1: =2.5*AA2 -> 20 | AB1: =2.5*AB2 -> 25 | ... AR1: =2.5*AR2 -> 200 | AS1: 250 | AT1: 300 | AU1: 350 | AV1: 400
K2: 0.5 | N2: 0, 1, 2 | O2: 0, 1, 2 | Q2: 2 | R2: 3 | S2: =SUM(S3:S10028) -> 30552 | T2: =SUM(T3:T10028) -> 25101 | U2: 1 | V2: 2 | W2: 3 | X2: 4 | Y2: 5 | Z2: 6 | AA2: 8 | AB2: 10 | AC2: 12 | AD2: 14 | AE2: 16 | AF2: 20 | AG2: 25 | AH2: 30 | AI2: 35 | AJ2: 40 | AK2: 45 | AL2: 50 | AM2: 55 | AN2: 60 | AO2: 65 | AP2: 70 | AQ2: 75 | AR2: 80 | AS2: 100 | AT2: 120 | AU2: 140 | AV2: 160
A3: =MAX($A$1:$A2)+1 -> 1 | B3: Em Lim | C3: Isabelle Côté | D3: BMSC8 | E3: =IF(ISERROR(VLOOKUP($D3,SITES!$A:$E,2,FALSE)),"",VLOOKUP($D3,SITES!$A:$E,2,FALSE)) -> Baeria Rocks North Island Northside | F3: =IF(ISERROR(VLOOKUP($D3,SITES!$A:$E,3,FALSE)),"",VLOOKUP($D3,SITES!$A:$E,3,FALSE)) -> 48.955082 | G3: =IF(ISERROR(VLOOKUP($D3,SITES!$A:$E,4,FALSE)),"",VLOOKUP($D3,SITES!$A:$E,4,FALSE)) -> -125.15337 | H3: 22/04/2024 | I3: 1.5 | J3: SE | K3: 0.425 | L3: EGL | M3: 8.5 | N3: 1 | O3: 2 | P3: hde | Q3: =IF($N3=1,IF(ISERROR(VLOOKUP($P3,'M1'!$A:$C,Q$2,FALSE)),"NOT PRESENT",VLOOKUP($P3,'M1'!$A:$C,Q$2,FALSE)),IF($N3=2,IF(ISERROR(VLOOKUP(DATA!$P3,'M2'!$A:$C,Q$2,FALSE)),"NOT PRESENT",VLOOKUP(DATA!$P3,'M2'!$A:$C,Q$2,FALSE)),IF($N3=0,IF(ISERROR(VLOOKUP($P3,'M1'!$A:$C,Q$2,FALSE)),IF(ISERROR(VLOOKUP(DATA!$P3,'M2'!$A:$C,Q$2,FALSE)),"NOT PRESENT",VLOOKUP(DATA!$P3,'M2'!$A:$C,Q$2,FALSE)),VLOOKUP($P3,'M1'!$A:$C,Q$2,FALSE)),"SPECIFY METHOD"))) -> Hexagrammos decagrammus | R3: =IF($N3=1,IF(ISERROR(VLOOKUP($P3,'M1'!$A:$C,R$2,FALSE)),"NOT PRESENT",VLOOKUP($P3,'M1'!$A:$C,R$2,FALSE)),IF($N3=2,IF(ISERROR(VLOOKUP(DATA!$P3,'M2'!$A:$C,R$2,FALSE)),"NOT PRESENT",VLOOKUP(DATA!$P3,'M2'!$A:$C,R$2,FALSE)),IF($N3=0,IF(ISERROR(VLOOKUP($P3,'M1'!$A:$C,R$2,FALSE)),IF(ISERROR(VLOOKUP(DATA!$P3,'M2'!$A:$C,R$2,FALSE)),"NOT PRESENT",VLOOKUP(DATA!$P3,'M2'!$A:$C,R$2,FALSE)),VLOOKUP($P3,'M1'!$A:$C,R$2,FALSE)),"SPECIFY METHOD"))) -> Kelp greenling | S3: =SUM(T3:AV3) -> 2 | T3: 0 | Z3: 1 | AA3: 1
A4: =MAX($A$1:$A3)+1 -> 2 | B4: =IF(ISERROR(B3),IF(ISERROR(B2),IF(ISERROR(B1),"BLANK",B1),B2),B3) -> Em Lim | C4: =IF(ISERROR(C3),IF(ISERROR(C2),IF(ISERROR(C1),"BLANK",C1),C2),C3) -> Isabelle Côté | D4: =IF(ISERROR(D3),IF(ISERROR(D2),IF(ISERROR(D1),"BLANK",D1),D2),D3) -> BMSC8 | E4: =IF(ISERROR(VLOOKUP($D4,SITES!$A:$E,2,FALSE)),"",VLOOKUP($D4,SITES!$A:$E,2,FALSE)) -> Baeria Rocks North Island Northside | F4: =IF(ISERROR(VLOOKUP($D4,SITES!$A:$E,3,FALSE)),"",VLOOKUP($D4,SITES!$A:$E,3,FALSE)) -> 48.955082 | G4: =IF(ISERROR(VLOOKUP($D4,SITES!$A:$E,4,FALSE)),"",VLOOKUP($D4,SITES!$A:$E,4,FALSE)) -> -125.15337 | H4: =IF(ISERROR(H3),IF(ISERROR(H2),IF(ISERROR(H1),"BLANK",H1),H2),H3) -> 22/04/2024 | I4: =IF(ISERROR(I3),IF(ISERROR(I2),IF(ISERROR(I1),"BLANK",I1),I2),I3) -> 1.5 | J4: =IF(ISERROR(J3),IF(ISERROR(J2),IF(ISERROR(J1),"BLANK",J1),J2),J3) -> SE | K4: =IF(ISERROR(K3),IF(ISERROR(K2),IF(ISERROR(K1),"BLANK",K1),K2),K3) -> 0.425 | L4: =IF(ISERROR(L3),IF(ISERROR(L2),IF(ISERROR(L1),"BLANK",L1),L2),L3) -> EGL | M4: =IF(ISERROR(M3),IF(ISERROR(M2),IF(ISERROR(M1),"BLANK",M1),M2),M3) -> 8.5 | N4: =IF(ISERROR(N3),IF(ISERROR(N2),IF(ISERROR(N1),"BLANK",N1),N2),N3) -> 1 | O4: =IF(ISERROR(O3),IF(ISERROR(O2),IF(ISERROR(O1),"BLANK",O1),O2),O3) -> 2 | P4: aha | Q4: =IF($N4=1,IF(ISERROR(VLOOKUP($P4,'M1'!$A:$C,Q$2,FALSE)),"NOT PRESENT",VLOOKUP($P4,'M1'!$A:$C,Q$2,FALSE)),IF($N4=2,IF(ISERROR(VLOOKUP(DATA!$P4,'M2'!$A:$C,Q$2,FALSE)),"NOT PRESENT",VLOOKUP(DATA!$P4,'M2'!$A:$C,Q$2,FALSE)),IF($N4=0,IF(ISERROR(VLOOKUP($P4,'M1'!$A:$C,Q$2,FALSE)),IF(ISERROR(VLOOKUP(DATA!$P4,'M2'!$A:$C,Q$2,FALSE)),"NOT PRESENT",VLOOKUP(DATA!$P4,'M2'!$A:$C,Q$2,FALSE)),VLOOKUP($P4,'M1'!$A:$C,Q$2,FALSE)),"SPECIFY METHOD"))) -> Artedius harringtoni | R4: =IF($N4=1,IF(ISERROR(VLOOKUP($P4,'M1'!$A:$C,R$2,FALSE)),"NOT PRESENT",VLOOKUP($P4,'M1'!$A:$C,R$2,FALSE)),IF($N4=2,IF(ISERROR(VLOOKUP(DATA!$P4,'M2'!$A:$C,R$2,FALSE)),"NOT PRESENT",VLOOKUP(DATA!$P4,'M2'!$A:$C,R$2,FALSE)),IF($N4=0,IF(ISERROR(VLOOKUP($P4,'M1'!$A:$C,R$2,FALSE)),IF(ISERROR(VLOOKUP(DATA!$P4,'M2'!$A:$C,R$2,FALSE)),"NOT PRESENT",VLOOKUP(DATA!$P4,'M2'!$A:$C,R$2,FALSE)),VLOOKUP($P4,'M1'!$A:$C,R$2,FALSE)),"SPECIFY METHOD"))) -> Scalyhead sculpin | S4: =SUM(T4:AV4) -> 1 | T4: 0 | W4: 1
A5: =MAX($A$1:$A4)+1 -> 3 | B5: =IF(ISERROR(B4),IF(ISERROR(B3),IF(ISERROR(B2),"BLANK",B2),B3),B4) -> Em Lim | C5: =IF(ISERROR(C4),IF(ISERROR(C3),IF(ISERROR(C2),"BLANK",C2),C3),C4) -> Isabelle Côté | D5: =IF(ISERROR(D4),IF(ISERROR(D3),IF(ISERROR(D2),"BLANK",D2),D3),D4) -> BMSC8 | E5: =IF(ISERROR(VLOOKUP($D5,SITES!$A:$E,2,FALSE)),"",VLOOKUP($D5,SITES!$A:$E,2,FALSE)) -> Baeria Rocks North Island Northside | F5: =IF(ISERROR(VLOOKUP($D5,SITES!$A:$E,3,FALSE)),"",VLOOKUP($D5,SITES!$A:$E,3,FALSE)) -> 48.955082 | G5: =IF(ISERROR(VLOOKUP($D5,SITES!$A:$E,4,FALSE)),"",VLOOKUP($D5,SITES!$A:$E,4,FALSE)) -> -125.15337 | H5: =IF(ISERROR(H4),IF(ISERROR(H3),IF(ISERROR(H2),"BLANK",H2),H3),H4) -> 22/04/2024 | I5: =IF(ISERROR(I4),IF(ISERROR(I3),IF(ISERROR(I2),"BLANK",I2),I3),I4) -> 1.5 | J5: =IF(ISERROR(J4),IF(ISERROR(J3),IF(ISERROR(J2),"BLANK",J2),J3),J4) -> SE | K5: =IF(ISERROR(K4),IF(ISERROR(K3),IF(ISERROR(K2),"BLANK",K2),K3),K4) -> 0.425 | L5: =IF(ISERROR(L4),IF(ISERROR(L3),IF(ISERROR(L2),"BLANK",L2),L3),L4) -> EGL | M5: =IF(ISERROR(M4),IF(ISERROR(M3),IF(ISERROR(M2),"BLANK",M2),M3),M4) -> 8.5 | N5: 2 | O5: =IF(ISERROR(O4),IF(ISERROR(O3),IF(ISERROR(O2),"BLANK",O2),O3),O4) -> 2 | P5: mfra | Q5: =IF($N5=1,IF(ISERROR(VLOOKUP($P5,'M1'!$A:$C,Q$2,FALSE)),"NOT PRESENT",VLOOKUP($P5,'M1'!$A:$C,Q$2,FALSE)),IF($N5=2,IF(ISERROR(VLOOKUP(DATA!$P5,'M2'!$A:$C,Q$2,FALSE)),"NOT PRESENT",VLOOKUP(DATA!$P5,'M2'!$A:$C,Q$2,FALSE)),IF($N5=0,IF(ISERROR(VLOOKUP($P5,'M1'!$A:$C,Q$2,FALSE)),IF(ISERROR(VLOOKUP(DATA!$P5,'M2'!$A:$C,Q$2,FALSE)),"NOT PRESENT",VLOOKUP(DATA!$P5,'M2'!$A:$C,Q$2,FALSE)),VLOOKUP($P5,'M1'!$A:$C,Q$2,FALSE)),"SPECIFY METHOD"))) -> Mesocentrotus franciscanus | R5: =IF($N5=1,IF(ISERROR(VLOOKUP($P5,'M1'!$A:$C,R$2,FALSE)),"NOT PRESENT",VLOOKUP($P5,'M1'!$A:$C,R$2,FALSE)),IF($N5=2,IF(ISERROR(VLOOKUP(DATA!$P5,'M2'!$A:$C,R$2,FALSE)),"NOT PRESENT",VLOOKUP(DATA!$P5,'M2'!$A:$C,R$2,FALSE)),IF($N5=0,IF(ISERROR(VLOOKUP($P5,'M1'!$A:$C,R$2,FALSE)),IF(ISERROR(VLOOKUP(DATA!$P5,'M2'!$A:$C,R$2,FALSE)),"NOT PRESENT",VLOOKUP(DATA!$P5,'M2'!$A:$C,R$2,FALSE)),VLOOKUP($P5,'M1'!$A:$C,R$2,FALSE)),"SPECIFY METHOD"))) -> Red sea urchin | S5: =SUM(T5:AV5) -> 244 | T5: 244
A6: =MAX($A$1:$A5)+1 -> 4 | B6: =IF(ISERROR(B5),IF(ISERROR(B4),IF(ISERROR(B3),"BLANK",B3),B4),B5) -> Em Lim | C6: =IF(ISERROR(C5),IF(ISERROR(C4),IF(ISERROR(C3),"BLANK",C3),C4),C5) -> Isabelle Côté | D6: =IF(ISERROR(D5),IF(ISERROR(D4),IF(ISERROR(D3),"BLANK",D3),D4),D5) -> BMSC8 | E6: =IF(ISERROR(VLOOKUP($D6,SITES!$A:$E,2,FALSE)),"",VLOOKUP($D6,SITES!$A:$E,2,FALSE)) -> Baeria Rocks North Island Northside | F6: =IF(ISERROR(VLOOKUP($D6,SITES!$A:$E,3,FALSE)),"",VLOOKUP($D6,SITES!$A:$E,3,FALSE)) -> 48.955082 | G6: =IF(ISERROR(VLOOKUP($D6,SITES!$A:$E,4,FALSE)),"",VLOOKUP($D6,SITES!$A:$E,4,FALSE)) -> -125.15337 | H6: =IF(ISERROR(H5),IF(ISERROR(H4),IF(ISERROR(H3),"BLANK",H3),H4),H5) -> 22/04/2024 | I6: =IF(ISERROR(I5),IF(ISERROR(I4),IF(ISERROR(I3),"BLANK",I3),I4),I5) -> 1.5 | J6: =IF(ISERROR(J5),IF(ISERROR(J4),IF(ISERROR(J3),"BLANK",J3),J4),J5) -> SE | K6: =IF(ISERROR(K5),IF(ISERROR(K4),IF(ISERROR(K3),"BLANK",K3),K4),K5) -> 0.425 | L6: =IF(ISERROR(L5),IF(ISERROR(L4),IF(ISERROR(L3),"BLANK",L3),L4),L5) -> EGL | M6: =IF(ISERROR(M5),IF(ISERROR(M4),IF(ISERROR(M3),"BLANK",M3),M4),M5) -> 8.5 | N6: =IF(ISERROR(N5),IF(ISERROR(N4),IF(ISERROR(N3),"BLANK",N3),N4),N5) -> 2 | O6: =IF(ISERROR(O5),IF(ISERROR(O4),IF(ISERROR(O3),"BLANK",O3),O4),O5) -> 2 | P6: pgi | Q6: =IF($N6=1,IF(ISERROR(VLOOKUP($P6,'M1'!$A:$C,Q$2,FALSE)),"NOT PRESENT",VLOOKUP($P6,'M1'!$A:$C,Q$2,FALSE)),IF($N6=2,IF(ISERROR(VLOOKUP(DATA!$P6,'M2'!$A:$C,Q$2,FALSE)),"NOT PRESENT",VLOOKUP(DATA!$P6,'M2'!$A:$C,Q$2,FALSE)),IF($N6=0,IF(ISERROR(VLOOKUP($P6,'M1'!$A:$C,Q$2,FALSE)),IF(ISERROR(VLOOKUP(DATA!$P6,'M2'!$A:$C,Q$2,FALSE)),"NOT PRESENT",VLOOKUP(DATA!$P6,'M2'!$A:$C,Q$2,FALSE)),VLOOKUP($P6,'M1'!$A:$C,Q$2,FALSE)),"SPECIFY METHOD"))) -> Pomaulax gibberosus | R6: =IF($N6=1,IF(ISERROR(VLOOKUP($P6,'M1'!$A:$C,R$2,FALSE)),"NOT PRESENT",VLOOKUP($P6,'M1'!$A:$C,R$2,FALSE)),IF($N6=2,IF(ISERROR(VLOOKUP(DATA!$P6,'M2'!$A:$C,R$2,FALSE)),"NOT PRESENT",VLOOKUP(DATA!$P6,'M2'!$A:$C,R$2,FALSE)),IF($N6=0,IF(ISERROR(VLOOKUP($P6,'M1'!$A:$C,R$2,FALSE)),IF(ISERROR(VLOOKUP(DATA!$P6,'M2'!$A:$C,R$2,FALSE)),"NOT PRESENT",VLOOKUP(DATA!$P6,'M2'!$A:$C,R$2,FALSE)),VLOOKUP($P6,'M1'!$A:$C,R$2,FALSE)),"SPECIFY METHOD"))) -> Red turban shell | S6: =SUM(T6:AV6) -> 67 | T6: 67
A7: =MAX($A$1:$A6)+1 -> 5 | B7: =IF(ISERROR(B6),IF(ISERROR(B5),IF(ISERROR(B4),"BLANK",B4),B5),B6) -> Em Lim | C7: =IF(ISERROR(C6),IF(ISERROR(C5),IF(ISERROR(C4),"BLANK",C4),C5),C6) -> Isabelle Côté | D7: =IF(ISERROR(D6),IF(ISERROR(D5),IF(ISERROR(D4),"BLANK",D4),D5),D6) -> BMSC8 | E7: =IF(ISERROR(VLOOKUP($D7,SITES!$A:$E,2,FALSE)),"",VLOOKUP($D7,SITES!$A:$E,2,FALSE)) -> Baeria Rocks North Island Northside | F7: =IF(ISERROR(VLOOKUP($D7,SITES!$A:$E,3,FALSE)),"",VLOOKUP($D7,SITES!$A:$E,3,FALSE)) -> 48.955082 | G7: =IF(ISERROR(VLOOKUP($D7,SITES!$A:$E,4,FALSE)),"",VLOOKUP($D7,SITES!$A:$E,4,FALSE)) -> -125.15337 | H7: =IF(ISERROR(H6),IF(ISERROR(H5),IF(ISERROR(H4),"BLANK",H4),H5),H6) -> 22/04/2024 | I7: =IF(ISERROR(I6),IF(ISERROR(I5),IF(ISERROR(I4),"BLANK",I4),I5),I6) -> 1.5 | J7: =IF(ISERROR(J6),IF(ISERROR(J5),IF(ISERROR(J4),"BLANK",J4),J5),J6) -> SE | K7: =IF(ISERROR(K6),IF(ISERROR(K5),IF(ISERROR(K4),"BLANK",K4),K5),K6) -> 0.425 | L7: =IF(ISERROR(L6),IF(ISERROR(L5),IF(ISERROR(L4),"BLANK",L4),L5),L6) -> EGL | M7: =IF(ISERROR(M6),IF(ISERROR(M5),IF(ISERROR(M4),"BLANK",M4),M5),M6) -> 8.5 | N7: =IF(ISERROR(N6),IF(ISERROR(N5),IF(ISERROR(N4),"BLANK",N4),N5),N6) -> 2 | O7: =IF(ISERROR(O6),IF(ISERROR(O5),IF(ISERROR(O4),"BLANK",O4),O5),O6) -> 2 | P7: pmi | Q7: =IF($N7=1,IF(ISERROR(VLOOKUP($P7,'M1'!$A:$C,Q$2,FALSE)),"NOT PRESENT",VLOOKUP($P7,'M1'!$A:$C,Q$2,FALSE)),IF($N7=2,IF(ISERROR(VLOOKUP(DATA!$P7,'M2'!$A:$C,Q$2,FALSE)),"NOT PRESENT",VLOOKUP(DATA!$P7,'M2'!$A:$C,Q$2,FALSE)),IF($N7=0,IF(ISERROR(VLOOKUP($P7,'M1'!$A:$C,Q$2,FALSE)),IF(ISERROR(VLOOKUP(DATA!$P7,'M2'!$A:$C,Q$2,FALSE)),"NOT PRESENT",VLOOKUP(DATA!$P7,'M2'!$A:$C,Q$2,FALSE)),VLOOKUP($P7,'M1'!$A:$C,Q$2,FALSE)),"SPECIFY METHOD"))) -> Patiria miniata | R7: =IF($N7=1,IF(ISERROR(VLOOKUP($P7,'M1'!$A:$C,R$2,FALSE)),"NOT PRESENT",VLOOKUP($P7,'M1'!$A:$C,R$2,FALSE)),IF($N7=2,IF(ISERROR(VLOOKUP(DATA!$P7,'M2'!$A:$C,R$2,FALSE)),"NOT PRESENT",VLOOKUP(DATA!$P7,'M2'!$A:$C,R$2,FALSE)),IF($N7=0,IF(ISERROR(VLOOKUP($P7,'M1'!$A:$C,R$2,FALSE)),IF(ISERROR(VLOOKUP(DATA!$P7,'M2'!$A:$C,R$2,FALSE)),"NOT PRESENT",VLOOKUP(DATA!$P7,'M2'!$A:$C,R$2,FALSE)),VLOOKUP($P7,'M1'!$A:$C,R$2,FALSE)),"SPECIFY METHOD"))) -> Bat star | S7: =SUM(T7:AV7) -> 41 | T7: 41
A8: =MAX($A$1:$A7)+1 -> 6 | B8: =IF(ISERROR(B7),IF(ISERROR(B6),IF(ISERROR(B5),"BLANK",B5),B6),B7) -> Em Lim | C8: =IF(ISERROR(C7),IF(ISERROR(C6),IF(ISERROR(C5),"BLANK",C5),C6),C7) -> Isabelle Côté | D8: =IF(ISERROR(D7),IF(ISERROR(D6),IF(ISERROR(D5),"BLANK",D5),D6),D7) -> BMSC8 | E8: =IF(ISERROR(VLOOKUP($D8,SITES!$A:$E,2,FALSE)),"",VLOOKUP($D8,SITES!$A:$E,2,FALSE)) -> Baeria Rocks North Island Northside | F8: =IF(ISERROR(VLOOKUP($D8,SITES!$A:$E,3,FALSE)),"",VLOOKUP($D8,SITES!$A:$E,3,FALSE)) -> 48.955082 | G8: =IF(ISERROR(VLOOKUP($D8,SITES!$A:$E,4,FALSE)),"",VLOOKUP($D8,SITES!$A:$E,4,FALSE)) -> -125.15337 | H8: =IF(ISERROR(H7),IF(ISERROR(H6),IF(ISERROR(H5),"BLANK",H5),H6),H7) -> 22/04/2024 | I8: =IF(ISERROR(I7),IF(ISERROR(I6),IF(ISERROR(I5),"BLANK",I5),I6),I7) -> 1.5 | J8: =IF(ISERROR(J7),IF(ISERROR(J6),IF(ISERROR(J5),"BLANK",J5),J6),J7) -> SE | K8: =IF(ISERROR(K7),IF(ISERROR(K6),IF(ISERROR(K5),"BLANK",K5),K6),K7) -> 0.425 | L8: =IF(ISERROR(L7),IF(ISERROR(L6),IF(ISERROR(L5),"BLANK",L5),L6),L7) -> EGL | M8: =IF(ISERROR(M7),IF(ISERROR(M6),IF(ISERROR(M5),"BLANK",M5),M6),M7) -> 8.5 | N8: =IF(ISERROR(N7),IF(ISERROR(N6),IF(ISERROR(N5),"BLANK",N5),N6),N7) -> 2 | O8: =IF(ISERROR(O7),IF(ISERROR(O6),IF(ISERROR(O5),"BLANK",O5),O6),O7) -> 2 | P8: ami | Q8: =IF($N8=1,IF(ISERROR(VLOOKUP($P8,'M1'!$A:$C,Q$2,FALSE)),"NOT PRESENT",VLOOKUP($P8,'M1'!$A:$C,Q$2,FALSE)),IF($N8=2,IF(ISERROR(VLOOKUP(DATA!$P8,'M2'!$A:$C,Q$2,FALSE)),"NOT PRESENT",VLOOKUP(DATA!$P8,'M2'!$A:$C,Q$2,FALSE)),IF($N8=0,IF(ISERROR(VLOOKUP($P8,'M1'!$A:$C,Q$2,FALSE)),IF(ISERROR(VLOOKUP(DATA!$P8,'M2'!$A:$C,Q$2,FALSE)),"NOT PRESENT",VLOOKUP(DATA!$P8,'M2'!$A:$C,Q$2,FALSE)),VLOOKUP($P8,'M1'!$A:$C,Q$2,FALSE)),"SPECIFY METHOD"))) -> Acmaea mitra | R8: =IF($N8=1,IF(ISERROR(VLOOKUP($P8,'M1'!$A:$C,R$2,FALSE)),"NOT PRESENT",VLOOKUP($P8,'M1'!$A:$C,R$2,FALSE)),IF($N8=2,IF(ISERROR(VLOOKUP(DATA!$P8,'M2'!$A:$C,R$2,FALSE)),"NOT PRESENT",VLOOKUP(DATA!$P8,'M2'!$A:$C,R$2,FALSE)),IF($N8=0,IF(ISERROR(VLOOKUP($P8,'M1'!$A:$C,R$2,FALSE)),IF(ISERROR(VLOOKUP(DATA!$P8,'M2'!$A:$C,R$2,FALSE)),"NOT PRESENT",VLOOKUP(DATA!$P8,'M2'!$A:$C,R$2,FALSE)),VLOOKUP($P8,'M1'!$A:$C,R$2,FALSE)),"SPECIFY METHOD"))) -> Whitecap limpet | S8: =SUM(T8:AV8) -> 17 | T8: 17
A9: =MAX($A$1:$A8)+1 -> 7 | B9: =IF(ISERROR(B8),IF(ISERROR(B7),IF(ISERROR(B6),"BLANK",B6),B7),B8) -> Em Lim | C9: =IF(ISERROR(C8),IF(ISERROR(C7),IF(ISERROR(C6),"BLANK",C6),C7),C8) -> Isabelle Côté | D9: =IF(ISERROR(D8),IF(ISERROR(D7),IF(ISERROR(D6),"BLANK",D6),D7),D8) -> BMSC8 | E9: =IF(ISERROR(VLOOKUP($D9,SITES!$A:$E,2,FALSE)),"",VLOOKUP($D9,SITES!$A:$E,2,FALSE)) -> Baeria Rocks North Island Northside | F9: =IF(ISERROR(VLOOKUP($D9,SITES!$A:$E,3,FALSE)),"",VLOOKUP($D9,SITES!$A:$E,3,FALSE)) -> 48.955082 | G9: =IF(ISERROR(VLOOKUP($D9,SITES!$A:$E,4,FALSE)),"",VLOOKUP($D9,SITES!$A:$E,4,FALSE)) -> -125.15337 | H9: =IF(ISERROR(H8),IF(ISERROR(H7),IF(ISERROR(H6),"BLANK",H6),H7),H8) -> 22/04/2024 | I9: =IF(ISERROR(I8),IF(ISERROR(I7),IF(ISERROR(I6),"BLANK",I6),I7),I8) -> 1.5 | J9: =IF(ISERROR(J8),IF(ISERROR(J7),IF(ISERROR(J6),"BLANK",J6),J7),J8) -> SE | K9: =IF(ISERROR(K8),IF(ISERROR(K7),IF(ISERROR(K6),"BLANK",K6),K7),K8) -> 0.425 | L9: =IF(ISERROR(L8),IF(ISERROR(L7),IF(ISERROR(L6),"BLANK",L6),L7),L8) -> EGL | M9: =IF(ISERROR(M8),IF(ISERROR(M7),IF(ISERROR(M6),"BLANK",M6),M7),M8) -> 8.5 | N9: =IF(ISERROR(N8),IF(ISERROR(N7),IF(ISERROR(N6),"BLANK",N6),N7),N8) -> 2 | O9: =IF(ISERROR(O8),IF(ISERROR(O7),IF(ISERROR(O6),"BLANK",O6),O7),O8) -> 2 | P9: aca | Q9: =IF($N9=1,IF(ISERROR(VLOOKUP($P9,'M1'!$A:$C,Q$2,FALSE)),"NOT PRESENT",VLOOKUP($P9,'M1'!$A:$C,Q$2,FALSE)),IF($N9=2,IF(ISERROR(VLOOKUP(DATA!$P9,'M2'!$A:$C,Q$2,FALSE)),"NOT PRESENT",VLOOKUP(DATA!$P9,'M2'!$A:$C,Q$2,FALSE)),IF($N9=0,IF(ISERROR(VLOOKUP($P9,'M1'!$A:$C,Q$2,FALSE)),IF(ISERROR(VLOOKUP(DATA!$P9,'M2'!$A:$C,Q$2,FALSE)),"NOT PRESENT",VLOOKUP(DATA!$P9,'M2'!$A:$C,Q$2,FALSE)),VLOOKUP($P9,'M1'!$A:$C,Q$2,FALSE)),"SPECIFY METHOD"))) -> Apostichopus californicus | R9: =IF($N9=1,IF(ISERROR(VLOOKUP($P9,'M1'!$A:$C,R$2,FALSE)),"NOT PRESENT",VLOOKUP($P9,'M1'!$A:$C,R$2,FALSE)),IF($N9=2,IF(ISERROR(VLOOKUP(DATA!$P9,'M2'!$A:$C,R$2,FALSE)),"NOT PRESENT",VLOOKUP(DATA!$P9,'M2'!$A:$C,R$2,FALSE)),IF($N9=0,IF(ISERROR(VLOOKUP($P9,'M1'!$A:$C,R$2,FALSE)),IF(ISERROR(VLOOKUP(DATA!$P9,'M2'!$A:$C,R$2,FALSE)),"NOT PRESENT",VLOOKUP(DATA!$P9,'M2'!$A:$C,R$2,FALSE)),VLOOKUP($P9,'M1'!$A:$C,R$2,FALSE)),"SPECIFY METHOD"))) -> California sea cucumber | S9: =SUM(T9:AV9) -> 4 | T9: 4
A10: =MAX($A$1:$A9)+1 -> 8 | B10: =IF(ISERROR(B9),IF(ISERROR(B8),IF(ISERROR(B7),"BLANK",B7),B8),B9) -> Em Lim | C10: =IF(ISERROR(C9),IF(ISERROR(C8),IF(ISERROR(C7),"BLANK",C7),C8),C9) -> Isabelle Côté | D10: =IF(ISERROR(D9),IF(ISERROR(D8),IF(ISERROR(D7),"BLANK",D7),D8),D9) -> BMSC8 | E10: =IF(ISERROR(VLOOKUP($D10,SITES!$A:$E,2,FALSE)),"",VLOOKUP($D10,SITES!$A:$E,2,FALSE)) -> Baeria Rocks North Island Northside | F10: =IF(ISERROR(VLOOKUP($D10,SITES!$A:$E,3,FALSE)),"",VLOOKUP($D10,SITES!$A:$E,3,FALSE)) -> 48.955082 | G10: =IF(ISERROR(VLOOKUP($D10,SITES!$A:$E,4,FALSE)),"",VLOOKUP($D10,SITES!$A:$E,4,FALSE)) -> -125.15337 | H10: =IF(ISERROR(H9),IF(ISERROR(H8),IF(ISERROR(H7),"BLANK",H7),H8),H9) -> 22/04/2024 | I10: =IF(ISERROR(I9),IF(ISERROR(I8),IF(ISERROR(I7),"BLANK",I7),I8),I9) -> 1.5 | J10: =IF(ISERROR(J9),IF(ISERROR(J8),IF(ISERROR(J7),"BLANK",J7),J8),J9) -> SE | K10: =IF(ISERROR(K9),IF(ISERROR(K8),IF(ISERROR(K7),"BLANK",K7),K8),K9) -> 0.425 | L10: =IF(ISERROR(L9),IF(ISERROR(L8),IF(ISERROR(L7),"BLANK",L7),L8),L9) -> EGL | M10: =IF(ISERROR(M9),IF(ISERROR(M8),IF(ISERROR(M7),"BLANK",M7),M8),M9) -> 8.5 | N10: =IF(ISERROR(N9),IF(ISERROR(N8),IF(ISERROR(N7),"BLANK",N7),N8),N9) -> 2 | O10: =IF(ISERROR(O9),IF(ISERROR(O8),IF(ISERROR(O7),"BLANK",O7),O8),O9) -> 2 | P10: phem | Q10: =IF($N10=1,IF(ISERROR(VLOOKUP($P10,'M1'!$A:$C,Q$2,FALSE)),"NOT PRESENT",VLOOKUP($P10,'M1'!$A:$C,Q$2,FALSE)),IF($N10=2,IF(ISERROR(VLOOKUP(DATA!$P10,'M2'!$A:$C,Q$2,FALSE)),"NOT PRESENT",VLOOKUP(DATA!$P10,'M2'!$A:$C,Q$2,FALSE)),IF($N10=0,IF(ISERROR(VLOOKUP($P10,'M1'!$A:$C,Q$2,FALSE)),IF(ISERROR(VLOOKUP(DATA!$P10,'M2'!$A:$C,Q$2,FALSE)),"NOT PRESENT",VLOOKUP(DATA!$P10,'M2'!$A:$C,Q$2,FALSE)),VLOOKUP($P10,'M1'!$A:$C,Q$2,FALSE)),"SPECIFY METHOD"))) -> Pagurus hemphilli | R10: =IF($N10=1,IF(ISERROR(VLOOKUP($P10,'M1'!$A:$C,R$2,FALSE)),"NOT PRESENT",VLOOKUP($P10,'M1'!$A:$C,R$2,FALSE)),IF($N10=2,IF(ISERROR(VLOOKUP(DATA!$P10,'M2'!$A:$C,R$2,FALSE)),"NOT PRESENT",VLOOKUP(DATA!$P10,'M2'!$A:$C,R$2,FALSE)),IF($N10=0,IF(ISERROR(VLOOKUP($P10,'M1'!$A:$C,R$2,FALSE)),IF(ISERROR(VLOOKUP(DATA!$P10,'M2'!$A:$C,R$2,FALSE)),"NOT PRESENT",VLOOKUP(DATA!$P10,'M2'!$A:$C,R$2,FALSE)),VLOOKUP($P10,'M1'!$A:$C,R$2,FALSE)),"SPECIFY METHOD"))) -> Maroon hermit | S10: =SUM(T10:AV10) -> 30 | T10: 30
A11: =MAX($A$1:$A10)+1 -> 9 | B11: =IF(ISERROR(B10),IF(ISERROR(B9),IF(ISERROR(B8),"BLANK",B8),B9),B10) -> Em Lim | C11: =IF(ISERROR(C10),IF(ISERROR(C9),IF(ISERROR(C8),"BLANK",C8),C9),C10) -> Isabelle Côté | D11: =IF(ISERROR(D10),IF(ISERROR(D9),IF(ISERROR(D8),"BLANK",D8),D9),D10) -> BMSC8 | E11: =IF(ISERROR(VLOOKUP($D11,SITES!$A:$E,2,FALSE)),"",VLOOKUP($D11,SITES!$A:$E,2,FALSE)) -> Baeria Rocks North Island Northside | F11: =IF(ISERROR(VLOOKUP($D11,SITES!$A:$E,3,FALSE)),"",VLOOKUP($D11,SITES!$A:$E,3,FALSE)) -> 48.955082 | G11: =IF(ISERROR(VLOOKUP($D11,SITES!$A:$E,4,FALSE)),"",VLOOKUP($D11,SITES!$A:$E,4,FALSE)) -> -125.15337 | H11: =IF(ISERROR(H10),IF(ISERROR(H9),IF(ISERROR(H8),"BLANK",H8),H9),H10) -> 22/04/2024 | I11: =IF(ISERROR(I10),IF(ISERROR(I9),IF(ISERROR(I8),"BLANK",I8),I9),I10) -> 1.5 | J11: =IF(ISERROR(J10),IF(ISERROR(J9),IF(ISERROR(J8),"BLANK",J8),J9),J10) -> SE | K11: =IF(ISERROR(K10),IF(ISERROR(K9),IF(ISERROR(K8),"BLANK",K8),K9),K10) -> 0.425 | L11: =IF(ISERROR(L10),IF(ISERROR(L9),IF(ISERROR(L8),"BLANK",L8),L9),L10) -> EGL | M11: =IF(ISERROR(M10),IF(ISERROR(M9),IF(ISERROR(M8),"BLANK",M8),M9),M10) -> 8.5 | N11: =IF(ISERROR(N10),IF(ISERROR(N9),IF(ISERROR(N8),"BLANK",N8),N9),N10) -> 2 | O11: =IF(ISERROR(O10),IF(ISERROR(O9),IF(ISERROR(O8),"BLANK",O8),O9),O10) -> 2 | P11: oko | Q11: =IF($N11=1,IF(ISERROR(VLOOKUP($P11,'M1'!$A:$C,Q$2,FALSE)),"NOT PRESENT",VLOOKUP($P11,'M1'!$A:$C,Q$2,FALSE)),IF($N11=2,IF(ISERROR(VLOOKUP(DATA!$P11,'M2'!$A:$C,Q$2,FALSE)),"NOT PRESENT",VLOOKUP(DATA!$P11,'M2'!$A:$C,Q$2,FALSE)),IF($N11=0,IF(ISERROR(VLOOKUP($P11,'M1'!$A:$C,Q$2,FALSE)),IF(ISERROR(VLOOKUP(DATA!$P11,'M2'!$A:$C,Q$2,FALSE)),"NOT PRESENT",VLOOKUP(DATA!$P11,'M2'!$A:$C,Q$2,FALSE)),VLOOKUP($P11,'M1'!$A:$C,Q$2,FALSE)),"SPECIFY METHOD"))) -> Orthasterias koehleri | R11: =IF($N11=1,IF(ISERROR(VLOOKUP($P11,'M1'!$A:$C,R$2,FALSE)),"NOT PRESENT",VLOOKUP($P11,'M1'!$A:$C,R$2,FALSE)),IF($N11=2,IF(ISERROR(VLOOKUP(DATA!$P11,'M2'!$A:$C,R$2,FALSE)),"NOT PRESENT",VLOOKUP(DATA!$P11,'M2'!$A:$C,R$2,FALSE)),IF($N11=0,IF(ISERROR(VLOOKUP($P11,'M1'!$A:$C,R$2,FALSE)),IF(ISERROR(VLOOKUP(DATA!$P11,'M2'!$A:$C,R$2,FALSE)),"NOT PRESENT",VLOOKUP(DATA!$P11,'M2'!$A:$C,R$2,FALSE)),VLOOKUP($P11,'M1'!$A:$C,R$2,FALSE)),"SPECIFY METHOD"))) -> Rainbow star | S11: =SUM(T11:AV11) -> 10 | T11: 10
A12: =MAX($A$1:$A11)+1 -> 10 | B12: =IF(ISERROR(#REF!),IF(ISERROR(#REF!),IF(ISERROR(B11),"BLANK",B11),#REF!),#REF!) -> Em Lim | C12: =IF(ISERROR(#REF!),IF(ISERROR(#REF!),IF(ISERROR(C11),"BLANK",C11),#REF!),#REF!) -> Isabelle Côté | D12: =IF(ISERROR(#REF!),IF(ISERROR(#REF!),IF(ISERROR(D11),"BLANK",D11),#REF!),#REF!) -> BMSC8 | E12: =IF(ISERROR(VLOOKUP($D12,SITES!$A:$E,2,FALSE)),"",VLOOKUP($D12,SITES!$A:$E,2,FALSE)) -> Baeria Rocks North Island Northside | F12: =IF(ISERROR(VLOOKUP($D12,SITES!$A:$E,3,FALSE)),"",VLOOKUP($D12,SITES!$A:$E,3,FALSE)) -> 48.955082 | G12: =IF(ISERROR(VLOOKUP($D12,SITES!$A:$E,4,FALSE)),"",VLOOKUP($D12,SITES!$A:$E,4,FALSE)) -> -125.15337 | H12: =IF(ISERROR(#REF!),IF(ISERROR(#REF!),IF(ISERROR(H11),"BLANK",H11),#REF!),#REF!) -> 22/04/2024 | I12: =IF(ISERROR(#REF!),IF(ISERROR(#REF!),IF(ISERROR(I11),"BLANK",I11),#REF!),#REF!) -> 1.5 | J12: =IF(ISERROR(#REF!),IF(ISERROR(#REF!),IF(ISERROR(J11),"BLANK",J11),#REF!),#REF!) -> SE | K12: =IF(ISERROR(#REF!),IF(ISERROR(#REF!),IF(ISERROR(K11),"BLANK",K11),#REF!),#REF!) -> 0.425 | L12: =IF(ISERROR(#REF!),IF(ISERROR(#REF!),IF(ISERROR(L11),"BLANK",L11),#REF!),#REF!) -> EGL | M12: =IF(ISERROR(#REF!),IF(ISERROR(#REF!),IF(ISERROR(M11),"BLANK",M11),#REF!),#REF!) -> 8.5 | N12: =IF(ISERROR(#REF!),IF(ISERROR(#REF!),IF(ISERROR(N11),"BLANK",N11),#REF!),#REF!) -> 2 | O12: =IF(ISERROR(#REF!),IF(ISERROR(#REF!),IF(ISERROR(O11),"BLANK",O11),#REF!),#REF!) -> 2 | P12: hka | Q12: =IF($N12=1,IF(ISERROR(VLOOKUP($P12,'M1'!$A:$C,Q$2,FALSE)),"NOT PRESENT",VLOOKUP($P12,'M1'!$A:$C,Q$2,FALSE)),IF($N12=2,IF(ISERROR(VLOOKUP(DATA!$P12,'M2'!$A:$C,Q$2,FALSE)),"NOT PRESENT",VLOOKUP(DATA!$P12,'M2'!$A:$C,Q$2,FALSE)),IF($N12=0,IF(ISERROR(VLOOKUP($P12,'M1'!$A:$C,Q$2,FALSE)),IF(ISERROR(VLOOKUP(DATA!$P12,'M2'!$A:$C,Q$2,FALSE)),"NOT PRESENT",VLOOKUP(DATA!$P12,'M2'!$A:$C,Q$2,FALSE)),VLOOKUP($P12,'M1'!$A:$C,Q$2,FALSE)),"SPECIFY METHOD"))) -> Haliotis kamtschatkana | R12: =IF($N12=1,IF(ISERROR(VLOOKUP($P12,'M1'!$A:$C,R$2,FALSE)),"NOT PRESENT",VLOOKUP($P12,'M1'!$A:$C,R$2,FALSE)),IF($N12=2,IF(ISERROR(VLOOKUP(DATA!$P12,'M2'!$A:$C,R$2,FALSE)),"NOT PRESENT",VLOOKUP(DATA!$P12,'M2'!$A:$C,R$2,FALSE)),IF($N12=0,IF(ISERROR(VLOOKUP($P12,'M1'!$A:$C,R$2,FALSE)),IF(ISERROR(VLOOKUP(DATA!$P12,'M2'!$A:$C,R$2,FALSE)),"NOT PRESENT",VLOOKUP(DATA!$P12,'M2'!$A:$C,R$2,FALSE)),VLOOKUP($P12,'M1'!$A:$C,R$2,FALSE)),"SPECIFY METHOD"))) -> Pinto abalone | S12: =SUM(T12:AV12) -> 29 | T12: 0 | U12: 6 | V12: 14 | W12: 9
A13: =MAX($A$1:$A12)+1 -> 11 | B13: =IF(ISERROR(B12),IF(ISERROR(#REF!),IF(ISERROR(#REF!),"BLANK",#REF!),#REF!),B12) -> Em Lim | C13: =IF(ISERROR(C12),IF(ISERROR(#REF!),IF(ISERROR(#REF!),"BLANK",#REF!),#REF!),C12) -> Isabelle Côté | D13: =IF(ISERROR(D12),IF(ISERROR(#REF!),IF(ISERROR(#REF!),"BLANK",#REF!),#REF!),D12) -> BMSC8 | E13: =IF(ISERROR(VLOOKUP($D13,SITES!$A:$E,2,FALSE)),"",VLOOKUP($D13,SITES!$A:$E,2,FALSE)) -> Baeria Rocks North Island Northside | F13: =IF(ISERROR(VLOOKUP($D13,SITES!$A:$E,3,FALSE)),"",VLOOKUP($D13,SITES!$A:$E,3,FALSE)) -> 48.955082 | G13: =IF(ISERROR(VLOOKUP($D13,SITES!$A:$E,4,FALSE)),"",VLOOKUP($D13,SITES!$A:$E,4,FALSE)) -> -125.15337 | H13: =IF(ISERROR(H12),IF(ISERROR(#REF!),IF(ISERROR(#REF!),"BLANK",#REF!),#REF!),H12) -> 22/04/2024 | I13: =IF(ISERROR(I12),IF(ISERROR(#REF!),IF(ISERROR(#REF!),"BLANK",#REF!),#REF!),I12) -> 1.5 | J13: =IF(ISERROR(J12),IF(ISERROR(#REF!),IF(ISERROR(#REF!),"BLANK",#REF!),#REF!),J12) -> SE | K13: =IF(ISERROR(K12),IF(ISERROR(#REF!),IF(ISERROR(#REF!),"BLANK",#REF!),#REF!),K12) -> 0.425 | L13: =IF(ISERROR(L12),IF(ISERROR(#REF!),IF(ISERROR(#REF!),"BLANK",#REF!),#REF!),L12) -> EGL | M13: =IF(ISERROR(M12),IF(ISERROR(#REF!),IF(ISERROR(#REF!),"BLANK",#REF!),#REF!),M12) -> 8.5 | N13: =IF(ISERROR(N12),IF(ISERROR(#REF!),IF(ISERROR(#REF!),"BLANK",#REF!),#REF!),N12) -> 2 | O13: =IF(ISERROR(O12),IF(ISERROR(#REF!),IF(ISERROR(#REF!),"BLANK",#REF!),#REF!),O12) -> 2 | P13: cfo | Q13: =IF($N13=1,IF(ISERROR(VLOOKUP($P13,'M1'!$A:$C,Q$2,FALSE)),"NOT PRESENT",VLOOKUP($P13,'M1'!$A:$C,Q$2,FALSE)),IF($N13=2,IF(ISERROR(VLOOKUP(DATA!$P13,'M2'!$A:$C,Q$2,FALSE)),"NOT PRESENT",VLOOKUP(DATA!$P13,'M2'!$A:$C,Q$2,FALSE)),IF($N13=0,IF(ISERROR(VLOOKUP($P13,'M1'!$A:$C,Q$2,FALSE)),IF(ISERROR(VLOOKUP(DATA!$P13,'M2'!$A:$C,Q$2,FALSE)),"NOT PRESENT",VLOOKUP(DATA!$P13,'M2'!$A:$C,Q$2,FALSE)),VLOOKUP($P13,'M1'!$A:$C,Q$2,FALSE)),"SPECIFY METHOD"))) -> Ceratostoma foliatum | R13: =IF($N13=1,IF(ISERROR(VLOOKUP($P13,'M1'!$A:$C,R$2,FALSE)),"NOT PRESENT",VLOOKUP($P13,'M1'!$A:$C,R$2,FALSE)),IF($N13=2,IF(ISERROR(VLOOKUP(DATA!$P13,'M2'!$A:$C,R$2,FALSE)),"NOT PRESENT",VLOOKUP(DATA!$P13,'M2'!$A:$C,R$2,FALSE)),IF($N13=0,IF(ISERROR(VLOOKUP($P13,'M1'!$A:$C,R$2,FALSE)),IF(ISERROR(VLOOKUP(DATA!$P13,'M2'!$A:$C,R$2,FALSE)),"NOT PRESENT",VLOOKUP(DATA!$P13,'M2'!$A:$C,R$2,FALSE)),VLOOKUP($P13,'M1'!$A:$C,R$2,FALSE)),"SPECIFY METHOD"))) -> Leafy hornmouth | S13: =SUM(T13:AV13) -> 10 | T13: 10
A14: =MAX($A$1:$A13)+1 -> 12 | B14: =IF(ISERROR(B13),IF(ISERROR(B12),IF(ISERROR(#REF!),"BLANK",#REF!),B12),B13) -> Em Lim | C14: =IF(ISERROR(C13),IF(ISERROR(C12),IF(ISERROR(#REF!),"BLANK",#REF!),C12),C13) -> Isabelle Côté | D14: =IF(ISERROR(D13),IF(ISERROR(D12),IF(ISERROR(#REF!),"BLANK",#REF!),D12),D13) -> BMSC8 | E14: =IF(ISERROR(VLOOKUP($D14,SITES!$A:$E,2,FALSE)),"",VLOOKUP($D14,SITES!$A:$E,2,FALSE)) -> Baeria Rocks North Island Northside | F14: =IF(ISERROR(VLOOKUP($D14,SITES!$A:$E,3,FALSE)),"",VLOOKUP($D14,SITES!$A:$E,3,FALSE)) -> 48.955082 | G14: =IF(ISERROR(VLOOKUP($D14,SITES!$A:$E,4,FALSE)),"",VLOOKUP($D14,SITES!$A:$E,4,FALSE)) -> -125.15337 | H14: =IF(ISERROR(H13),IF(ISERROR(H12),IF(ISERROR(#REF!),"BLANK",#REF!),H12),H13) -> 22/04/2024 | I14: =IF(ISERROR(I13),IF(ISERROR(I12),IF(ISERROR(#REF!),"BLANK",#REF!),I12),I13) -> 1.5 | J14: =IF(ISERROR(J13),IF(ISERROR(J12),IF(ISERROR(#REF!),"BLANK",#REF!),J12),J13) -> SE | K14: =IF(ISERROR(K13),IF(ISERROR(K12),IF(ISERROR(#REF!),"BLANK",#REF!),K12),K13) -> 0.425 | L14: =IF(ISERROR(L13),IF(ISERROR(L12),IF(ISERROR(#REF!),"BLANK",#REF!),L12),L13) -> EGL | M14: =IF(ISERROR(M13),IF(ISERROR(M12),IF(ISERROR(#REF!),"BLANK",#REF!),M12),M13) -> 8.5 | N14: =IF(ISERROR(N13),IF(ISERROR(N12),IF(ISERROR(#REF!),"BLANK",#REF!),N12),N13) -> 2 | O14: =IF(ISERROR(O13),IF(ISERROR(O12),IF(ISERROR(#REF!),"BLANK",#REF!),O12),O13) -> 2 | P14: aha | Q14: =IF($N14=1,IF(ISERROR(VLOOKUP($P14,'M1'!$A:$C,Q$2,FALSE)),"NOT PRESENT",VLOOKUP($P14,'M1'!$A:$C,Q$2,FALSE)),IF($N14=2,IF(ISERROR(VLOOKUP(DATA!$P14,'M2'!$A:$C,Q$2,FALSE)),"NOT PRESENT",VLOOKUP(DATA!$P14,'M2'!$A:$C,Q$2,FALSE)),IF($N14=0,IF(ISERROR(VLOOKUP($P14,'M1'!$A:$C,Q$2,FALSE)),IF(ISERROR(VLOOKUP(DATA!$P14,'M2'!$A:$C,Q$2,FALSE)),"NOT PRESENT",VLOOKUP(DATA!$P14,'M2'!$A:$C,Q$2,FALSE)),VLOOKUP($P14,'M1'!$A:$C,Q$2,FALSE)),"SPECIFY METHOD"))) -> Artedius harringtoni | R14: =IF($N14=1,IF(ISERROR(VLOOKUP($P14,'M1'!$A:$C,R$2,FALSE)),"NOT PRESENT",VLOOKUP($P14,'M1'!$A:$C,R$2,FALSE)),IF($N14=2,IF(ISERROR(VLOOKUP(DATA!$P14,'M2'!$A:$C,R$2,FALSE)),"NOT PRESENT",VLOOKUP(DATA!$P14,'M2'!$A:$C,R$2,FALSE)),IF($N14=0,IF(ISERROR(VLOOKUP($P14,'M1'!$A:$C,R$2,FALSE)),IF(ISERROR(VLOOKUP(DATA!$P14,'M2'!$A:$C,R$2,FALSE)),"NOT PRESENT",VLOOKUP(DATA!$P14,'M2'!$A:$C,R$2,FALSE)),VLOOKUP($P14,'M1'!$A:$C,R$2,FALSE)),"SPECIFY METHOD"))) -> Scalyhead sculpin | S14: =SUM(T14:AV14) -> 1 | T14: 0 | V14: 1
A15: =MAX($A$1:$A14)+1 -> 13 | B15: =IF(ISERROR(B14),IF(ISERROR(B13),IF(ISERROR(B12),"BLANK",B12),B13),B14) -> Em Lim | C15: =IF(ISERROR(C14),IF(ISERROR(C13),IF(ISERROR(C12),"BLANK",C12),C13),C14) -> Isabelle Côté | D15: =IF(ISERROR(D14),IF(ISERROR(D13),IF(ISERROR(D12),"BLANK",D12),D13),D14) -> BMSC8 | E15: =IF(ISERROR(VLOOKUP($D15,SITES!$A:$E,2,FALSE)),"",VLOOKUP($D15,SITES!$A:$E,2,FALSE)) -> Baeria Rocks North Island Northside | F15: =IF(ISERROR(VLOOKUP($D15,SITES!$A:$E,3,FALSE)),"",VLOOKUP($D15,SITES!$A:$E,3,FALSE)) -> 48.955082 | G15: =IF(ISERROR(VLOOKUP($D15,SITES!$A:$E,4,FALSE)),"",VLOOKUP($D15,SITES!$A:$E,4,FALSE)) -> -125.15337 | H15: =IF(ISERROR(H14),IF(ISERROR(H13),IF(ISERROR(H12),"BLANK",H12),H13),H14) -> 22/04/2024 | I15: =IF(ISERROR(I14),IF(ISERROR(I13),IF(ISERROR(I12),"BLANK",I12),I13),I14) -> 1.5 | J15: =IF(ISERROR(J14),IF(ISERROR(J13),IF(ISERROR(J12),"BLANK",J12),J13),J14) -> SE | K15: =IF(ISERROR(K14),IF(ISERROR(K13),IF(ISERROR(K12),"BLANK",K12),K13),K14) -> 0.425 | L15: =IF(ISERROR(L14),IF(ISERROR(L13),IF(ISERROR(L12),"BLANK",L12),L13),L14) -> EGL | M15: =IF(ISERROR(M14),IF(ISERROR(M13),IF(ISERROR(M12),"BLANK",M12),M13),M14) -> 8.5 | N15: =IF(ISERROR(N14),IF(ISERROR(N13),IF(ISERROR(N12),"BLANK",N12),N13),N14) -> 2 | O15: =IF(ISERROR(O14),IF(ISERROR(O13),IF(ISERROR(O12),"BLANK",O12),O13),O14) -> 2 | P15: cgi | Q15: =IF($N15=1,IF(ISERROR(VLOOKUP($P15,'M1'!$A:$C,Q$2,FALSE)),"NOT PRESENT",VLOOKUP($P15,'M1'!$A:$C,Q$2,FALSE)),IF($N15=2,IF(ISERROR(VLOOKUP(DATA!$P15,'M2'!$A:$C,Q$2,FALSE)),"NOT PRESENT",VLOOKUP(DATA!$P15,'M2'!$A:$C,Q$2,FALSE)),IF($N15=0,IF(ISERROR(VLOOKUP($P15,'M1'!$A:$C,Q$2,FALSE)),IF(ISERROR(VLOOKUP(DATA!$P15,'M2'!$A:$C,Q$2,FALSE)),"NOT PRESENT",VLOOKUP(DATA!$P15,'M2'!$A:$C,Q$2,FALSE)),VLOOKUP($P15,'M1'!$A:$C,Q$2,FALSE)),"SPECIFY METHOD"))) -> Crassadoma gigantea | R15: =IF($N15=1,IF(ISERROR(VLOOKUP($P15,'M1'!$A:$C,R$2,FALSE)),"NOT PRESENT",VLOOKUP($P15,'M1'!$A:$C,R$2,FALSE)),IF($N15=2,IF(ISERROR(VLOOKUP(DATA!$P15,'M2'!$A:$C,R$2,FALSE)),"NOT PRESENT",VLOOKUP(DATA!$P15,'M2'!$A:$C,R$2,FALSE)),IF($N15=0,IF(ISERROR(VLOOKUP($P15,'M1'!$A:$C,R$2,FALSE)),IF(ISERROR(VLOOKUP(DATA!$P15,'M2'!$A:$C,R$2,FALSE)),"NOT PRESENT",VLOOKUP(DATA!$P15,'M2'!$A:$C,R$2,FALSE)),VLOOKUP($P15,'M1'!$A:$C,R$2,FALSE)),"SPECIFY METHOD"))) -> Purple-hinged rock scallop | S15: =SUM(T15:AV15) -> 3 | T15: 0 | V15: 1 | W15: 1 | Y15: 1
A16: =MAX($A$1:$A15)+1 -> 14 | B16: =IF(ISERROR(B15),IF(ISERROR(B14),IF(ISERROR(B13),"BLANK",B13),B14),B15) -> Em Lim | C16: =IF(ISERROR(C15),IF(ISERROR(C14),IF(ISERROR(C13),"BLANK",C13),C14),C15) -> Isabelle Côté | D16: =IF(ISERROR(D15),IF(ISERROR(D14),IF(ISERROR(D13),"BLANK",D13),D14),D15) -> BMSC8 | E16: =IF(ISERROR(VLOOKUP($D16,SITES!$A:$E,2,FALSE)),"",VLOOKUP($D16,SITES!$A:$E,2,FALSE)) -> Baeria Rocks North Island Northside | F16: =IF(ISERROR(VLOOKUP($D16,SITES!$A:$E,3,FALSE)),"",VLOOKUP($D16,SITES!$A:$E,3,FALSE)) -> 48.955082 | G16: =IF(ISERROR(VLOOKUP($D16,SITES!$A:$E,4,FALSE)),"",VLOOKUP($D16,SITES!$A:$E,4,FALSE)) -> -125.15337 | H16: =IF(ISERROR(H15),IF(ISERROR(H14),IF(ISERROR(H13),"BLANK",H13),H14),H15) -> 22/04/2024 | I16: =IF(ISERROR(I15),IF(ISERROR(I14),IF(ISERROR(I13),"BLANK",I13),I14),I15) -> 1.5 | J16: =IF(ISERROR(J15),IF(ISERROR(J14),IF(ISERROR(J13),"BLANK",J13),J14),J15) -> SE | K16: =IF(ISERROR(K15),IF(ISERROR(K14),IF(ISERROR(K13),"BLANK",K13),K14),K15) -> 0.425 | L16: =IF(ISERROR(L15),IF(ISERROR(L14),IF(ISERROR(L13),"BLANK",L13),L14),L15) -> EGL | M16: =IF(ISERROR(M15),IF(ISERROR(M14),IF(ISERROR(M13),"BLANK",M13),M14),M15) -> 8.5 | N16: =IF(ISERROR(N15),IF(ISERROR(N14),IF(ISERROR(N13),"BLANK",N13),N14),N15) -> 2 | O16: =IF(ISERROR(O15),IF(ISERROR(O14),IF(ISERROR(O13),"BLANK",O13),O14),O15) -> 2 | P16: hcr | Q16: =IF($N16=1,IF(ISERROR(VLOOKUP($P16,'M1'!$A:$C,Q$2,FALSE)),"NOT PRESENT",VLOOKUP($P16,'M1'!$A:$C,Q$2,FALSE)),IF($N16=2,IF(ISERROR(VLOOKUP(DATA!$P16,'M2'!$A:$C,Q$2,FALSE)),"NOT PRESENT",VLOOKUP(DATA!$P16,'M2'!$A:$C,Q$2,FALSE)),IF($N16=0,IF(ISERROR(VLOOKUP($P16,'M1'!$A:$C,Q$2,FALSE)),IF(ISERROR(VLOOKUP(DATA!$P16,'M2'!$A:$C,Q$2,FALSE)),"NOT PRESENT",VLOOKUP(DATA!$P16,'M2'!$A:$C,Q$2,FALSE)),VLOOKUP($P16,'M1'!$A:$C,Q$2,FALSE)),"SPECIFY METHOD"))) -> Hermissenda crassicornis | R16: =IF($N16=1,IF(ISERROR(VLOOKUP($P16,'M1'!$A:$C,R$2,FALSE)),"NOT PRESENT",VLOOKUP($P16,'M1'!$A:$C,R$2,FALSE)),IF($N16=2,IF(ISERROR(VLOOKUP(DATA!$P16,'M2'!$A:$C,R$2,FALSE)),"NOT PRESENT",VLOOKUP(DATA!$P16,'M2'!$A:$C,R$2,FALSE)),IF($N16=0,IF(ISERROR(VLOOKUP($P16,'M1'!$A:$C,R$2,FALSE)),IF(ISERROR(VLOOKUP(DATA!$P16,'M2'!$A:$C,R$2,FALSE)),"NOT PRESENT",VLOOKUP(DATA!$P16,'M2'!$A:$C,R$2,FALSE)),VLOOKUP($P16,'M1'!$A:$C,R$2,FALSE)),"SPECIFY METHOD"))) -> Opalescent nudibranch | S16: =SUM(T16:AV16) -> 3 | T16: 3
A17: =MAX($A$1:$A16)+1 -> 15 | B17: =IF(ISERROR(B16),IF(ISERROR(B15),IF(ISERROR(B14),"BLANK",B14),B15),B16) -> Em Lim | C17: =IF(ISERROR(C16),IF(ISERROR(C15),IF(ISERROR(C14),"BLANK",C14),C15),C16) -> Isabelle Côté | D17: =IF(ISERROR(D16),IF(ISERROR(D15),IF(ISERROR(D14),"BLANK",D14),D15),D16) -> BMSC8 | E17: =IF(ISERROR(VLOOKUP($D17,SITES!$A:$E,2,FALSE)),"",VLOOKUP($D17,SITES!$A:$E,2,FALSE)) -> Baeria Rocks North Island Northside | F17: =IF(ISERROR(VLOOKUP($D17,SITES!$A:$E,3,FALSE)),"",VLOOKUP($D17,SITES!$A:$E,3,FALSE)) -> 48.955082 | G17: =IF(ISERROR(VLOOKUP($D17,SITES!$A:$E,4,FALSE)),"",VLOOKUP($D17,SITES!$A:$E,4,FALSE)) -> -125.15337 | H17: =IF(ISERROR(H16),IF(ISERROR(H15),IF(ISERROR(H14),"BLANK",H14),H15),H16) -> 22/04/2024 | I17: =IF(ISERROR(I16),IF(ISERROR(I15),IF(ISERROR(I14),"BLANK",I14),I15),I16) -> 1.5 | J17: =IF(ISERROR(J16),IF(ISERROR(J15),IF(ISERROR(J14),"BLANK",J14),J15),J16) -> SE | K17: =IF(ISERROR(K16),IF(ISERROR(K15),IF(ISERROR(K14),"BLANK",K14),K15),K16) -> 0.425 | L17: =IF(ISERROR(L16),IF(ISERROR(L15),IF(ISERROR(L14),"BLANK",L14),L15),L16) -> EGL | M17: =IF(ISERROR(M16),IF(ISERROR(M15),IF(ISERROR(M14),"BLANK",M14),M15),M16) -> 8.5 | N17: =IF(ISERROR(N16),IF(ISERROR(N15),IF(ISERROR(N14),"BLANK",N14),N15),N16) -> 2 | O17: =IF(ISERROR(O16),IF(ISERROR(O15),IF(ISERROR(O14),"BLANK",O14),O15),O16) -> 2 | P17: pbe | Q17: =IF($N17=1,IF(ISERROR(VLOOKUP($P17,'M1'!$A:$C,Q$2,FALSE)),"NOT PRESENT",VLOOKUP($P17,'M1'!$A:$C,Q$2,FALSE)),IF($N17=2,IF(ISERROR(VLOOKUP(DATA!$P17,'M2'!$A:$C,Q$2,FALSE)),"NOT PRESENT",VLOOKUP(DATA!$P17,'M2'!$A:$C,Q$2,FALSE)),IF($N17=0,IF(ISERROR(VLOOKUP($P17,'M1'!$A:$C,Q$2,FALSE)),IF(ISERROR(VLOOKUP(DATA!$P17,'M2'!$A:$C,Q$2,FALSE)),"NOT PRESENT",VLOOKUP(DATA!$P17,'M2'!$A:$C,Q$2,FALSE)),VLOOKUP($P17,'M1'!$A:$C,Q$2,FALSE)),"SPECIFY METHOD"))) -> Pagurus beringanus | R17: =IF($N17=1,IF(ISERROR(VLOOKUP($P17,'M1'!$A:$C,R$2,FALSE)),"NOT PRESENT",VLOOKUP($P17,'M1'!$A:$C,R$2,FALSE)),IF($N17=2,IF(ISERROR(VLOOKUP(DATA!$P17,'M2'!$A:$C,R$2,FALSE)),"NOT PRESENT",VLOOKUP(DATA!$P17,'M2'!$A:$C,R$2,FALSE)),IF($N17=0,IF(ISERROR(VLOOKUP($P17,'M1'!$A:$C,R$2,FALSE)),IF(ISERROR(VLOOKUP(DATA!$P17,'M2'!$A:$C,R$2,FALSE)),"NOT PRESENT",VLOOKUP(DATA!$P17,'M2'!$A:$C,R$2,FALSE)),VLOOKUP($P17,'M1'!$A:$C,R$2,FALSE)),"SPECIFY METHOD"))) -> Bering hermit crab | S17: =SUM(T17:AV17) -> 2 | T17: 2
A18: =MAX($A$1:$A17)+1 -> 16 | B18: =IF(ISERROR(B17),IF(ISERROR(B16),IF(ISERROR(B15),"BLANK",B15),B16),B17) -> Em Lim | C18: =IF(ISERROR(C17),IF(ISERROR(C16),IF(ISERROR(C15),"BLANK",C15),C16),C17) -> Isabelle Côté | D18: =IF(ISERROR(D17),IF(ISERROR(D16),IF(ISERROR(D15),"BLANK",D15),D16),D17) -> BMSC8 | E18: =IF(ISERROR(VLOOKUP($D18,SITES!$A:$E,2,FALSE)),"",VLOOKUP($D18,SITES!$A:$E,2,FALSE)) -> Baeria Rocks North Island Northside | F18: =IF(ISERROR(VLOOKUP($D18,SITES!$A:$E,3,FALSE)),"",VLOOKUP($D18,SITES!$A:$E,3,FALSE)) -> 48.955082 | G18: =IF(ISERROR(VLOOKUP($D18,SITES!$A:$E,4,FALSE)),"",VLOOKUP($D18,SITES!$A:$E,4,FALSE)) -> -125.15337 | H18: =IF(ISERROR(H17),IF(ISERROR(H16),IF(ISERROR(H15),"BLANK",H15),H16),H17) -> 22/04/2024 | I18: =IF(ISERROR(I17),IF(ISERROR(I16),IF(ISERROR(I15),"BLANK",I15),I16),I17) -> 1.5 | J18: =IF(ISERROR(J17),IF(ISERROR(J16),IF(ISERROR(J15),"BLANK",J15),J16),J17) -> SE | K18: =IF(ISERROR(K17),IF(ISERROR(K16),IF(ISERROR(K15),"BLANK",K15),K16),K17) -> 0.425 | L18: =IF(ISERROR(L17),IF(ISERROR(L16),IF(ISERROR(L15),"BLANK",L15),L16),L17) -> EGL | M18: =IF(ISERROR(M17),IF(ISERROR(M16),IF(ISERROR(M15),"BLANK",M15),M16),M17) -> 8.5 | N18: =IF(ISERROR(N17),IF(ISERROR(N16),IF(ISERROR(N15),"BLANK",N15),N16),N17) -> 2 | O18: =IF(ISERROR(O17),IF(ISERROR(O16),IF(ISERROR(O15),"BLANK",O15),O16),O17) -> 2 | P18: poc | Q18: =IF($N18=1,IF(ISERROR(VLOOKUP($P18,'M1'!$A:$C,Q$2,FALSE)),"NOT PRESENT",VLOOKUP($P18,'M1'!$A:$C,Q$2,FALSE)),IF($N18=2,IF(ISERROR(VLOOKUP(DATA!$P18,'M2'!$A:$C,Q$2,FALSE)),"NOT PRESENT",VLOOKUP(DATA!$P18,'M2'!$A:$C,Q$2,FALSE)),IF($N18=0,IF(ISERROR(VLOOKUP($P18,'M1'!$A:$C,Q$2,FALSE)),IF(ISERROR(VLOOKUP(DATA!$P18,'M2'!$A:$C,Q$2,FALSE)),"NOT PRESENT",VLOOKUP(DATA!$P18,'M2'!$A:$C,Q$2,FALSE)),VLOOKUP($P18,'M1'!$A:$C,Q$2,FALSE)),"SPECIFY METHOD"))) -> Pisaster ochraceus | R18: =IF($N18=1,IF(ISERROR(VLOOKUP($P18,'M1'!$A:$C,R$2,FALSE)),"NOT PRESENT",VLOOKUP($P18,'M1'!$A:$C,R$2,FALSE)),IF($N18=2,IF(ISERROR(VLOOKUP(DATA!$P18,'M2'!$A:$C,R$2,FALSE)),"NOT PRESENT",VLOOKUP(DATA!$P18,'M2'!$A:$C,R$2,FALSE)),IF($N18=0,IF(ISERROR(VLOOKUP($P18,'M1'!$A:$C,R$2,FALSE)),IF(ISERROR(VLOOKUP(DATA!$P18,'M2'!$A:$C,R$2,FALSE)),"NOT PRESENT",VLOOKUP(DATA!$P18,'M2'!$A:$C,R$2,FALSE)),VLOOKUP($P18,'M1'!$A:$C,R$2,FALSE)),"SPECIFY METHOD"))) -> Purple sea star | S18: =SUM(T18:AV18) -> 41 | T18: 41
A19: =MAX($A$1:$A18)+1 -> 17 | B19: =IF(ISERROR(B18),IF(ISERROR(B17),IF(ISERROR(B16),"BLANK",B16),B17),B18) -> Em Lim | C19: =IF(ISERROR(C18),IF(ISERROR(C17),IF(ISERROR(C16),"BLANK",C16),C17),C18) -> Isabelle Côté | D19: =IF(ISERROR(D18),IF(ISERROR(D17),IF(ISERROR(D16),"BLANK",D16),D17),D18) -> BMSC8 | E19: =IF(ISERROR(VLOOKUP($D19,SITES!$A:$E,2,FALSE)),"",VLOOKUP($D19,SITES!$A:$E,2,FALSE)) -> Baeria Rocks North Island Northside | F19: =IF(ISERROR(VLOOKUP($D19,SITES!$A:$E,3,FALSE)),"",VLOOKUP($D19,SITES!$A:$E,3,FALSE)) -> 48.955082 | G19: =IF(ISERROR(VLOOKUP($D19,SITES!$A:$E,4,FALSE)),"",VLOOKUP($D19,SITES!$A:$E,4,FALSE)) -> -125.15337 | H19: =IF(ISERROR(H18),IF(ISERROR(H17),IF(ISERROR(H16),"BLANK",H16),H17),H18) -> 22/04/2024 | I19: =IF(ISERROR(I18),IF(ISERROR(I17),IF(ISERROR(I16),"BLANK",I16),I17),I18) -> 1.5 | J19: =IF(ISERROR(J18),IF(ISERROR(J17),IF(ISERROR(J16),"BLANK",J16),J17),J18) -> SE | K19: =IF(ISERROR(K18),IF(ISERROR(K17),IF(ISERROR(K16),"BLANK",K16),K17),K18) -> 0.425 | L19: =IF(ISERROR(L18),IF(ISERROR(L17),IF(ISERROR(L16),"BLANK",L16),L17),L18) -> EGL | M19: =IF(ISERROR(M18),IF(ISERROR(M17),IF(ISERROR(M16),"BLANK",M16),M17),M18) -> 8.5 | N19: =IF(ISERROR(N18),IF(ISERROR(N17),IF(ISERROR(N16),"BLANK",N16),N17),N18) -> 2 | O19: =IF(ISERROR(O18),IF(ISERROR(O17),IF(ISERROR(O16),"BLANK",O16),O17),O18) -> 2 | P19: dim | Q19: =IF($N19=1,IF(ISERROR(VLOOKUP($P19,'M1'!$A:$C,Q$2,FALSE)),"NOT PRESENT",VLOOKUP($P19,'M1'!$A:$C,Q$2,FALSE)),IF($N19=2,IF(ISERROR(VLOOKUP(DATA!$P19,'M2'!$A:$C,Q$2,FALSE)),"NOT PRESENT",VLOOKUP(DATA!$P19,'M2'!$A:$C,Q$2,FALSE)),IF($N19=0,IF(ISERROR(VLOOKUP($P19,'M1'!$A:$C,Q$2,FALSE)),IF(ISERROR(VLOOKUP(DATA!$P19,'M2'!$A:$C,Q$2,FALSE)),"NOT PRESENT",VLOOKUP(DATA!$P19,'M2'!$A:$C,Q$2,FALSE)),VLOOKUP($P19,'M1'!$A:$C,Q$2,FALSE)),"SPECIFY METHOD"))) -> Dermasterias imbricata | R19: =IF($N19=1,IF(ISERROR(VLOOKUP($P19,'M1'!$A:$C,R$2,FALSE)),"NOT PRESENT",VLOOKUP($P19,'M1'!$A:$C,R$2,FALSE)),IF($N19=2,IF(ISERROR(VLOOKUP(DATA!$P19,'M2'!$A:$C,R$2,FALSE)),"NOT PRESENT",VLOOKUP(DATA!$P19,'M2'!$A:$C,R$2,FALSE)),IF($N19=0,IF(ISERROR(VLOOKUP($P19,'M1'!$A:$C,R$2,FALSE)),IF(ISERROR(VLOOKUP(DATA!$P19,'M2'!$A:$C,R$2,FALSE)),"NOT PRESENT",VLOOKUP(DATA!$P19,'M2'!$A:$C,R$2,FALSE)),VLOOKUP($P19,'M1'!$A:$C,R$2,FALSE)),"SPECIFY METHOD"))) -> Leather star | S19: =SUM(T19:AV19) -> 4 | T19: 4
A20: =MAX($A$1:$A19)+1 -> 18 | B20: =IF(ISERROR(B19),IF(ISERROR(B18),IF(ISERROR(B17),"BLANK",B17),B18),B19) -> Em Lim | C20: =IF(ISERROR(C19),IF(ISERROR(C18),IF(ISERROR(C17),"BLANK",C17),C18),C19) -> Isabelle Côté | D20: =IF(ISERROR(D19),IF(ISERROR(D18),IF(ISERROR(D17),"BLANK",D17),D18),D19) -> BMSC8 | E20: =IF(ISERROR(VLOOKUP($D20,SITES!$A:$E,2,FALSE)),"",VLOOKUP($D20,SITES!$A:$E,2,FALSE)) -> Baeria Rocks North Island Northside | F20: =IF(ISERROR(VLOOKUP($D20,SITES!$A:$E,3,FALSE)),"",VLOOKUP($D20,SITES!$A:$E,3,FALSE)) -> 48.955082 | G20: =IF(ISERROR(VLOOKUP($D20,SITES!$A:$E,4,FALSE)),"",VLOOKUP($D20,SITES!$A:$E,4,FALSE)) -> -125.15337 | H20: =IF(ISERROR(H19),IF(ISERROR(H18),IF(ISERROR(H17),"BLANK",H17),H18),H19) -> 22/04/2024 | I20: =IF(ISERROR(I19),IF(ISERROR(I18),IF(ISERROR(I17),"BLANK",I17),I18),I19) -> 1.5 | J20: =IF(ISERROR(J19),IF(ISERROR(J18),IF(ISERROR(J17),"BLANK",J17),J18),J19) -> SE | K20: =IF(ISERROR(K19),IF(ISERROR(K18),IF(ISERROR(K17),"BLANK",K17),K18),K19) -> 0.425 | L20: =IF(ISERROR(L19),IF(ISERROR(L18),IF(ISERROR(L17),"BLANK",L17),L18),L19) -> EGL | M20: =IF(ISERROR(M19),IF(ISERROR(M18),IF(ISERROR(M17),"BLANK",M17),M18),M19) -> 8.5 | N20: =IF(ISERROR(N19),IF(ISERROR(N18),IF(ISERROR(N17),"BLANK",N17),N18),N19) -> 2 | O20: =IF(ISERROR(O19),IF(ISERROR(O18),IF(ISERROR(O17),"BLANK",O17),O18),O19) -> 2 | P20: sdr | Q20: =IF($N20=1,IF(ISERROR(VLOOKUP($P20,'M1'!$A:$C,Q$2,FALSE)),"NOT PRESENT",VLOOKUP($P20,'M1'!$A:$C,Q$2,FALSE)),IF($N20=2,IF(ISERROR(VLOOKUP(DATA!$P20,'M2'!$A:$C,Q$2,FALSE)),"NOT PRESENT",VLOOKUP(DATA!$P20,'M2'!$A:$C,Q$2,FALSE)),IF($N20=0,IF(ISERROR(VLOOKUP($P20,'M1'!$A:$C,Q$2,FALSE)),IF(ISERROR(VLOOKUP(DATA!$P20,'M2'!$A:$C,Q$2,FALSE)),"NOT PRESENT",VLOOKUP(DATA!$P20,'M2'!$A:$C,Q$2,FALSE)),VLOOKUP($P20,'M1'!$A:$C,Q$2,FALSE)),"SPECIFY METHOD"))) -> Strongylocentrotus droebachiensis | R20: =IF($N20=1,IF(ISERROR(VLOOKUP($P20,'M1'!$A:$C,R$2,FALSE)),"NOT PRESENT",VLOOKUP($P20,'M1'!$A:$C,R$2,FALSE)),IF($N20=2,IF(ISERROR(VLOOKUP(DATA!$P20,'M2'!$A:$C,R$2,FALSE)),"NOT PRESENT",VLOOKUP(DATA!$P20,'M2'!$A:$C,R$2,FALSE)),IF($N20=0,IF(ISERROR(VLOOKUP($P20,'M1'!$A:$C,R$2,FALSE)),IF(ISERROR(VLOOKUP(DATA!$P20,'M2'!$A:$C,R$2,FALSE)),"NOT PRESENT",VLOOKUP(DATA!$P20,'M2'!$A:$C,R$2,FALSE)),VLOOKUP($P20,'M1'!$A:$C,R$2,FALSE)),"SPECIFY METHOD"))) -> Northern sea urchin | S20: =SUM(T20:AV20) -> 1 | T20: 1
A21: =MAX($A$1:$A20)+1 -> 19 | B21: =IF(ISERROR(B20),IF(ISERROR(B19),IF(ISERROR(B18),"BLANK",B18),B19),B20) -> Em Lim | C21: =IF(ISERROR(C20),IF(ISERROR(C19),IF(ISERROR(C18),"BLANK",C18),C19),C20) -> Isabelle Côté | D21: =IF(ISERROR(D20),IF(ISERROR(D19),IF(ISERROR(D18),"BLANK",D18),D19),D20) -> BMSC8 | E21: =IF(ISERROR(VLOOKUP($D21,SITES!$A:$E,2,FALSE)),"",VLOOKUP($D21,SITES!$A:$E,2,FALSE)) -> Baeria Rocks North Island Northside | F21: =IF(ISERROR(VLOOKUP($D21,SITES!$A:$E,3,FALSE)),"",VLOOKUP($D21,SITES!$A:$E,3,FALSE)) -> 48.955082 | G21: =IF(ISERROR(VLOOKUP($D21,SITES!$A:$E,4,FALSE)),"",VLOOKUP($D21,SITES!$A:$E,4,FALSE)) -> -125.15337 | H21: =IF(ISERROR(H20),IF(ISERROR(H19),IF(ISERROR(H18),"BLANK",H18),H19),H20) -> 22/04/2024 | I21: =IF(ISERROR(I20),IF(ISERROR(I19),IF(ISERROR(I18),"BLANK",I18),I19),I20) -> 1.5 | J21: =IF(ISERROR(J20),IF(ISERROR(J19),IF(ISERROR(J18),"BLANK",J18),J19),J20) -> SE | K21: =IF(ISERROR(K20),IF(ISERROR(K19),IF(ISERROR(K18),"BLANK",K18),K19),K20) -> 0.425 | L21: =IF(ISERROR(L20),IF(ISERROR(L19),IF(ISERROR(L18),"BLANK",L18),L19),L20) -> EGL | M21: =IF(ISERROR(M20),IF(ISERROR(M19),IF(ISERROR(M18),"BLANK",M18),M19),M20) -> 8.5 | N21: =IF(ISERROR(N20),IF(ISERROR(N19),IF(ISERROR(N18),"BLANK",N18),N19),N20) -> 2 | O21: =IF(ISERROR(O20),IF(ISERROR(O19),IF(ISERROR(O18),"BLANK",O18),O19),O20) -> 2 | P21: spu | Q21: =IF($N21=1,IF(ISERROR(VLOOKUP($P21,'M1'!$A:$C,Q$2,FALSE)),"NOT PRESENT",VLOOKUP($P21,'M1'!$A:$C,Q$2,FALSE)),IF($N21=2,IF(ISERROR(VLOOKUP(DATA!$P21,'M2'!$A:$C,Q$2,FALSE)),"NOT PRESENT",VLOOKUP(DATA!$P21,'M2'!$A:$C,Q$2,FALSE)),IF($N21=0,IF(ISERROR(VLOOKUP($P21,'M1'!$A:$C,Q$2,FALSE)),IF(ISERROR(VLOOKUP(DATA!$P21,'M2'!$A:$C,Q$2,FALSE)),"NOT PRESENT",VLOOKUP(DATA!$P21,'M2'!$A:$C,Q$2,FALSE)),VLOOKUP($P21,'M1'!$A:$C,Q$2,FALSE)),"SPECIFY METHOD"))) -> Strongylocentrotus purpuratus | R21: =IF($N21=1,IF(ISERROR(VLOOKUP($P21,'M1'!$A:$C,R$2,FALSE)),"NOT PRESENT",VLOOKUP($P21,'M1'!$A:$C,R$2,FALSE)),IF($N21=2,IF(ISERROR(VLOOKUP(DATA!$P21,'M2'!$A:$C,R$2,FALSE)),"NOT PRESENT",VLOOKUP(DATA!$P21,'M2'!$A:$C,R$2,FALSE)),IF($N21=0,IF(ISERROR(VLOOKUP($P21,'M1'!$A:$C,R$2,FALSE)),IF(ISERROR(VLOOKUP(DATA!$P21,'M2'!$A:$C,R$2,FALSE)),"NOT PRESENT",VLOOKUP(DATA!$P21,'M2'!$A:$C,R$2,FALSE)),VLOOKUP($P21,'M1'!$A:$C,R$2,FALSE)),"SPECIFY METHOD"))) -> Purple sea urchin (?) | S21: =SUM(T21:AV21) -> 1 | T21: 1
A22: =MAX($A$1:$A21)+1 -> 20 | B22: =IF(ISERROR(B21),IF(ISERROR(B20),IF(ISERROR(B19),"BLANK",B19),B20),B21) -> Em Lim | C22: =IF(ISERROR(C21),IF(ISERROR(C20),IF(ISERROR(C19),"BLANK",C19),C20),C21) -> Isabelle Côté | D22: =IF(ISERROR(D21),IF(ISERROR(D20),IF(ISERROR(D19),"BLANK",D19),D20),D21) -> BMSC8 | E22: =IF(ISERROR(VLOOKUP($D22,SITES!$A:$E,2,FALSE)),"",VLOOKUP($D22,SITES!$A:$E,2,FALSE)) -> Baeria Rocks North Island Northside | F22: =IF(ISERROR(VLOOKUP($D22,SITES!$A:$E,3,FALSE)),"",VLOOKUP($D22,SITES!$A:$E,3,FALSE)) -> 48.955082 | G22: =IF(ISERROR(VLOOKUP($D22,SITES!$A:$E,4,FALSE)),"",VLOOKUP($D22,SITES!$A:$E,4,FALSE)) -> -125.15337 | H22: =IF(ISERROR(H21),IF(ISERROR(H20),IF(ISERROR(H19),"BLANK",H19),H20),H21) -> 22/04/2024 | I22: =IF(ISERROR(I21),IF(ISERROR(I20),IF(ISERROR(I19),"BLANK",I19),I20),I21) -> 1.5 | J22: =IF(ISERROR(J21),IF(ISERROR(J20),IF(ISERROR(J19),"BLANK",J19),J20),J21) -> SE | K22: =IF(ISERROR(K21),IF(ISERROR(K20),IF(ISERROR(K19),"BLANK",K19),K20),K21) -> 0.425 | L22: =IF(ISERROR(L21),IF(ISERROR(L20),IF(ISERROR(L19),"BLANK",L19),L20),L21) -> EGL | M22: =IF(ISERROR(M21),IF(ISERROR(M20),IF(ISERROR(M19),"BLANK",M19),M20),M21) -> 8.5 | N22: =IF(ISERROR(N21),IF(ISERROR(N20),IF(ISERROR(N19),"BLANK",N19),N20),N21) -> 2 | O22: =IF(ISERROR(O21),IF(ISERROR(O20),IF(ISERROR(O19),"BLANK",O19),O20),O21) -> 2 | P22: das | Q22: =IF($N22=1,IF(ISERROR(VLOOKUP($P22,'M1'!$A:$C,Q$2,FALSE)),"NOT PRESENT",VLOOKUP($P22,'M1'!$A:$C,Q$2,FALSE)),IF($N22=2,IF(ISERROR(VLOOKUP(DATA!$P22,'M2'!$A:$C,Q$2,FALSE)),"NOT PRESENT",VLOOKUP(DATA!$P22,'M2'!$A:$C,Q$2,FALSE)),IF($N22=0,IF(ISERROR(VLOOKUP($P22,'M1'!$A:$C,Q$2,FALSE)),IF(ISERROR(VLOOKUP(DATA!$P22,'M2'!$A:$C,Q$2,FALSE)),"NOT PRESENT",VLOOKUP(DATA!$P22,'M2'!$A:$C,Q$2,FALSE)),VLOOKUP($P22,'M1'!$A:$C,Q$2,FALSE)),"SPECIFY METHOD"))) -> Diodora aspera | R22: =IF($N22=1,IF(ISERROR(VLOOKUP($P22,'M1'!$A:$C,R$2,FALSE)),"NOT PRESENT",VLOOKUP($P22,'M1'!$A:$C,R$2,FALSE)),IF($N22=2,IF(ISERROR(VLOOKUP(DATA!$P22,'M2'!$A:$C,R$2,FALSE)),"NOT PRESENT",VLOOKUP(DATA!$P22,'M2'!$A:$C,R$2,FALSE)),IF($N22=0,IF(ISERROR(VLOOKUP($P22,'M1'!$A:$C,R$2,FALSE)),IF(ISERROR(VLOOKUP(DATA!$P22,'M2'!$A:$C,R$2,FALSE)),"NOT PRESENT",VLOOKUP(DATA!$P22,'M2'!$A:$C,R$2,FALSE)),VLOOKUP($P22,'M1'!$A:$C,R$2,FALSE)),"SPECIFY METHOD"))) -> Rough keyhole limpet | S22: =SUM(T22:AV22) -> 1 | T22: 1
A23: =MAX($A$1:$A22)+1 -> 21 | B23: =IF(ISERROR(B22),IF(ISERROR(B21),IF(ISERROR(B20),"BLANK",B20),B21),B22) -> Em Lim | C23: =IF(ISERROR(C22),IF(ISERROR(C21),IF(ISERROR(C20),"BLANK",C20),C21),C22) -> Isabelle Côté | D23: =IF(ISERROR(D22),IF(ISERROR(D21),IF(ISERROR(D20),"BLANK",D20),D21),D22) -> BMSC8 | E23: =IF(ISERROR(VLOOKUP($D23,SITES!$A:$E,2,FALSE)),"",VLOOKUP($D23,SITES!$A:$E,2,FALSE)) -> Baeria Rocks North Island Northside | F23: =IF(ISERROR(VLOOKUP($D23,SITES!$A:$E,3,FALSE)),"",VLOOKUP($D23,SITES!$A:$E,3,FALSE)) -> 48.955082 | G23: =IF(ISERROR(VLOOKUP($D23,SITES!$A:$E,4,FALSE)),"",VLOOKUP($D23,SITES!$A:$E,4,FALSE)) -> -125.15337 | H23: =IF(ISERROR(H22),IF(ISERROR(H21),IF(ISERROR(H20),"BLANK",H20),H21),H22) -> 22/04/2024 | I23: =IF(ISERROR(I22),IF(ISERROR(I21),IF(ISERROR(I20),"BLANK",I20),I21),I22) -> 1.5 | J23: =IF(ISERROR(J22),IF(ISERROR(J21),IF(ISERROR(J20),"BLANK",J20),J21),J22) -> SE | K23: =IF(ISERROR(K22),IF(ISERROR(K21),IF(ISERROR(K20),"BLANK",K20),K21),K22) -> 0.425 | L23: =IF(ISERROR(L22),IF(ISERROR(L21),IF(ISERROR(L20),"BLANK",L20),L21),L22) -> EGL | M23: =IF(ISERROR(M22),IF(ISERROR(M21),IF(ISERROR(M20),"BLANK",M20),M21),M22) -> 8.5 | N23: =IF(ISERROR(N22),IF(ISERROR(N21),IF(ISERROR(N20),"BLANK",N20),N21),N22) -> 2 | O23: =IF(ISERROR(O22),IF(ISERROR(O21),IF(ISERROR(O20),"BLANK",O20),O21),O22) -> 2 | P23: opi | Q23: =IF($N23=1,IF(ISERROR(VLOOKUP($P23,'M1'!$A:$C,Q$2,FALSE)),"NOT PRESENT",VLOOKUP($P23,'M1'!$A:$C,Q$2,FALSE)),IF($N23=2,IF(ISERROR(VLOOKUP(DATA!$P23,'M2'!$A:$C,Q$2,FALSE)),"NOT PRESENT",VLOOKUP(DATA!$P23,'M2'!$A:$C,Q$2,FALSE)),IF($N23=0,IF(ISERROR(VLOOKUP($P23,'M1'!$A:$C,Q$2,FALSE)),IF(ISERROR(VLOOKUP(DATA!$P23,'M2'!$A:$C,Q$2,FALSE)),"NOT PRESENT",VLOOKUP(DATA!$P23,'M2'!$A:$C,Q$2,FALSE)),VLOOKUP($P23,'M1'!$A:$C,Q$2,FALSE)),"SPECIFY METHOD"))) -> Oxylebius pictus | R23: =IF($N23=1,IF(ISERROR(VLOOKUP($P23,'M1'!$A:$C,R$2,FALSE)),"NOT PRESENT",VLOOKUP($P23,'M1'!$A:$C,R$2,FALSE)),IF($N23=2,IF(ISERROR(VLOOKUP(DATA!$P23,'M2'!$A:$C,R$2,FALSE)),"NOT PRESENT",VLOOKUP(DATA!$P23,'M2'!$A:$C,R$2,FALSE)),IF($N23=0,IF(ISERROR(VLOOKUP($P23,'M1'!$A:$C,R$2,FALSE)),IF(ISERROR(VLOOKUP(DATA!$P23,'M2'!$A:$C,R$2,FALSE)),"NOT PRESENT",VLOOKUP(DATA!$P23,'M2'!$A:$C,R$2,FALSE)),VLOOKUP($P23,'M1'!$A:$C,R$2,FALSE)),"SPECIFY METHOD"))) -> Painted greenling | S23: =SUM(T23:AV23) -> 1 | T23: 0 | Z23: 1
A24: =MAX($A$1:$A23)+1 -> 22 | B24: =IF(ISERROR(B23),IF(ISERROR(B22),IF(ISERROR(B21),"BLANK",B21),B22),B23) -> Em Lim | C24: =IF(ISERROR(C23),IF(ISERROR(C22),IF(ISERROR(C21),"BLANK",C21),C22),C23) -> Isabelle Côté | D24: =IF(ISERROR(D23),IF(ISERROR(D22),IF(ISERROR(D21),"BLANK",D21),D22),D23) -> BMSC8 | E24: =IF(ISERROR(VLOOKUP($D24,SITES!$A:$E,2,FALSE)),"",VLOOKUP($D24,SITES!$A:$E,2,FALSE)) -> Baeria Rocks North Island Northside | F24: =IF(ISERROR(VLOOKUP($D24,SITES!$A:$E,3,FALSE)),"",VLOOKUP($D24,SITES!$A:$E,3,FALSE)) -> 48.955082 | G24: =IF(ISERROR(VLOOKUP($D24,SITES!$A:$E,4,FALSE)),"",VLOOKUP($D24,SITES!$A:$E,4,FALSE)) -> -125.15337 | H24: =IF(ISERROR(H23),IF(ISERROR(H22),IF(ISERROR(H21),"BLANK",H21),H22),H23) -> 22/04/2024 | I24: =IF(ISERROR(I23),IF(ISERROR(I22),IF(ISERROR(I21),"BLANK",I21),I22),I23) -> 1.5 | J24: =IF(ISERROR(J23),IF(ISERROR(J22),IF(ISERROR(J21),"BLANK",J21),J22),J23) -> SE | K24: =IF(ISERROR(K23),IF(ISERROR(K22),IF(ISERROR(K21),"BLANK",K21),K22),K23) -> 0.425 | L24: =IF(ISERROR(L23),IF(ISERROR(L22),IF(ISERROR(L21),"BLANK",L21),L22),L23) -> EGL | M24: =IF(ISERROR(M23),IF(ISERROR(M22),IF(ISERROR(M21),"BLANK",M21),M22),M23) -> 8.5 | N24: =IF(ISERROR(N23),IF(ISERROR(N22),IF(ISERROR(N21),"BLANK",N21),N22),N23) -> 2 | O24: =IF(ISERROR(O23),IF(ISERROR(O22),IF(ISERROR(O21),"BLANK",O21),O22),O23) -> 2 | P24: gor | Q24: =IF($N24=1,IF(ISERROR(VLOOKUP($P24,'M1'!$A:$C,Q$2,FALSE)),"NOT PRESENT",VLOOKUP($P24,'M1'!$A:$C,Q$2,FALSE)),IF($N24=2,IF(ISERROR(VLOOKUP(DATA!$P24,'M2'!$A:$C,Q$2,FALSE)),"NOT PRESENT",VLOOKUP(DATA!$P24,'M2'!$A:$C,Q$2,FALSE)),IF($N24=0,IF(ISERROR(VLOOKUP($P24,'M1'!$A:$C,Q$2,FALSE)),IF(ISERROR(VLOOKUP(DATA!$P24,'M2'!$A:$C,Q$2,FALSE)),"NOT PRESENT",VLOOKUP(DATA!$P24,'M2'!$A:$C,Q$2,FALSE)),VLOOKUP($P24,'M1'!$A:$C,Q$2,FALSE)),"SPECIFY METHOD"))) -> Glebocarcinus oregonensis | R24: =IF($N24=1,IF(ISERROR(VLOOKUP($P24,'M1'!$A:$C,R$2,FALSE)),"NOT PRESENT",VLOOKUP($P24,'M1'!$A:$C,R$2,FALSE)),IF($N24=2,IF(ISERROR(VLOOKUP(DATA!$P24,'M2'!$A:$C,R$2,FALSE)),"NOT PRESENT",VLOOKUP(DATA!$P24,'M2'!$A:$C,R$2,FALSE)),IF($N24=0,IF(ISERROR(VLOOKUP($P24,'M1'!$A:$C,R$2,FALSE)),IF(ISERROR(VLOOKUP(DATA!$P24,'M2'!$A:$C,R$2,FALSE)),"NOT PRESENT",VLOOKUP(DATA!$P24,'M2'!$A:$C,R$2,FALSE)),VLOOKUP($P24,'M1'!$A:$C,R$2,FALSE)),"SPECIFY METHOD"))) -> Pygmy rock crab | S24: =SUM(T24:AV24) -> 1 | T24: 1
A25: =MAX($A$1:$A24)+1 -> 23 | B25: =IF(ISERROR(B24),IF(ISERROR(B23),IF(ISERROR(B22),"BLANK",B22),B23),B24) -> Em Lim | C25: =IF(ISERROR(C24),IF(ISERROR(C23),IF(ISERROR(C22),"BLANK",C22),C23),C24) -> Isabelle Côté | D25: =IF(ISERROR(D24),IF(ISERROR(D23),IF(ISERROR(D22),"BLANK",D22),D23),D24) -> BMSC8 | E25: =IF(ISERROR(VLOOKUP($D25,SITES!$A:$E,2,FALSE)),"",VLOOKUP($D25,SITES!$A:$E,2,FALSE)) -> Baeria Rocks North Island Northside | F25: =IF(ISERROR(VLOOKUP($D25,SITES!$A:$E,3,FALSE)),"",VLOOKUP($D25,SITES!$A:$E,3,FALSE)) -> 48.955082 | G25: =IF(ISERROR(VLOOKUP($D25,SITES!$A:$E,4,FALSE)),"",VLOOKUP($D25,SITES!$A:$E,4,FALSE)) -> -125.15337 | H25: =IF(ISERROR(H24),IF(ISERROR(H23),IF(ISERROR(H22),"BLANK",H22),H23),H24) -> 22/04/2024 | I25: =IF(ISERROR(I24),IF(ISERROR(I23),IF(ISERROR(I22),"BLANK",I22),I23),I24) -> 1.5 | J25: =IF(ISERROR(J24),IF(ISERROR(J23),IF(ISERROR(J22),"BLANK",J22),J23),J24) -> SE | K25: =IF(ISERROR(K24),IF(ISERROR(K23),IF(ISERROR(K22),"BLANK",K22),K23),K24) -> 0.425 | L25: =IF(ISERROR(L24),IF(ISERROR(L23),IF(ISERROR(L22),"BLANK",L22),L23),L24) -> EGL | M25: =IF(ISERROR(M24),IF(ISERROR(M23),IF(ISERROR(M22),"BLANK",M22),M23),M24) -> 8.5 | N25: =IF(ISERROR(N24),IF(ISERROR(N23),IF(ISERROR(N22),"BLANK",N22),N23),N24) -> 2 | O25: =IF(ISERROR(O24),IF(ISERROR(O23),IF(ISERROR(O22),"BLANK",O22),O23),O24) -> 2 | P25: pcau | Q25: =IF($N25=1,IF(ISERROR(VLOOKUP($P25,'M1'!$A:$C,Q$2,FALSE)),"NOT PRESENT",VLOOKUP($P25,'M1'!$A:$C,Q$2,FALSE)),IF($N25=2,IF(ISERROR(VLOOKUP(DATA!$P25,'M2'!$A:$C,Q$2,FALSE)),"NOT PRESENT",VLOOKUP(DATA!$P25,'M2'!$A:$C,Q$2,FALSE)),IF($N25=0,IF(ISERROR(VLOOKUP($P25,'M1'!$A:$C,Q$2,FALSE)),IF(ISERROR(VLOOKUP(DATA!$P25,'M2'!$A:$C,Q$2,FALSE)),"NOT PRESENT",VLOOKUP(DATA!$P25,'M2'!$A:$C,Q$2,FALSE)),VLOOKUP($P25,'M1'!$A:$C,Q$2,FALSE)),"SPECIFY METHOD"))) -> Pagurus caurinus | R25: =IF($N25=1,IF(ISERROR(VLOOKUP($P25,'M1'!$A:$C,R$2,FALSE)),"NOT PRESENT",VLOOKUP($P25,'M1'!$A:$C,R$2,FALSE)),IF($N25=2,IF(ISERROR(VLOOKUP(DATA!$P25,'M2'!$A:$C,R$2,FALSE)),"NOT PRESENT",VLOOKUP(DATA!$P25,'M2'!$A:$C,R$2,FALSE)),IF($N25=0,IF(ISERROR(VLOOKUP($P25,'M1'!$A:$C,R$2,FALSE)),IF(ISERROR(VLOOKUP(DATA!$P25,'M2'!$A:$C,R$2,FALSE)),"NOT PRESENT",VLOOKUP(DATA!$P25,'M2'!$A:$C,R$2,FALSE)),VLOOKUP($P25,'M1'!$A:$C,R$2,FALSE)),"SPECIFY METHOD"))) -> Greenmark hermit crab | S25: =SUM(T25:AV25) -> 1 | T25: 1
A26: =MAX($A$1:$A25)+1 -> 24 | B26: =IF(ISERROR(B25),IF(ISERROR(B24),IF(ISERROR(B23),"BLANK",B23),B24),B25) -> Em Lim | C26: =IF(ISERROR(C25),IF(ISERROR(C24),IF(ISERROR(C23),"BLANK",C23),C24),C25) -> Isabelle Côté | D26: =IF(ISERROR(D25),IF(ISERROR(D24),IF(ISERROR(D23),"BLANK",D23),D24),D25) -> BMSC8 | E26: =IF(ISERROR(VLOOKUP($D26,SITES!$A:$E,2,FALSE)),"",VLOOKUP($D26,SITES!$A:$E,2,FALSE)) -> Baeria Rocks North Island Northside | F26: =IF(ISERROR(VLOOKUP($D26,SITES!$A:$E,3,FALSE)),"",VLOOKUP($D26,SITES!$A:$E,3,FALSE)) -> 48.955082 | G26: =IF(ISERROR(VLOOKUP($D26,SITES!$A:$E,4,FALSE)),"",VLOOKUP($D26,SITES!$A:$E,4,FALSE)) -> -125.15337 | H26: =IF(ISERROR(H25),IF(ISERROR(H24),IF(ISERROR(H23),"BLANK",H23),H24),H25) -> 22/04/2024 | I26: =IF(ISERROR(I25),IF(ISERROR(I24),IF(ISERROR(I23),"BLANK",I23),I24),I25) -> 1.5 | J26: =IF(ISERROR(J25),IF(ISERROR(J24),IF(ISERROR(J23),"BLANK",J23),J24),J25) -> SE | K26: =IF(ISERROR(K25),IF(ISERROR(K24),IF(ISERROR(K23),"BLANK",K23),K24),K25) -> 0.425 | L26: =IF(ISERROR(L25),IF(ISERROR(L24),IF(ISERROR(L23),"BLANK",L23),L24),L25) -> EGL | M26: =IF(ISERROR(M25),IF(ISERROR(M24),IF(ISERROR(M23),"BLANK",M23),M24),M25) -> 8.5 | N26: =IF(ISERROR(N25),IF(ISERROR(N24),IF(ISERROR(N23),"BLANK",N23),N24),N25) -> 2 | O26: =IF(ISERROR(O25),IF(ISERROR(O24),IF(ISERROR(O23),"BLANK",O23),O24),O25) -> 2 | P26: dez | Q26: =IF($N26=1,IF(ISERROR(VLOOKUP($P26,'M1'!$A:$C,Q$2,FALSE)),"NOT PRESENT",VLOOKUP($P26,'M1'!$A:$C,Q$2,FALSE)),IF($N26=2,IF(ISERROR(VLOOKUP(DATA!$P26,'M2'!$A:$C,Q$2,FALSE)),"NOT PRESENT",VLOOKUP(DATA!$P26,'M2'!$A:$C,Q$2,FALSE)),IF($N26=0,IF(ISERROR(VLOOKUP($P26,'M1'!$A:$C,Q$2,FALSE)),IF(ISERROR(VLOOKUP(DATA!$P26,'M2'!$A:$C,Q$2,FALSE)),"NOT PRESENT",VLOOKUP(DATA!$P26,'M2'!$A:$C,Q$2,FALSE)),VLOOKUP($P26,'M1'!$A:$C,Q$2,FALSE)),"SPECIFY METHOD"))) -> Debris - Zero | R26: =IF($N26=1,IF(ISERROR(VLOOKUP($P26,'M1'!$A:$C,R$2,FALSE)),"NOT PRESENT",VLOOKUP($P26,'M1'!$A:$C,R$2,FALSE)),IF($N26=2,IF(ISERROR(VLOOKUP(DATA!$P26,'M2'!$A:$C,R$2,FALSE)),"NOT PRESENT",VLOOKUP(DATA!$P26,'M2'!$A:$C,R$2,FALSE)),IF($N26=0,IF(ISERROR(VLOOKUP($P26,'M1'!$A:$C,R$2,FALSE)),IF(ISERROR(VLOOKUP(DATA!$P26,'M2'!$A:$C,R$2,FALSE)),"NOT PRESENT",VLOOKUP(DATA!$P26,'M2'!$A:$C,R$2,FALSE)),VLOOKUP($P26,'M1'!$A:$C,R$2,FALSE)),"SPECIFY METHOD"))) -> No Debris found | S26: =SUM(T26:AV26) -> 1 | T26: 1
A27: =MAX($A$1:$A26)+1 -> 25 | B27: =IF(ISERROR(B25),IF(ISERROR(B24),IF(ISERROR(B23),"BLANK",B23),B24),B25) -> Em Lim | C27: =IF(ISERROR(C25),IF(ISERROR(C24),IF(ISERROR(C23),"BLANK",C23),C24),C25) -> Isabelle Côté | D27: BMSC6 | E27: =IF(ISERROR(VLOOKUP($D27,SITES!$A:$E,2,FALSE)),"",VLOOKUP($D27,SITES!$A:$E,2,FALSE)) -> Baeria Rocks South Island | F27: =IF(ISERROR(VLOOKUP($D27,SITES!$A:$E,3,FALSE)),"",VLOOKUP($D27,SITES!$A:$E,3,FALSE)) -> 48.950233 | G27: =IF(ISERROR(VLOOKUP($D27,SITES!$A:$E,4,FALSE)),"",VLOOKUP($D27,SITES!$A:$E,4,FALSE)) -> -125.15555 | H27: =IF(ISERROR(H25),IF(ISERROR(H24),IF(ISERROR(H23),"BLANK",H23),H24),H25) -> 22/04/2024 | I27: 1.5 | J27: SW | K27: 0.53125 | L27: EGL | M27: 11 | N27: 1 | O27: 2 | P27: sca | Q27: =IF($N27=1,IF(ISERROR(VLOOKUP($P27,'M1'!$A:$C,Q$2,FALSE)),"NOT PRESENT",VLOOKUP($P27,'M1'!$A:$C,Q$2,FALSE)),IF($N27=2,IF(ISERROR(VLOOKUP(DATA!$P27,'M2'!$A:$C,Q$2,FALSE)),"NOT PRESENT",VLOOKUP(DATA!$P27,'M2'!$A:$C,Q$2,FALSE)),IF($N27=0,IF(ISERROR(VLOOKUP($P27,'M1'!$A:$C,Q$2,FALSE)),IF(ISERROR(VLOOKUP(DATA!$P27,'M2'!$A:$C,Q$2,FALSE)),"NOT PRESENT",VLOOKUP(DATA!$P27,'M2'!$A:$C,Q$2,FALSE)),VLOOKUP($P27,'M1'!$A:$C,Q$2,FALSE)),"SPECIFY METHOD"))) -> Sebastes caurinus | R27: =IF($N27=1,IF(ISERROR(VLOOKUP($P27,'M1'!$A:$C,R$2,FALSE)),"NOT PRESENT",VLOOKUP($P27,'M1'!$A:$C,R$2,FALSE)),IF($N27=2,IF(ISERROR(VLOOKUP(DATA!$P27,'M2'!$A:$C,R$2,FALSE)),"NOT PRESENT",VLOOKUP(DATA!$P27,'M2'!$A:$C,R$2,FALSE)),IF($N27=0,IF(ISERROR(VLOOKUP($P27,'M1'!$A:$C,R$2,FALSE)),IF(ISERROR(VLOOKUP(DATA!$P27,'M2'!$A:$C,R$2,FALSE)),"NOT PRESENT",VLOOKUP(DATA!$P27,'M2'!$A:$C,R$2,FALSE)),VLOOKUP($P27,'M1'!$A:$C,R$2,FALSE)),"SPECIFY METHOD"))) -> Copper rockfish | S27: =SUM(T27:AV27) -> 1 | T27: 0 | AD27: 1
A28: =MAX($A$1:$A27)+1 -> 26 | B28: =IF(ISERROR(B27),IF(ISERROR(B25),IF(ISERROR(B24),"BLANK",B24),B25),B27) -> Em Lim | C28: =IF(ISERROR(C27),IF(ISERROR(C25),IF(ISERROR(C24),"BLANK",C24),C25),C27) -> Isabelle Côté | D28: =IF(ISERROR(D27),IF(ISERROR(D25),IF(ISERROR(D24),"BLANK",D24),D25),D27) -> BMSC6 | E28: =IF(ISERROR(VLOOKUP($D28,SITES!$A:$E,2,FALSE)),"",VLOOKUP($D28,SITES!$A:$E,2,FALSE)) -> Baeria Rocks South Island | F28: =IF(ISERROR(VLOOKUP($D28,SITES!$A:$E,3,FALSE)),"",VLOOKUP($D28,SITES!$A:$E,3,FALSE)) -> 48.950233 | G28: =IF(ISERROR(VLOOKUP($D28,SITES!$A:$E,4,FALSE)),"",VLOOKUP($D28,SITES!$A:$E,4,FALSE)) -> -125.15555 | H28: =IF(ISERROR(H27),IF(ISERROR(H25),IF(ISERROR(H24),"BLANK",H24),H25),H27) -> 22/04/2024 | I28: =IF(ISERROR(I27),IF(ISERROR(I25),IF(ISERROR(I24),"BLANK",I24),I25),I27) -> 1.5 | J28: =IF(ISERROR(J27),IF(ISERROR(J25),IF(ISERROR(J24),"BLANK",J24),J25),J27) -> SW | K28: =IF(ISERROR(K27),IF(ISERROR(K25),IF(ISERROR(K24),"BLANK",K24),K25),K27) -> 0.53125 | L28: =IF(ISERROR(L27),IF(ISERROR(L25),IF(ISERROR(L24),"BLANK",L24),L25),L27) -> EGL | M28: =IF(ISERROR(M27),IF(ISERROR(M25),IF(ISERROR(M24),"BLANK",M24),M25),M27) -> 11 | N28: =IF(ISERROR(N27),IF(ISERROR(N25),IF(ISERROR(N24),"BLANK",N24),N25),N27) -> 1 | O28: =IF(ISERROR(O27),IF(ISERROR(O25),IF(ISERROR(O24),"BLANK",O24),O25),O27) -> 2 | P28: rni | Q28: =IF($N28=1,IF(ISERROR(VLOOKUP($P28,'M1'!$A:$C,Q$2,FALSE)),"NOT PRESENT",VLOOKUP($P28,'M1'!$A:$C,Q$2,FALSE)),IF($N28=2,IF(ISERROR(VLOOKUP(DATA!$P28,'M2'!$A:$C,Q$2,FALSE)),"NOT PRESENT",VLOOKUP(DATA!$P28,'M2'!$A:$C,Q$2,FALSE)),IF($N28=0,IF(ISERROR(VLOOKUP($P28,'M1'!$A:$C,Q$2,FALSE)),IF(ISERROR(VLOOKUP(DATA!$P28,'M2'!$A:$C,Q$2,FALSE)),"NOT PRESENT",VLOOKUP(DATA!$P28,'M2'!$A:$C,Q$2,FALSE)),VLOOKUP($P28,'M1'!$A:$C,Q$2,FALSE)),"SPECIFY METHOD"))) -> Rhinogobiops nicholsii | R28: =IF($N28=1,IF(ISERROR(VLOOKUP($P28,'M1'!$A:$C,R$2,FALSE)),"NOT PRESENT",VLOOKUP($P28,'M1'!$A:$C,R$2,FALSE)),IF($N28=2,IF(ISERROR(VLOOKUP(DATA!$P28,'M2'!$A:$C,R$2,FALSE)),"NOT PRESENT",VLOOKUP(DATA!$P28,'M2'!$A:$C,R$2,FALSE)),IF($N28=0,IF(ISERROR(VLOOKUP($P28,'M1'!$A:$C,R$2,FALSE)),IF(ISERROR(VLOOKUP(DATA!$P28,'M2'!$A:$C,R$2,FALSE)),"NOT PRESENT",VLOOKUP(DATA!$P28,'M2'!$A:$C,R$2,FALSE)),VLOOKUP($P28,'M1'!$A:$C,R$2,FALSE)),"SPECIFY METHOD"))) -> Blackeye goby | S28: =SUM(T28:AV28) -> 1 | T28: 0 | V28: 1
A29: =MAX($A$1:$A28)+1 -> 27 | B29: =IF(ISERROR(B28),IF(ISERROR(B27),IF(ISERROR(B25),"BLANK",B25),B27),B28) -> Em Lim | C29: =IF(ISERROR(C28),IF(ISERROR(C27),IF(ISERROR(C25),"BLANK",C25),C27),C28) -> Isabelle Côté | D29: =IF(ISERROR(D28),IF(ISERROR(D27),IF(ISERROR(D25),"BLANK",D25),D27),D28) -> BMSC6 | E29: =IF(ISERROR(VLOOKUP($D29,SITES!$A:$E,2,FALSE)),"",VLOOKUP($D29,SITES!$A:$E,2,FALSE)) -> Baeria Rocks South Island | F29: =IF(ISERROR(VLOOKUP($D29,SITES!$A:$E,3,FALSE)),"",VLOOKUP($D29,SITES!$A:$E,3,FALSE)) -> 48.950233 | G29: =IF(ISERROR(VLOOKUP($D29,SITES!$A:$E,4,FALSE)),"",VLOOKUP($D29,SITES!$A:$E,4,FALSE)) -> -125.15555 | H29: =IF(ISERROR(H28),IF(ISERROR(H27),IF(ISERROR(H25),"BLANK",H25),H27),H28) -> 22/04/2024 | I29: =IF(ISERROR(I28),IF(ISERROR(I27),IF(ISERROR(I25),"BLANK",I25),I27),I28) -> 1.5 | J29: =IF(ISERROR(J28),IF(ISERROR(J27),IF(ISERROR(J25),"BLANK",J25),J27),J28) -> SW | K29: =IF(ISERROR(K28),IF(ISERROR(K27),IF(ISERROR(K25),"BLANK",K25),K27),K28) -> 0.53125 | L29: =IF(ISERROR(L28),IF(ISERROR(L27),IF(ISERROR(L25),"BLANK",L25),L27),L28) -> EGL | M29: =IF(ISERROR(M28),IF(ISERROR(M27),IF(ISERROR(M25),"BLANK",M25),M27),M28) -> 11 | N29: =IF(ISERROR(N28),IF(ISERROR(N27),IF(ISERROR(N25),"BLANK",N25),N27),N28) -> 1 | O29: =IF(ISERROR(O28),IF(ISERROR(O27),IF(ISERROR(O25),"BLANK",O25),O27),O28) -> 2 | P29: oel | Q29: =IF($N29=1,IF(ISERROR(VLOOKUP($P29,'M1'!$A:$C,Q$2,FALSE)),"NOT PRESENT",VLOOKUP($P29,'M1'!$A:$C,Q$2,FALSE)),IF($N29=2,IF(ISERROR(VLOOKUP(DATA!$P29,'M2'!$A:$C,Q$2,FALSE)),"NOT PRESENT",VLOOKUP(DATA!$P29,'M2'!$A:$C,Q$2,FALSE)),IF($N29=0,IF(ISERROR(VLOOKUP($P29,'M1'!$A:$C,Q$2,FALSE)),IF(ISERROR(VLOOKUP(DATA!$P29,'M2'!$A:$C,Q$2,FALSE)),"NOT PRESENT",VLOOKUP(DATA!$P29,'M2'!$A:$C,Q$2,FALSE)),VLOOKUP($P29,'M1'!$A:$C,Q$2,FALSE)),"SPECIFY METHOD"))) -> Ophiodon elongatus | R29: =IF($N29=1,IF(ISERROR(VLOOKUP($P29,'M1'!$A:$C,R$2,FALSE)),"NOT PRESENT",VLOOKUP($P29,'M1'!$A:$C,R$2,FALSE)),IF($N29=2,IF(ISERROR(VLOOKUP(DATA!$P29,'M2'!$A:$C,R$2,FALSE)),"NOT PRESENT",VLOOKUP(DATA!$P29,'M2'!$A:$C,R$2,FALSE)),IF($N29=0,IF(ISERROR(VLOOKUP($P29,'M1'!$A:$C,R$2,FALSE)),IF(ISERROR(VLOOKUP(DATA!$P29,'M2'!$A:$C,R$2,FALSE)),"NOT PRESENT",VLOOKUP(DATA!$P29,'M2'!$A:$C,R$2,FALSE)),VLOOKUP($P29,'M1'!$A:$C,R$2,FALSE)),"SPECIFY METHOD"))) -> Lingcod | S29: =SUM(T29:AV29) -> 2 | T29: 0 | AE29: 1 | AF29: 1
A30: =MAX($A$1:$A29)+1 -> 28 | B30: =IF(ISERROR(B29),IF(ISERROR(B28),IF(ISERROR(B27),"BLANK",B27),B28),B29) -> Em Lim | C30: =IF(ISERROR(C29),IF(ISERROR(C28),IF(ISERROR(C27),"BLANK",C27),C28),C29) -> Isabelle Côté | D30: =IF(ISERROR(D29),IF(ISERROR(D28),IF(ISERROR(D27),"BLANK",D27),D28),D29) -> BMSC6 | E30: =IF(ISERROR(VLOOKUP($D30,SITES!$A:$E,2,FALSE)),"",VLOOKUP($D30,SITES!$A:$E,2,FALSE)) -> Baeria Rocks South Island | F30: =IF(ISERROR(VLOOKUP($D30,SITES!$A:$E,3,FALSE)),"",VLOOKUP($D30,SITES!$A:$E,3,FALSE)) -> 48.950233 | G30: =IF(ISERROR(VLOOKUP($D30,SITES!$A:$E,4,FALSE)),"",VLOOKUP($D30,SITES!$A:$E,4,FALSE)) -> -125.15555 | H30: =IF(ISERROR(H29),IF(ISERROR(H28),IF(ISERROR(H27),"BLANK",H27),H28),H29) -> 22/04/2024 | I30: =IF(ISERROR(I29),IF(ISERROR(I28),IF(ISERROR(I27),"BLANK",I27),I28),I29) -> 1.5 | J30: =IF(ISERROR(J29),IF(ISERROR(J28),IF(ISERROR(J27),"BLANK",J27),J28),J29) -> SW | K30: =IF(ISERROR(K29),IF(ISERROR(K28),IF(ISERROR(K27),"BLANK",K27),K28),K29) -> 0.53125 | L30: =IF(ISERROR(L29),IF(ISERROR(L28),IF(ISERROR(L27),"BLANK",L27),L28),L29) -> EGL | M30: =IF(ISERROR(M29),IF(ISERROR(M28),IF(ISERROR(M27),"BLANK",M27),M28),M29) -> 11 | N30: =IF(ISERROR(N29),IF(ISERROR(N28),IF(ISERROR(N27),"BLANK",N27),N28),N29) -> 1 | O30: =IF(ISERROR(O29),IF(ISERROR(O28),IF(ISERROR(O27),"BLANK",O27),O28),O29) -> 2 | P30: aoc | Q30: =IF($N30=1,IF(ISERROR(VLOOKUP($P30,'M1'!$A:$C,Q$2,FALSE)),"NOT PRESENT",VLOOKUP($P30,'M1'!$A:$C,Q$2,FALSE)),IF($N30=2,IF(ISERROR(VLOOKUP(DATA!$P30,'M2'!$A:$C,Q$2,FALSE)),"NOT PRESENT",VLOOKUP(DATA!$P30,'M2'!$A:$C,Q$2,FALSE)),IF($N30=0,IF(ISERROR(VLOOKUP($P30,'M1'!$A:$C,Q$2,FALSE)),IF(ISERROR(VLOOKUP(DATA!$P30,'M2'!$A:$C,Q$2,FALSE)),"NOT PRESENT",VLOOKUP(DATA!$P30,'M2'!$A:$C,Q$2,FALSE)),VLOOKUP($P30,'M1'!$A:$C,Q$2,FALSE)),"SPECIFY METHOD"))) -> Anarrhichthys ocellatus | R30: =IF($N30=1,IF(ISERROR(VLOOKUP($P30,'M1'!$A:$C,R$2,FALSE)),"NOT PRESENT",VLOOKUP($P30,'M1'!$A:$C,R$2,FALSE)),IF($N30=2,IF(ISERROR(VLOOKUP(DATA!$P30,'M2'!$A:$C,R$2,FALSE)),"NOT PRESENT",VLOOKUP(DATA!$P30,'M2'!$A:$C,R$2,FALSE)),IF($N30=0,IF(ISERROR(VLOOKUP($P30,'M1'!$A:$C,R$2,FALSE)),IF(ISERROR(VLOOKUP(DATA!$P30,'M2'!$A:$C,R$2,FALSE)),"NOT PRESENT",VLOOKUP(DATA!$P30,'M2'!$A:$C,R$2,FALSE)),VLOOKUP($P30,'M1'!$A:$C,R$2,FALSE)),"SPECIFY METHOD"))) -> Wolf-eel | S30: =SUM(T30:AV30) -> 2 | T30: 0 | AH30: 1 | AN30: 1
A31: =MAX($A$1:$A30)+1 -> 29 | B31: =IF(ISERROR(B30),IF(ISERROR(B29),IF(ISERROR(B28),"BLANK",B28),B29),B30) -> Em Lim | C31: =IF(ISERROR(C30),IF(ISERROR(C29),IF(ISERROR(C28),"BLANK",C28),C29),C30) -> Isabelle Côté | D31: =IF(ISERROR(D30),IF(ISERROR(D29),IF(ISERROR(D28),"BLANK",D28),D29),D30) -> BMSC6 | E31: =IF(ISERROR(VLOOKUP($D31,SITES!$A:$E,2,FALSE)),"",VLOOKUP($D31,SITES!$A:$E,2,FALSE)) -> Baeria Rocks South Island | F31: =IF(ISERROR(VLOOKUP($D31,SITES!$A:$E,3,FALSE)),"",VLOOKUP($D31,SITES!$A:$E,3,FALSE)) -> 48.950233 | G31: =IF(ISERROR(VLOOKUP($D31,SITES!$A:$E,4,FALSE)),"",VLOOKUP($D31,SITES!$A:$E,4,FALSE)) -> -125.15555 | H31: =IF(ISERROR(H30),IF(ISERROR(H29),IF(ISERROR(H28),"BLANK",H28),H29),H30) -> 22/04/2024 | I31: =IF(ISERROR(I30),IF(ISERROR(I29),IF(ISERROR(I28),"BLANK",I28),I29),I30) -> 1.5 | J31: =IF(ISERROR(J30),IF(ISERROR(J29),IF(ISERROR(J28),"BLANK",J28),J29),J30) -> SW | K31: =IF(ISERROR(K30),IF(ISERROR(K29),IF(ISERROR(K28),"BLANK",K28),K29),K30) -> 0.53125 | L31: =IF(ISERROR(L30),IF(ISERROR(L29),IF(ISERROR(L28),"BLANK",L28),L29),L30) -> EGL | M31: =IF(ISERROR(M30),IF(ISERROR(M29),IF(ISERROR(M28),"BLANK",M28),M29),M30) -> 11 | N31: =IF(ISERROR(N30),IF(ISERROR(N29),IF(ISERROR(N28),"BLANK",N28),N29),N30) -> 1 | O31: =IF(ISERROR(O30),IF(ISERROR(O29),IF(ISERROR(O28),"BLANK",O28),O29),O30) -> 2 | P31: hde | Q31: =IF($N31=1,IF(ISERROR(VLOOKUP($P31,'M1'!$A:$C,Q$2,FALSE)),"NOT PRESENT",VLOOKUP($P31,'M1'!$A:$C,Q$2,FALSE)),IF($N31=2,IF(ISERROR(VLOOKUP(DATA!$P31,'M2'!$A:$C,Q$2,FALSE)),"NOT PRESENT",VLOOKUP(DATA!$P31,'M2'!$A:$C,Q$2,FALSE)),IF($N31=0,IF(ISERROR(VLOOKUP($P31,'M1'!$A:$C,Q$2,FALSE)),IF(ISERROR(VLOOKUP(DATA!$P31,'M2'!$A:$C,Q$2,FALSE)),"NOT PRESENT",VLOOKUP(DATA!$P31,'M2'!$A:$C,Q$2,FALSE)),VLOOKUP($P31,'M1'!$A:$C,Q$2,FALSE)),"SPECIFY METHOD"))) -> Hexagrammos decagrammus | R31: =IF($N31=1,IF(ISERROR(VLOOKUP($P31,'M1'!$A:$C,R$2,FALSE)),"NOT PRESENT",VLOOKUP($P31,'M1'!$A:$C,R$2,FALSE)),IF($N31=2,IF(ISERROR(VLOOKUP(DATA!$P31,'M2'!$A:$C,R$2,FALSE)),"NOT PRESENT",VLOOKUP(DATA!$P31,'M2'!$A:$C,R$2,FALSE)),IF($N31=0,IF(ISERROR(VLOOKUP($P31,'M1'!$A:$C,R$2,FALSE)),IF(ISERROR(VLOOKUP(DATA!$P31,'M2'!$A:$C,R$2,FALSE)),"NOT PRESENT",VLOOKUP(DATA!$P31,'M2'!$A:$C,R$2,FALSE)),VLOOKUP($P31,'M1'!$A:$C,R$2,FALSE)),"SPECIFY METHOD"))) -> Kelp greenling | S31: =SUM(T31:AV31) -> 1 | T31: 0 | AE31: 1
A32: =MAX($A$1:$A31)+1 -> 30 | B32: =IF(ISERROR(B31),IF(ISERROR(B30),IF(ISERROR(B29),"BLANK",B29),B30),B31) -> Em Lim | C32: =IF(ISERROR(C31),IF(ISERROR(C30),IF(ISERROR(C29),"BLANK",C29),C30),C31) -> Isabelle Côté | D32: =IF(ISERROR(D31),IF(ISERROR(D30),IF(ISERROR(D29),"BLANK",D29),D30),D31) -> BMSC6 | E32: =IF(ISERROR(VLOOKUP($D32,SITES!$A:$E,2,FALSE)),"",VLOOKUP($D32,SITES!$A:$E,2,FALSE)) -> Baeria Rocks South Island | F32: =IF(ISERROR(VLOOKUP($D32,SITES!$A:$E,3,FALSE)),"",VLOOKUP($D32,SITES!$A:$E,3,FALSE)) -> 48.950233 | G32: =IF(ISERROR(VLOOKUP($D32,SITES!$A:$E,4,FALSE)),"",VLOOKUP($D32,SITES!$A:$E,4,FALSE)) -> -125.15555 | H32: =IF(ISERROR(H31),IF(ISERROR(H30),IF(ISERROR(H29),"BLANK",H29),H30),H31) -> 22/04/2024 | I32: =IF(ISERROR(I31),IF(ISERROR(I30),IF(ISERROR(I29),"BLANK",I29),I30),I31) -> 1.5 | J32: =IF(ISERROR(J31),IF(ISERROR(J30),IF(ISERROR(J29),"BLANK",J29),J30),J31) -> SW | K32: =IF(ISERROR(K31),IF(ISERROR(K30),IF(ISERROR(K29),"BLANK",K29),K30),K31) -> 0.53125 | L32: =IF(ISERROR(L31),IF(ISERROR(L30),IF(ISERROR(L29),"BLANK",L29),L30),L31) -> EGL | M32: =IF(ISERROR(M31),IF(ISERROR(M30),IF(ISERROR(M29),"BLANK",M29),M30),M31) -> 11 | N32: =IF(ISERROR(N31),IF(ISERROR(N30),IF(ISERROR(N29),"BLANK",N29),N30),N31) -> 1 | O32: =IF(ISERROR(O31),IF(ISERROR(O30),IF(ISERROR(O29),"BLANK",O29),O30),O31) -> 2 | P32: sma | Q32: =IF($N32=1,IF(ISERROR(VLOOKUP($P32,'M1'!$A:$C,Q$2,FALSE)),"NOT PRESENT",VLOOKUP($P32,'M1'!$A:$C,Q$2,FALSE)),IF($N32=2,IF(ISERROR(VLOOKUP(DATA!$P32,'M2'!$A:$C,Q$2,FALSE)),"NOT PRESENT",VLOOKUP(DATA!$P32,'M2'!$A:$C,Q$2,FALSE)),IF($N32=0,IF(ISERROR(VLOOKUP($P32,'M1'!$A:$C,Q$2,FALSE)),IF(ISERROR(VLOOKUP(DATA!$P32,'M2'!$A:$C,Q$2,FALSE)),"NOT PRESENT",VLOOKUP(DATA!$P32,'M2'!$A:$C,Q$2,FALSE)),VLOOKUP($P32,'M1'!$A:$C,Q$2,FALSE)),"SPECIFY METHOD"))) -> Sebastes maliger | R32: =IF($N32=1,IF(ISERROR(VLOOKUP($P32,'M1'!$A:$C,R$2,FALSE)),"NOT PRESENT",VLOOKUP($P32,'M1'!$A:$C,R$2,FALSE)),IF($N32=2,IF(ISERROR(VLOOKUP(DATA!$P32,'M2'!$A:$C,R$2,FALSE)),"NOT PRESENT",VLOOKUP(DATA!$P32,'M2'!$A:$C,R$2,FALSE)),IF($N32=0,IF(ISERROR(VLOOKUP($P32,'M1'!$A:$C,R$2,FALSE)),IF(ISERROR(VLOOKUP(DATA!$P32,'M2'!$A:$C,R$2,FALSE)),"NOT PRESENT",VLOOKUP(DATA!$P32,'M2'!$A:$C,R$2,FALSE)),VLOOKUP($P32,'M1'!$A:$C,R$2,FALSE)),"SPECIFY METHOD"))) -> Quillback rockfish | S32: =SUM(T32:AV32) -> 2 | T32: 0 | AB32: 1 | AC32: 1
A33: =MAX($A$1:$A32)+1 -> 31 | B33: =IF(ISERROR(B32),IF(ISERROR(B31),IF(ISERROR(B30),"BLANK",B30),B31),B32) -> Em Lim | C33: =IF(ISERROR(C32),IF(ISERROR(C31),IF(ISERROR(C30),"BLANK",C30),C31),C32) -> Isabelle Côté | D33: =IF(ISERROR(D32),IF(ISERROR(D31),IF(ISERROR(D30),"BLANK",D30),D31),D32) -> BMSC6 | E33: =IF(ISERROR(VLOOKUP($D33,SITES!$A:$E,2,FALSE)),"",VLOOKUP($D33,SITES!$A:$E,2,FALSE)) -> Baeria Rocks South Island | F33: =IF(ISERROR(VLOOKUP($D33,SITES!$A:$E,3,FALSE)),"",VLOOKUP($D33,SITES!$A:$E,3,FALSE)) -> 48.950233 | G33: =IF(ISERROR(VLOOKUP($D33,SITES!$A:$E,4,FALSE)),"",VLOOKUP($D33,SITES!$A:$E,4,FALSE)) -> -125.15555 | H33: =IF(ISERROR(H32),IF(ISERROR(H31),IF(ISERROR(H30),"BLANK",H30),H31),H32) -> 22/04/2024 | I33: =IF(ISERROR(I32),IF(ISERROR(I31),IF(ISERROR(I30),"BLANK",I30),I31),I32) -> 1.5 | J33: =IF(ISERROR(J32),IF(ISERROR(J31),IF(ISERROR(J30),"BLANK",J30),J31),J32) -> SW | K33: =IF(ISERROR(K32),IF(ISERROR(K31),IF(ISERROR(K30),"BLANK",K30),K31),K32) -> 0.53125 | L33: =IF(ISERROR(L32),IF(ISERROR(L31),IF(ISERROR(L30),"BLANK",L30),L31),L32) -> EGL | M33: =IF(ISERROR(M32),IF(ISERROR(M31),IF(ISERROR(M30),"BLANK",M30),M31),M32) -> 11 | N33: =IF(ISERROR(N32),IF(ISERROR(N31),IF(ISERROR(N30),"BLANK",N30),N31),N32) -> 1 | O33: =IF(ISERROR(O32),IF(ISERROR(O31),IF(ISERROR(O30),"BLANK",O30),O31),O32) -> 2 | P33: ela | Q33: =IF($N33=1,IF(ISERROR(VLOOKUP($P33,'M1'!$A:$C,Q$2,FALSE)),"NOT PRESENT",VLOOKUP($P33,'M1'!$A:$C,Q$2,FALSE)),IF($N33=2,IF(ISERROR(VLOOKUP(DATA!$P33,'M2'!$A:$C,Q$2,FALSE)),"NOT PRESENT",VLOOKUP(DATA!$P33,'M2'!$A:$C,Q$2,FALSE)),IF($N33=0,IF(ISERROR(VLOOKUP($P33,'M1'!$A:$C,Q$2,FALSE)),IF(ISERROR(VLOOKUP(DATA!$P33,'M2'!$A:$C,Q$2,FALSE)),"NOT PRESENT",VLOOKUP(DATA!$P33,'M2'!$A:$C,Q$2,FALSE)),VLOOKUP($P33,'M1'!$A:$C,Q$2,FALSE)),"SPECIFY METHOD"))) -> Embiotoca lateralis | R33: =IF($N33=1,IF(ISERROR(VLOOKUP($P33,'M1'!$A:$C,R$2,FALSE)),"NOT PRESENT",VLOOKUP($P33,'M1'!$A:$C,R$2,FALSE)),IF($N33=2,IF(ISERROR(VLOOKUP(DATA!$P33,'M2'!$A:$C,R$2,FALSE)),"NOT PRESENT",VLOOKUP(DATA!$P33,'M2'!$A:$C,R$2,FALSE)),IF($N33=0,IF(ISERROR(VLOOKUP($P33,'M1'!$A:$C,R$2,FALSE)),IF(ISERROR(VLOOKUP(DATA!$P33,'M2'!$A:$C,R$2,FALSE)),"NOT PRESENT",VLOOKUP(DATA!$P33,'M2'!$A:$C,R$2,FALSE)),VLOOKUP($P33,'M1'!$A:$C,R$2,FALSE)),"SPECIFY METHOD"))) -> Striped seaperch | S33: =SUM(T33:AV33) -> 1 | T33: 0 | Z33: 1
A34: =MAX($A$1:$A33)+1 -> 32 | B34: =IF(ISERROR(B32),IF(ISERROR(B31),IF(ISERROR(B30),"BLANK",B30),B31),B32) -> Em Lim | C34: =IF(ISERROR(C32),IF(ISERROR(C31),IF(ISERROR(C30),"BLANK",C30),C31),C32) -> Isabelle Côté | D34: =IF(ISERROR(D32),IF(ISERROR(D31),IF(ISERROR(D30),"BLANK",D30),D31),D32) -> BMSC6 | E34: =IF(ISERROR(VLOOKUP($D34,SITES!$A:$E,2,FALSE)),"",VLOOKUP($D34,SITES!$A:$E,2,FALSE)) -> Baeria Rocks South Island | F34: =IF(ISERROR(VLOOKUP($D34,SITES!$A:$E,3,FALSE)),"",VLOOKUP($D34,SITES!$A:$E,3,FALSE)) -> 48.950233 | G34: =IF(ISERROR(VLOOKUP($D34,SITES!$A:$E,4,FALSE)),"",VLOOKUP($D34,SITES!$A:$E,4,FALSE)) -> -125.15555 | H34: =IF(ISERROR(H32),IF(ISERROR(H31),IF(ISERROR(H30),"BLANK",H30),H31),H32) -> 22/04/2024 | I34: =IF(ISERROR(I32),IF(ISERROR(I31),IF(ISERROR(I30),"BLANK",I30),I31),I32) -> 1.5 | J34: =IF(ISERROR(J32),IF(ISERROR(J31),IF(ISERROR(J30),"BLANK",J30),J31),J32) -> SW | K34: =IF(ISERROR(K32),IF(ISERROR(K31),IF(ISERROR(K30),"BLANK",K30),K31),K32) -> 0.53125 | L34: =IF(ISERROR(L32),IF(ISERROR(L31),IF(ISERROR(L30),"BLANK",L30),L31),L32) -> EGL | M34: =IF(ISERROR(M32),IF(ISERROR(M31),IF(ISERROR(M30),"BLANK",M30),M31),M32) -> 11 | N34: 2 | O34: =IF(ISERROR(O32),IF(ISERROR(O31),IF(ISERROR(O30),"BLANK",O30),O31),O32) -> 2 | P34: mfra | Q34: =IF($N34=1,IF(ISERROR(VLOOKUP($P34,'M1'!$A:$C,Q$2,FALSE)),"NOT PRESENT",VLOOKUP($P34,'M1'!$A:$C,Q$2,FALSE)),IF($N34=2,IF(ISERROR(VLOOKUP(DATA!$P34,'M2'!$A:$C,Q$2,FALSE)),"NOT PRESENT",VLOOKUP(DATA!$P34,'M2'!$A:$C,Q$2,FALSE)),IF($N34=0,IF(ISERROR(VLOOKUP($P34,'M1'!$A:$C,Q$2,FALSE)),IF(ISERROR(VLOOKUP(DATA!$P34,'M2'!$A:$C,Q$2,FALSE)),"NOT PRESENT",VLOOKUP(DATA!$P34,'M2'!$A:$C,Q$2,FALSE)),VLOOKUP($P34,'M1'!$A:$C,Q$2,FALSE)),"SPECIFY METHOD"))) -> Mesocentrotus franciscanus | R34: =IF($N34=1,IF(ISERROR(VLOOKUP($P34,'M1'!$A:$C,R$2,FALSE)),"NOT PRESENT",VLOOKUP($P34,'M1'!$A:$C,R$2,FALSE)),IF($N34=2,IF(ISERROR(VLOOKUP(DATA!$P34,'M2'!$A:$C,R$2,FALSE)),"NOT PRESENT",VLOOKUP(DATA!$P34,'M2'!$A:$C,R$2,FALSE)),IF($N34=0,IF(ISERROR(VLOOKUP($P34,'M1'!$A:$C,R$2,FALSE)),IF(ISERROR(VLOOKUP(DATA!$P34,'M2'!$A:$C,R$2,FALSE)),"NOT PRESENT",VLOOKUP(DATA!$P34,'M2'!$A:$C,R$2,FALSE)),VLOOKUP($P34,'M1'!$A:$C,R$2,FALSE)),"SPECIFY METHOD"))) -> Red sea urchin | S34: =SUM(T34:AV34) -> 181 | T34: 181
A35: =MAX($A$1:$A34)+1 -> 33 | B35: =IF(ISERROR(B33),IF(ISERROR(B32),IF(ISERROR(B31),"BLANK",B31),B32),B33) -> Em Lim | C35: =IF(ISERROR(C33),IF(ISERROR(C32),IF(ISERROR(C31),"BLANK",C31),C32),C33) -> Isabelle Côté | D35: =IF(ISERROR(D33),IF(ISERROR(D32),IF(ISERROR(D31),"BLANK",D31),D32),D33) -> BMSC6 | E35: =IF(ISERROR(VLOOKUP($D35,SITES!$A:$E,2,FALSE)),"",VLOOKUP($D35,SITES!$A:$E,2,FALSE)) -> Baeria Rocks South Island | F35: =IF(ISERROR(VLOOKUP($D35,SITES!$A:$E,3,FALSE)),"",VLOOKUP($D35,SITES!$A:$E,3,FALSE)) -> 48.950233 | G35: =IF(ISERROR(VLOOKUP($D35,SITES!$A:$E,4,FALSE)),"",VLOOKUP($D35,SITES!$A:$E,4,FALSE)) -> -125.15555 | H35: =IF(ISERROR(H33),IF(ISERROR(H32),IF(ISERROR(H31),"BLANK",H31),H32),H33) -> 22/04/2024 | I35: =IF(ISERROR(I33),IF(ISERROR(I32),IF(ISERROR(I31),"BLANK",I31),I32),I33) -> 1.5 | J35: =IF(ISERROR(J33),IF(ISERROR(J32),IF(ISERROR(J31),"BLANK",J31),J32),J33) -> SW | K35: =IF(ISERROR(K33),IF(ISERROR(K32),IF(ISERROR(K31),"BLANK",K31),K32),K33) -> 0.53125 | L35: =IF(ISERROR(L33),IF(ISERROR(L32),IF(ISERROR(L31),"BLANK",L31),L32),L33) -> EGL | M35: =IF(ISERROR(M33),IF(ISERROR(M32),IF(ISERROR(M31),"BLANK",M31),M32),M33) -> 11 | N35: 2 | O35: =IF(ISERROR(O33),IF(ISERROR(O32),IF(ISERROR(O31),"BLANK",O31),O32),O33) -> 2 | P35: aca | Q35: =IF($N35=1,IF(ISERROR(VLOOKUP($P35,'M1'!$A:$C,Q$2,FALSE)),"NOT PRESENT",VLOOKUP($P35,'M1'!$A:$C,Q$2,FALSE)),IF($N35=2,IF(ISERROR(VLOOKUP(DATA!$P35,'M2'!$A:$C,Q$2,FALSE)),"NOT PRESENT",VLOOKUP(DATA!$P35,'M2'!$A:$C,Q$2,FALSE)),IF($N35=0,IF(ISERROR(VLOOKUP($P35,'M1'!$A:$C,Q$2,FALSE)),IF(ISERROR(VLOOKUP(DATA!$P35,'M2'!$A:$C,Q$2,FALSE)),"NOT PRESENT",VLOOKUP(DATA!$P35,'M2'!$A:$C,Q$2,FALSE)),VLOOKUP($P35,'M1'!$A:$C,Q$2,FALSE)),"SPECIFY METHOD"))) -> Apostichopus californicus | R35: =IF($N35=1,IF(ISERROR(VLOOKUP($P35,'M1'!$A:$C,R$2,FALSE)),"NOT PRESENT",VLOOKUP($P35,'M1'!$A:$C,R$2,FALSE)),IF($N35=2,IF(ISERROR(VLOOKUP(DATA!$P35,'M2'!$A:$C,R$2,FALSE)),"NOT PRESENT",VLOOKUP(DATA!$P35,'M2'!$A:$C,R$2,FALSE)),IF($N35=0,IF(ISERROR(VLOOKUP($P35,'M1'!$A:$C,R$2,FALSE)),IF(ISERROR(VLOOKUP(DATA!$P35,'M2'!$A:$C,R$2,FALSE)),"NOT PRESENT",VLOOKUP(DATA!$P35,'M2'!$A:$C,R$2,FALSE)),VLOOKUP($P35,'M1'!$A:$C,R$2,FALSE)),"SPECIFY METHOD"))) -> California sea cucumber | S35: =SUM(T35:AV35) -> 14 | T35: 14
A36: =MAX($A$1:$A35)+1 -> 34 | B36: =IF(ISERROR(B35),IF(ISERROR(B33),IF(ISERROR(B32),"BLANK",B32),B33),B35) -> Em Lim | C36: =IF(ISERROR(C35),IF(ISERROR(C33),IF(ISERROR(C32),"BLANK",C32),C33),C35) -> Isabelle Côté | D36: =IF(ISERROR(D35),IF(ISERROR(D33),IF(ISERROR(D32),"BLANK",D32),D33),D35) -> BMSC6 | E36: =IF(ISERROR(VLOOKUP($D36,SITES!$A:$E,2,FALSE)),"",VLOOKUP($D36,SITES!$A:$E,2,FALSE)) -> Baeria Rocks South Island | F36: =IF(ISERROR(VLOOKUP($D36,SITES!$A:$E,3,FALSE)),"",VLOOKUP($D36,SITES!$A:$E,3,FALSE)) -> 48.950233 | G36: =IF(ISERROR(VLOOKUP($D36,SITES!$A:$E,4,FALSE)),"",VLOOKUP($D36,SITES!$A:$E,4,FALSE)) -> -125.15555 | H36: =IF(ISERROR(H35),IF(ISERROR(H33),IF(ISERROR(H32),"BLANK",H32),H33),H35) -> 22/04/2024 | I36: =IF(ISERROR(I35),IF(ISERROR(I33),IF(ISERROR(I32),"BLANK",I32),I33),I35) -> 1.5 | J36: =IF(ISERROR(J35),IF(ISERROR(J33),IF(ISERROR(J32),"BLANK",J32),J33),J35) -> SW | K36: =IF(ISERROR(K35),IF(ISERROR(K33),IF(ISERROR(K32),"BLANK",K32),K33),K35) -> 0.53125 | L36: =IF(ISERROR(L35),IF(ISERROR(L33),IF(ISERROR(L32),"BLANK",L32),L33),L35) -> EGL | M36: =IF(ISERROR(M35),IF(ISERROR(M33),IF(ISERROR(M32),"BLANK",M32),M33),M35) -> 11 | N36: =IF(ISERROR(N35),IF(ISERROR(N33),IF(ISERROR(N32),"BLANK",N32),N33),N35) -> 2 | O36: =IF(ISERROR(O35),IF(ISERROR(O33),IF(ISERROR(O32),"BLANK",O32),O33),O35) -> 2 | P36: rni | Q36: =IF($N36=1,IF(ISERROR(VLOOKUP($P36,'M1'!$A:$C,Q$2,FALSE)),"NOT PRESENT",VLOOKUP($P36,'M1'!$A:$C,Q$2,FALSE)),IF($N36=2,IF(ISERROR(VLOOKUP(DATA!$P36,'M2'!$A:$C,Q$2,FALSE)),"NOT PRESENT",VLOOKUP(DATA!$P36,'M2'!$A:$C,Q$2,FALSE)),IF($N36=0,IF(ISERROR(VLOOKUP($P36,'M1'!$A:$C,Q$2,FALSE)),IF(ISERROR(VLOOKUP(DATA!$P36,'M2'!$A:$C,Q$2,FALSE)),"NOT PRESENT",VLOOKUP(DATA!$P36,'M2'!$A:$C,Q$2,FALSE)),VLOOKUP($P36,'M1'!$A:$C,Q$2,FALSE)),"SPECIFY METHOD"))) -> Rhinogobiops nicholsii | R36: =IF($N36=1,IF(ISERROR(VLOOKUP($P36,'M1'!$A:$C,R$2,FALSE)),"NOT PRESENT",VLOOKUP($P36,'M1'!$A:$C,R$2,FALSE)),IF($N36=2,IF(ISERROR(VLOOKUP(DATA!$P36,'M2'!$A:$C,R$2,FALSE)),"NOT PRESENT",VLOOKUP(DATA!$P36,'M2'!$A:$C,R$2,FALSE)),IF($N36=0,IF(ISERROR(VLOOKUP($P36,'M1'!$A:$C,R$2,FALSE)),IF(ISERROR(VLOOKUP(DATA!$P36,'M2'!$A:$C,R$2,FALSE)),"NOT PRESENT",VLOOKUP(DATA!$P36,'M2'!$A:$C,R$2,FALSE)),VLOOKUP($P36,'M1'!$A:$C,R$2,FALSE)),"SPECIFY METHOD"))) -> Blackeye goby | S36: =SUM(T36:AV36) -> 9 | T36: 0 | U36: 1 | V36: 7 | W36: 1
A37: =MAX($A$1:$A36)+1 -> 35 | B37: =IF(ISERROR(B36),IF(ISERROR(B35),IF(ISERROR(B33),"BLANK",B33),B35),B36) -> Em Lim | C37: =IF(ISERROR(C36),IF(ISERROR(C35),IF(ISERROR(C33),"BLANK",C33),C35),C36) -> Isabelle Côté | D37: =IF(ISERROR(D36),IF(ISERROR(D35),IF(ISERROR(D33),"BLANK",D33),D35),D36) -> BMSC6 | E37: =IF(ISERROR(VLOOKUP($D37,SITES!$A:$E,2,FALSE)),"",VLOOKUP($D37,SITES!$A:$E,2,FALSE)) -> Baeria Rocks South Island | F37: =IF(ISERROR(VLOOKUP($D37,SITES!$A:$E,3,FALSE)),"",VLOOKUP($D37,SITES!$A:$E,3,FALSE)) -> 48.950233 | G37: =IF(ISERROR(VLOOKUP($D37,SITES!$A:$E,4,FALSE)),"",VLOOKUP($D37,SITES!$A:$E,4,FALSE)) -> -125.15555 | H37: =IF(ISERROR(H36),IF(ISERROR(H35),IF(ISERROR(H33),"BLANK",H33),H35),H36) -> 22/04/2024 | I37: =IF(ISERROR(I36),IF(ISERROR(I35),IF(ISERROR(I33),"BLANK",I33),I35),I36) -> 1.5 | J37: =IF(ISERROR(J36),IF(ISERROR(J35),IF(ISERROR(J33),"BLANK",J33),J35),J36) -> SW | K37: =IF(ISERROR(K36),IF(ISERROR(K35),IF(ISERROR(K33),"BLANK",K33),K35),K36) -> 0.53125 | L37: =IF(ISERROR(L36),IF(ISERROR(L35),IF(ISERROR(L33),"BLANK",L33),L35),L36) -> EGL | M37: =IF(ISERROR(M36),IF(ISERROR(M35),IF(ISERROR(M33),"BLANK",M33),M35),M36) -> 11 | N37: =IF(ISERROR(N36),IF(ISERROR(N35),IF(ISERROR(N33),"BLANK",N33),N35),N36) -> 2 | O37: =IF(ISERROR(O36),IF(ISERROR(O35),IF(ISERROR(O33),"BLANK",O33),O35),O36) -> 2 | P37: hka | Q37: =IF($N37=1,IF(ISERROR(VLOOKUP($P37,'M1'!$A:$C,Q$2,FALSE)),"NOT PRESENT",VLOOKUP($P37,'M1'!$A:$C,Q$2,FALSE)),IF($N37=2,IF(ISERROR(VLOOKUP(DATA!$P37,'M2'!$A:$C,Q$2,FALSE)),"NOT PRESENT",VLOOKUP(DATA!$P37,'M2'!$A:$C,Q$2,FALSE)),IF($N37=0,IF(ISERROR(VLOOKUP($P37,'M1'!$A:$C,Q$2,FALSE)),IF(ISERROR(VLOOKUP(DATA!$P37,'M2'!$A:$C,Q$2,FALSE)),"NOT PRESENT",VLOOKUP(DATA!$P37,'M2'!$A:$C,Q$2,FALSE)),VLOOKUP($P37,'M1'!$A:$C,Q$2,FALSE)),"SPECIFY METHOD"))) -> Haliotis kamtschatkana | R37: =IF($N37=1,IF(ISERROR(VLOOKUP($P37,'M1'!$A:$C,R$2,FALSE)),"NOT PRESENT",VLOOKUP($P37,'M1'!$A:$C,R$2,FALSE)),IF($N37=2,IF(ISERROR(VLOOKUP(DATA!$P37,'M2'!$A:$C,R$2,FALSE)),"NOT PRESENT",VLOOKUP(DATA!$P37,'M2'!$A:$C,R$2,FALSE)),IF($N37=0,IF(ISERROR(VLOOKUP($P37,'M1'!$A:$C,R$2,FALSE)),IF(ISERROR(VLOOKUP(DATA!$P37,'M2'!$A:$C,R$2,FALSE)),"NOT PRESENT",VLOOKUP(DATA!$P37,'M2'!$A:$C,R$2,FALSE)),VLOOKUP($P37,'M1'!$A:$C,R$2,FALSE)),"SPECIFY METHOD"))) -> Pinto abalone | S37: =SUM(T37:AV37) -> 21 | T37: 0 | U37: 15 | V37: 5 | W37: 1
A38: =MAX($A$1:$A37)+1 -> 36 | B38: =IF(ISERROR(B37),IF(ISERROR(B36),IF(ISERROR(B35),"BLANK",B35),B36),B37) -> Em Lim | C38: =IF(ISERROR(C37),IF(ISERROR(C36),IF(ISERROR(C35),"BLANK",C35),C36),C37) -> Isabelle Côté | D38: =IF(ISERROR(D37),IF(ISERROR(D36),IF(ISERROR(D35),"BLANK",D35),D36),D37) -> BMSC6 | E38: =IF(ISERROR(VLOOKUP($D38,SITES!$A:$E,2,FALSE)),"",VLOOKUP($D38,SITES!$A:$E,2,FALSE)) -> Baeria Rocks South Island | F38: =IF(ISERROR(VLOOKUP($D38,SITES!$A:$E,3,FALSE)),"",VLOOKUP($D38,SITES!$A:$E,3,FALSE)) -> 48.950233 | G38: =IF(ISERROR(VLOOKUP($D38,SITES!$A:$E,4,FALSE)),"",VLOOKUP($D38,SITES!$A:$E,4,FALSE)) -> -125.15555 | H38: =IF(ISERROR(H37),IF(ISERROR(H36),IF(ISERROR(H35),"BLANK",H35),H36),H37) -> 22/04/2024 | I38: =IF(ISERROR(I37),IF(ISERROR(I36),IF(ISERROR(I35),"BLANK",I35),I36),I37) -> 1.5 | J38: =IF(ISERROR(J37),IF(ISERROR(J36),IF(ISERROR(J35),"BLANK",J35),J36),J37) -> SW | K38: =IF(ISERROR(K37),IF(ISERROR(K36),IF(ISERROR(K35),"BLANK",K35),K36),K37) -> 0.53125 | L38: =IF(ISERROR(L37),IF(ISERROR(L36),IF(ISERROR(L35),"BLANK",L35),L36),L37) -> EGL | M38: =IF(ISERROR(M37),IF(ISERROR(M36),IF(ISERROR(M35),"BLANK",M35),M36),M37) -> 11 | N38: =IF(ISERROR(N37),IF(ISERROR(N36),IF(ISERROR(N35),"BLANK",N35),N36),N37) -> 2 | O38: =IF(ISERROR(O37),IF(ISERROR(O36),IF(ISERROR(O35),"BLANK",O35),O36),O37) -> 2 | P38: pmi | Q38: =IF($N38=1,IF(ISERROR(VLOOKUP($P38,'M1'!$A:$C,Q$2,FALSE)),"NOT PRESENT",VLOOKUP($P38,'M1'!$A:$C,Q$2,FALSE)),IF($N38=2,IF(ISERROR(VLOOKUP(DATA!$P38,'M2'!$A:$C,Q$2,FALSE)),"NOT PRESENT",VLOOKUP(DATA!$P38,'M2'!$A:$C,Q$2,FALSE)),IF($N38=0,IF(ISERROR(VLOOKUP($P38,'M1'!$A:$C,Q$2,FALSE)),IF(ISERROR(VLOOKUP(DATA!$P38,'M2'!$A:$C,Q$2,FALSE)),"NOT PRESENT",VLOOKUP(DATA!$P38,'M2'!$A:$C,Q$2,FALSE)),VLOOKUP($P38,'M1'!$A:$C,Q$2,FALSE)),"SPECIFY METHOD"))) -> Patiria miniata | R38: =IF($N38=1,IF(ISERROR(VLOOKUP($P38,'M1'!$A:$C,R$2,FALSE)),"NOT PRESENT",VLOOKUP($P38,'M1'!$A:$C,R$2,FALSE)),IF($N38=2,IF(ISERROR(VLOOKUP(DATA!$P38,'M2'!$A:$C,R$2,FALSE)),"NOT PRESENT",VLOOKUP(DATA!$P38,'M2'!$A:$C,R$2,FALSE)),IF($N38=0,IF(ISERROR(VLOOKUP($P38,'M1'!$A:$C,R$2,FALSE)),IF(ISERROR(VLOOKUP(DATA!$P38,'M2'!$A:$C,R$2,FALSE)),"NOT PRESENT",VLOOKUP(DATA!$P38,'M2'!$A:$C,R$2,FALSE)),VLOOKUP($P38,'M1'!$A:$C,R$2,FALSE)),"SPECIFY METHOD"))) -> Bat star | S38: =SUM(T38:AV38) -> 60 | T38: 60
A39: =MAX($A$1:$A38)+1 -> 37 | B39: =IF(ISERROR(B38),IF(ISERROR(B37),IF(ISERROR(B36),"BLANK",B36),B37),B38) -> Em Lim | C39: =IF(ISERROR(C38),IF(ISERROR(C37),IF(ISERROR(C36),"BLANK",C36),C37),C38) -> Isabelle Côté | D39: =IF(ISERROR(D38),IF(ISERROR(D37),IF(ISERROR(D36),"BLANK",D36),D37),D38) -> BMSC6 | E39: =IF(ISERROR(VLOOKUP($D39,SITES!$A:$E,2,FALSE)),"",VLOOKUP($D39,SITES!$A:$E,2,FALSE)) -> Baeria Rocks South Island | F39: =IF(ISERROR(VLOOKUP($D39,SITES!$A:$E,3,FALSE)),"",VLOOKUP($D39,SITES!$A:$E,3,FALSE)) -> 48.950233 | G39: =IF(ISERROR(VLOOKUP($D39,SITES!$A:$E,4,FALSE)),"",VLOOKUP($D39,SITES!$A:$E,4,FALSE)) -> -125.15555 | H39: =IF(ISERROR(H38),IF(ISERROR(H37),IF(ISERROR(H36),"BLANK",H36),H37),H38) -> 22/04/2024 | I39: =IF(ISERROR(I38),IF(ISERROR(I37),IF(ISERROR(I36),"BLANK",I36),I37),I38) -> 1.5 | J39: =IF(ISERROR(J38),IF(ISERROR(J37),IF(ISERROR(J36),"BLANK",J36),J37),J38) -> SW | K39: =IF(ISERROR(K38),IF(ISERROR(K37),IF(ISERROR(K36),"BLANK",K36),K37),K38) -> 0.53125 | L39: =IF(ISERROR(L38),IF(ISERROR(L37),IF(ISERROR(L36),"BLANK",L36),L37),L38) -> EGL | M39: =IF(ISERROR(M38),IF(ISERROR(M37),IF(ISERROR(M36),"BLANK",M36),M37),M38) -> 11 | N39: =IF(ISERROR(N38),IF(ISERROR(N37),IF(ISERROR(N36),"BLANK",N36),N37),N38) -> 2 | O39: =IF(ISERROR(O38),IF(ISERROR(O37),IF(ISERROR(O36),"BLANK",O36),O37),O38) -> 2 | P39: ami | Q39: =IF($N39=1,IF(ISERROR(VLOOKUP($P39,'M1'!$A:$C,Q$2,FALSE)),"NOT PRESENT",VLOOKUP($P39,'M1'!$A:$C,Q$2,FALSE)),IF($N39=2,IF(ISERROR(VLOOKUP(DATA!$P39,'M2'!$A:$C,Q$2,FALSE)),"NOT PRESENT",VLOOKUP(DATA!$P39,'M2'!$A:$C,Q$2,FALSE)),IF($N39=0,IF(ISERROR(VLOOKUP($P39,'M1'!$A:$C,Q$2,FALSE)),IF(ISERROR(VLOOKUP(DATA!$P39,'M2'!$A:$C,Q$2,FALSE)),"NOT PRESENT",VLOOKUP(DATA!$P39,'M2'!$A:$C,Q$2,FALSE)),VLOOKUP($P39,'M1'!$A:$C,Q$2,FALSE)),"SPECIFY METHOD"))) -> Acmaea mitra | R39: =IF($N39=1,IF(ISERROR(VLOOKUP($P39,'M1'!$A:$C,R$2,FALSE)),"NOT PRESENT",VLOOKUP($P39,'M1'!$A:$C,R$2,FALSE)),IF($N39=2,IF(ISERROR(VLOOKUP(DATA!$P39,'M2'!$A:$C,R$2,FALSE)),"NOT PRESENT",VLOOKUP(DATA!$P39,'M2'!$A:$C,R$2,FALSE)),IF($N39=0,IF(ISERROR(VLOOKUP($P39,'M1'!$A:$C,R$2,FALSE)),IF(ISERROR(VLOOKUP(DATA!$P39,'M2'!$A:$C,R$2,FALSE)),"NOT PRESENT",VLOOKUP(DATA!$P39,'M2'!$A:$C,R$2,FALSE)),VLOOKUP($P39,'M1'!$A:$C,R$2,FALSE)),"SPECIFY METHOD"))) -> Whitecap limpet | S39: =SUM(T39:AV39) -> 19 | T39: 19
A40: =MAX($A$1:$A39)+1 -> 38 | B40: =IF(ISERROR(B39),IF(ISERROR(B38),IF(ISERROR(B37),"BLANK",B37),B38),B39) -> Em Lim | C40: =IF(ISERROR(C39),IF(ISERROR(C38),IF(ISERROR(C37),"BLANK",C37),C38),C39) -> Isabelle Côté | D40: =IF(ISERROR(D39),IF(ISERROR(D38),IF(ISERROR(D37),"BLANK",D37),D38),D39) -> BMSC6 | E40: =IF(ISERROR(VLOOKUP($D40,SITES!$A:$E,2,FALSE)),"",VLOOKUP($D40,SITES!$A:$E,2,FALSE)) -> Baeria Rocks South Island | F40: =IF(ISERROR(VLOOKUP($D40,SITES!$A:$E,3,FALSE)),"",VLOOKUP($D40,SITES!$A:$E,3,FALSE)) -> 48.950233 | G40: =IF(ISERROR(VLOOKUP($D40,SITES!$A:$E,4,FALSE)),"",VLOOKUP($D40,SITES!$A:$E,4,FALSE)) -> -125.15555 | H40: =IF(ISERROR(H39),IF(ISERROR(H38),IF(ISERROR(H37),"BLANK",H37),H38),H39) -> 22/04/2024 | I40: =IF(ISERROR(I39),IF(ISERROR(I38),IF(ISERROR(I37),"BLANK",I37),I38),I39) -> 1.5 | J40: =IF(ISERROR(J39),IF(ISERROR(J38),IF(ISERROR(J37),"BLANK",J37),J38),J39) -> SW | K40: =IF(ISERROR(K39),IF(ISERROR(K38),IF(ISERROR(K37),"BLANK",K37),K38),K39) -> 0.53125 | L40: =IF(ISERROR(L39),IF(ISERROR(L38),IF(ISERROR(L37),"BLANK",L37),L38),L39) -> EGL | M40: =IF(ISERROR(M39),IF(ISERROR(M38),IF(ISERROR(M37),"BLANK",M37),M38),M39) -> 11 | N40: =IF(ISERROR(N39),IF(ISERROR(N38),IF(ISERROR(N37),"BLANK",N37),N38),N39) -> 2 | O40: =IF(ISERROR(O39),IF(ISERROR(O38),IF(ISERROR(O37),"BLANK",O37),O38),O39) -> 2 | P40: jzo | Q40: =IF($N40=1,IF(ISERROR(VLOOKUP($P40,'M1'!$A:$C,Q$2,FALSE)),"NOT PRESENT",VLOOKUP($P40,'M1'!$A:$C,Q$2,FALSE)),IF($N40=2,IF(ISERROR(VLOOKUP(DATA!$P40,'M2'!$A:$C,Q$2,FALSE)),"NOT PRESENT",VLOOKUP(DATA!$P40,'M2'!$A:$C,Q$2,FALSE)),IF($N40=0,IF(ISERROR(VLOOKUP($P40,'M1'!$A:$C,Q$2,FALSE)),IF(ISERROR(VLOOKUP(DATA!$P40,'M2'!$A:$C,Q$2,FALSE)),"NOT PRESENT",VLOOKUP(DATA!$P40,'M2'!$A:$C,Q$2,FALSE)),VLOOKUP($P40,'M1'!$A:$C,Q$2,FALSE)),"SPECIFY METHOD"))) -> Jordania zonope | R40: =IF($N40=1,IF(ISERROR(VLOOKUP($P40,'M1'!$A:$C,R$2,FALSE)),"NOT PRESENT",VLOOKUP($P40,'M1'!$A:$C,R$2,FALSE)),IF($N40=2,IF(ISERROR(VLOOKUP(DATA!$P40,'M2'!$A:$C,R$2,FALSE)),"NOT PRESENT",VLOOKUP(DATA!$P40,'M2'!$A:$C,R$2,FALSE)),IF($N40=0,IF(ISERROR(VLOOKUP($P40,'M1'!$A:$C,R$2,FALSE)),IF(ISERROR(VLOOKUP(DATA!$P40,'M2'!$A:$C,R$2,FALSE)),"NOT PRESENT",VLOOKUP(DATA!$P40,'M2'!$A:$C,R$2,FALSE)),VLOOKUP($P40,'M1'!$A:$C,R$2,FALSE)),"SPECIFY METHOD"))) -> Longfin sculpin | S40: =SUM(T40:AV40) -> 4 | T40: 0 | W40: 3 | X40: 1
A41: =MAX($A$1:$A40)+1 -> 39 | B41: =IF(ISERROR(B40),IF(ISERROR(B39),IF(ISERROR(B38),"BLANK",B38),B39),B40) -> Em Lim | C41: =IF(ISERROR(C40),IF(ISERROR(C39),IF(ISERROR(C38),"BLANK",C38),C39),C40) -> Isabelle Côté | D41: =IF(ISERROR(D40),IF(ISERROR(D39),IF(ISERROR(D38),"BLANK",D38),D39),D40) -> BMSC6 | E41: =IF(ISERROR(VLOOKUP($D41,SITES!$A:$E,2,FALSE)),"",VLOOKUP($D41,SITES!$A:$E,2,FALSE)) -> Baeria Rocks South Island | F41: =IF(ISERROR(VLOOKUP($D41,SITES!$A:$E,3,FALSE)),"",VLOOKUP($D41,SITES!$A:$E,3,FALSE)) -> 48.950233 | G41: =IF(ISERROR(VLOOKUP($D41,SITES!$A:$E,4,FALSE)),"",VLOOKUP($D41,SITES!$A:$E,4,FALSE)) -> -125.15555 | H41: =IF(ISERROR(H40),IF(ISERROR(H39),IF(ISERROR(H38),"BLANK",H38),H39),H40) -> 22/04/2024 | I41: =IF(ISERROR(I40),IF(ISERROR(I39),IF(ISERROR(I38),"BLANK",I38),I39),I40) -> 1.5 | J41: =IF(ISERROR(J40),IF(ISERROR(J39),IF(ISERROR(J38),"BLANK",J38),J39),J40) -> SW | K41: =IF(ISERROR(K40),IF(ISERROR(K39),IF(ISERROR(K38),"BLANK",K38),K39),K40) -> 0.53125 | L41: =IF(ISERROR(L40),IF(ISERROR(L39),IF(ISERROR(L38),"BLANK",L38),L39),L40) -> EGL | M41: =IF(ISERROR(M40),IF(ISERROR(M39),IF(ISERROR(M38),"BLANK",M38),M39),M40) -> 11 | N41: =IF(ISERROR(N40),IF(ISERROR(N39),IF(ISERROR(N38),"BLANK",N38),N39),N40) -> 2 | O41: =IF(ISERROR(O40),IF(ISERROR(O39),IF(ISERROR(O38),"BLANK",O38),O39),O40) -> 2 | P41: sac | Q41: =IF($N41=1,IF(ISERROR(VLOOKUP($P41,'M1'!$A:$C,Q$2,FALSE)),"NOT PRESENT",VLOOKUP($P41,'M1'!$A:$C,Q$2,FALSE)),IF($N41=2,IF(ISERROR(VLOOKUP(DATA!$P41,'M2'!$A:$C,Q$2,FALSE)),"NOT PRESENT",VLOOKUP(DATA!$P41,'M2'!$A:$C,Q$2,FALSE)),IF($N41=0,IF(ISERROR(VLOOKUP($P41,'M1'!$A:$C,Q$2,FALSE)),IF(ISERROR(VLOOKUP(DATA!$P41,'M2'!$A:$C,Q$2,FALSE)),"NOT PRESENT",VLOOKUP(DATA!$P41,'M2'!$A:$C,Q$2,FALSE)),VLOOKUP($P41,'M1'!$A:$C,Q$2,FALSE)),"SPECIFY METHOD"))) -> Scyra acutifrons | R41: =IF($N41=1,IF(ISERROR(VLOOKUP($P41,'M1'!$A:$C,R$2,FALSE)),"NOT PRESENT",VLOOKUP($P41,'M1'!$A:$C,R$2,FALSE)),IF($N41=2,IF(ISERROR(VLOOKUP(DATA!$P41,'M2'!$A:$C,R$2,FALSE)),"NOT PRESENT",VLOOKUP(DATA!$P41,'M2'!$A:$C,R$2,FALSE)),IF($N41=0,IF(ISERROR(VLOOKUP($P41,'M1'!$A:$C,R$2,FALSE)),IF(ISERROR(VLOOKUP(DATA!$P41,'M2'!$A:$C,R$2,FALSE)),"NOT PRESENT",VLOOKUP(DATA!$P41,'M2'!$A:$C,R$2,FALSE)),VLOOKUP($P41,'M1'!$A:$C,R$2,FALSE)),"SPECIFY METHOD"))) -> Sharpnose crab | S41: =SUM(T41:AV41) -> 5 | T41: 5
A42: =MAX($A$1:$A41)+1 -> 40 | B42: =IF(ISERROR(B41),IF(ISERROR(B40),IF(ISERROR(B39),"BLANK",B39),B40),B41) -> Em Lim | C42: =IF(ISERROR(C41),IF(ISERROR(C40),IF(ISERROR(C39),"BLANK",C39),C40),C41) -> Isabelle Côté | D42: =IF(ISERROR(D41),IF(ISERROR(D40),IF(ISERROR(D39),"BLANK",D39),D40),D41) -> BMSC6 | E42: =IF(ISERROR(VLOOKUP($D42,SITES!$A:$E,2,FALSE)),"",VLOOKUP($D42,SITES!$A:$E,2,FALSE)) -> Baeria Rocks South Island | F42: =IF(ISERROR(VLOOKUP($D42,SITES!$A:$E,3,FALSE)),"",VLOOKUP($D42,SITES!$A:$E,3,FALSE)) -> 48.950233 | G42: =IF(ISERROR(VLOOKUP($D42,SITES!$A:$E,4,FALSE)),"",VLOOKUP($D42,SITES!$A:$E,4,FALSE)) -> -125.15555 | H42: =IF(ISERROR(H41),IF(ISERROR(H40),IF(ISERROR(H39),"BLANK",H39),H40),H41) -> 22/04/2024 | I42: =IF(ISERROR(I41),IF(ISERROR(I40),IF(ISERROR(I39),"BLANK",I39),I40),I41) -> 1.5 | J42: =IF(ISERROR(J41),IF(ISERROR(J40),IF(ISERROR(J39),"BLANK",J39),J40),J41) -> SW | K42: =IF(ISERROR(K41),IF(ISERROR(K40),IF(ISERROR(K39),"BLANK",K39),K40),K41) -> 0.53125 | L42: =IF(ISERROR(L41),IF(ISERROR(L40),IF(ISERROR(L39),"BLANK",L39),L40),L41) -> EGL | M42: =IF(ISERROR(M41),IF(ISERROR(M40),IF(ISERROR(M39),"BLANK",M39),M40),M41) -> 11 | N42: =IF(ISERROR(N41),IF(ISERROR(N40),IF(ISERROR(N39),"BLANK",N39),N40),N41) -> 2 | O42: =IF(ISERROR(O41),IF(ISERROR(O40),IF(ISERROR(O39),"BLANK",O39),O40),O41) -> 2 | P42: cfo | Q42: =IF($N42=1,IF(ISERROR(VLOOKUP($P42,'M1'!$A:$C,Q$2,FALSE)),"NOT PRESENT",VLOOKUP($P42,'M1'!$A:$C,Q$2,FALSE)),IF($N42=2,IF(ISERROR(VLOOKUP(DATA!$P42,'M2'!$A:$C,Q$2,FALSE)),"NOT PRESENT",VLOOKUP(DATA!$P42,'M2'!$A:$C,Q$2,FALSE)),IF($N42=0,IF(ISERROR(VLOOKUP($P42,'M1'!$A:$C,Q$2,FALSE)),IF(ISERROR(VLOOKUP(DATA!$P42,'M2'!$A:$C,Q$2,FALSE)),"NOT PRESENT",VLOOKUP(DATA!$P42,'M2'!$A:$C,Q$2,FALSE)),VLOOKUP($P42,'M1'!$A:$C,Q$2,FALSE)),"SPECIFY METHOD"))) -> Ceratostoma foliatum | R42: =IF($N42=1,IF(ISERROR(VLOOKUP($P42,'M1'!$A:$C,R$2,FALSE)),"NOT PRESENT",VLOOKUP($P42,'M1'!$A:$C,R$2,FALSE)),IF($N42=2,IF(ISERROR(VLOOKUP(DATA!$P42,'M2'!$A:$C,R$2,FALSE)),"NOT PRESENT",VLOOKUP(DATA!$P42,'M2'!$A:$C,R$2,FALSE)),IF($N42=0,IF(ISERROR(VLOOKUP($P42,'M1'!$A:$C,R$2,FALSE)),IF(ISERROR(VLOOKUP(DATA!$P42,'M2'!$A:$C,R$2,FALSE)),"NOT PRESENT",VLOOKUP(DATA!$P42,'M2'!$A:$C,R$2,FALSE)),VLOOKUP($P42,'M1'!$A:$C,R$2,FALSE)),"SPECIFY METHOD"))) -> Leafy hornmouth | S42: =SUM(T42:AV42) -> 12 | T42: 12
A43: =MAX($A$1:$A42)+1 -> 41 | B43: =IF(ISERROR(B42),IF(ISERROR(B41),IF(ISERROR(B40),"BLANK",B40),B41),B42) -> Em Lim | C43: =IF(ISERROR(C42),IF(ISERROR(C41),IF(ISERROR(C40),"BLANK",C40),C41),C42) -> Isabelle Côté | D43: =IF(ISERROR(D42),IF(ISERROR(D41),IF(ISERROR(D40),"BLANK",D40),D41),D42) -> BMSC6 | E43: =IF(ISERROR(VLOOKUP($D43,SITES!$A:$E,2,FALSE)),"",VLOOKUP($D43,SITES!$A:$E,2,FALSE)) -> Baeria Rocks South Island | F43: =IF(ISERROR(VLOOKUP($D43,SITES!$A:$E,3,FALSE)),"",VLOOKUP($D43,SITES!$A:$E,3,FALSE)) -> 48.950233 | G43: =IF(ISERROR(VLOOKUP($D43,SITES!$A:$E,4,FALSE)),"",VLOOKUP($D43,SITES!$A:$E,4,FALSE)) -> -125.15555 | H43: =IF(ISERROR(H42),IF(ISERROR(H41),IF(ISERROR(H40),"BLANK",H40),H41),H42) -> 22/04/2024 | I43: =IF(ISERROR(I42),IF(ISERROR(I41),IF(ISERROR(I40),"BLANK",I40),I41),I42) -> 1.5 | J43: =IF(ISERROR(J42),IF(ISERROR(J41),IF(ISERROR(J40),"BLANK",J40),J41),J42) -> SW | K43: =IF(ISERROR(K42),IF(ISERROR(K41),IF(ISERROR(K40),"BLANK",K40),K41),K42) -> 0.53125 | L43: =IF(ISERROR(L42),IF(ISERROR(L41),IF(ISERROR(L40),"BLANK",L40),L41),L42) -> EGL | M43: =IF(ISERROR(M42),IF(ISERROR(M41),IF(ISERROR(M40),"BLANK",M40),M41),M42) -> 11 | N43: =IF(ISERROR(N42),IF(ISERROR(N41),IF(ISERROR(N40),"BLANK",N40),N41),N42) -> 2 | O43: =IF(ISERROR(O42),IF(ISERROR(O41),IF(ISERROR(O40),"BLANK",O40),O41),O42) -> 2 | P43: cgi | Q43: =IF($N43=1,IF(ISERROR(VLOOKUP($P43,'M1'!$A:$C,Q$2,FALSE)),"NOT PRESENT",VLOOKUP($P43,'M1'!$A:$C,Q$2,FALSE)),IF($N43=2,IF(ISERROR(VLOOKUP(DATA!$P43,'M2'!$A:$C,Q$2,FALSE)),"NOT PRESENT",VLOOKUP(DATA!$P43,'M2'!$A:$C,Q$2,FALSE)),IF($N43=0,IF(ISERROR(VLOOKUP($P43,'M1'!$A:$C,Q$2,FALSE)),IF(ISERROR(VLOOKUP(DATA!$P43,'M2'!$A:$C,Q$2,FALSE)),"NOT PRESENT",VLOOKUP(DATA!$P43,'M2'!$A:$C,Q$2,FALSE)),VLOOKUP($P43,'M1'!$A:$C,Q$2,FALSE)),"SPECIFY METHOD"))) -> Crassadoma gigantea | R43: =IF($N43=1,IF(ISERROR(VLOOKUP($P43,'M1'!$A:$C,R$2,FALSE)),"NOT PRESENT",VLOOKUP($P43,'M1'!$A:$C,R$2,FALSE)),IF($N43=2,IF(ISERROR(VLOOKUP(DATA!$P43,'M2'!$A:$C,R$2,FALSE)),"NOT PRESENT",VLOOKUP(DATA!$P43,'M2'!$A:$C,R$2,FALSE)),IF($N43=0,IF(ISERROR(VLOOKUP($P43,'M1'!$A:$C,R$2,FALSE)),IF(ISERROR(VLOOKUP(DATA!$P43,'M2'!$A:$C,R$2,FALSE)),"NOT PRESENT",VLOOKUP(DATA!$P43,'M2'!$A:$C,R$2,FALSE)),VLOOKUP($P43,'M1'!$A:$C,R$2,FALSE)),"SPECIFY METHOD"))) -> Purple-hinged rock scallop | S43: =SUM(T43:AV43) -> 3 | T43: 0 | V43: 1 | X43: 1 | Y43: 1
A44: =MAX($A$1:$A43)+1 -> 42 | B44: =IF(ISERROR(B43),IF(ISERROR(B42),IF(ISERROR(B41),"BLANK",B41),B42),B43) -> Em Lim | C44: =IF(ISERROR(C43),IF(ISERROR(C42),IF(ISERROR(C41),"BLANK",C41),C42),C43) -> Isabelle Côté | D44: =IF(ISERROR(D43),IF(ISERROR(D42),IF(ISERROR(D41),"BLANK",D41),D42),D43) -> BMSC6 | E44: =IF(ISERROR(VLOOKUP($D44,SITES!$A:$E,2,FALSE)),"",VLOOKUP($D44,SITES!$A:$E,2,FALSE)) -> Baeria Rocks South Island | F44: =IF(ISERROR(VLOOKUP($D44,SITES!$A:$E,3,FALSE)),"",VLOOKUP($D44,SITES!$A:$E,3,FALSE)) -> 48.950233 | G44: =IF(ISERROR(VLOOKUP($D44,SITES!$A:$E,4,FALSE)),"",VLOOKUP($D44,SITES!$A:$E,4,FALSE)) -> -125.15555 | H44: =IF(ISERROR(H43),IF(ISERROR(H42),IF(ISERROR(H41),"BLANK",H41),H42),H43) -> 22/04/2024 | I44: =IF(ISERROR(I43),IF(ISERROR(I42),IF(ISERROR(I41),"BLANK",I41),I42),I43) -> 1.5 | J44: =IF(ISERROR(J43),IF(ISERROR(J42),IF(ISERROR(J41),"BLANK",J41),J42),J43) -> SW | K44: =IF(ISERROR(K43),IF(ISERROR(K42),IF(ISERROR(K41),"BLANK",K41),K42),K43) -> 0.53125 | L44: =IF(ISERROR(L43),IF(ISERROR(L42),IF(ISERROR(L41),"BLANK",L41),L42),L43) -> EGL | M44: =IF(ISERROR(M43),IF(ISERROR(M42),IF(ISERROR(M41),"BLANK",M41),M42),M43) -> 11 | N44: =IF(ISERROR(N43),IF(ISERROR(N42),IF(ISERROR(N41),"BLANK",N41),N42),N43) -> 2 | O44: =IF(ISERROR(O43),IF(ISERROR(O42),IF(ISERROR(O41),"BLANK",O41),O42),O43) -> 2 | P44: phem | Q44: =IF($N44=1,IF(ISERROR(VLOOKUP($P44,'M1'!$A:$C,Q$2,FALSE)),"NOT PRESENT",VLOOKUP($P44,'M1'!$A:$C,Q$2,FALSE)),IF($N44=2,IF(ISERROR(VLOOKUP(DATA!$P44,'M2'!$A:$C,Q$2,FALSE)),"NOT PRESENT",VLOOKUP(DATA!$P44,'M2'!$A:$C,Q$2,FALSE)),IF($N44=0,IF(ISERROR(VLOOKUP($P44,'M1'!$A:$C,Q$2,FALSE)),IF(ISERROR(VLOOKUP(DATA!$P44,'M2'!$A:$C,Q$2,FALSE)),"NOT PRESENT",VLOOKUP(DATA!$P44,'M2'!$A:$C,Q$2,FALSE)),VLOOKUP($P44,'M1'!$A:$C,Q$2,FALSE)),"SPECIFY METHOD"))) -> Pagurus hemphilli | R44: =IF($N44=1,IF(ISERROR(VLOOKUP($P44,'M1'!$A:$C,R$2,FALSE)),"NOT PRESENT",VLOOKUP($P44,'M1'!$A:$C,R$2,FALSE)),IF($N44=2,IF(ISERROR(VLOOKUP(DATA!$P44,'M2'!$A:$C,R$2,FALSE)),"NOT PRESENT",VLOOKUP(DATA!$P44,'M2'!$A:$C,R$2,FALSE)),IF($N44=0,IF(ISERROR(VLOOKUP($P44,'M1'!$A:$C,R$2,FALSE)),IF(ISERROR(VLOOKUP(DATA!$P44,'M2'!$A:$C,R$2,FALSE)),"NOT PRESENT",VLOOKUP(DATA!$P44,'M2'!$A:$C,R$2,FALSE)),VLOOKUP($P44,'M1'!$A:$C,R$2,FALSE)),"SPECIFY METHOD"))) -> Maroon hermit | S44: =SUM(T44:AV44) -> 10 | T44: 10
A45: =MAX($A$1:$A44)+1 -> 43 | B45: =IF(ISERROR(B44),IF(ISERROR(B43),IF(ISERROR(B42),"BLANK",B42),B43),B44) -> Em Lim | C45: =IF(ISERROR(C44),IF(ISERROR(C43),IF(ISERROR(C42),"BLANK",C42),C43),C44) -> Isabelle Côté | D45: =IF(ISERROR(D44),IF(ISERROR(D43),IF(ISERROR(D42),"BLANK",D42),D43),D44) -> BMSC6 | E45: =IF(ISERROR(VLOOKUP($D45,SITES!$A:$E,2,FALSE)),"",VLOOKUP($D45,SITES!$A:$E,2,FALSE)) -> Baeria Rocks South Island | F45: =IF(ISERROR(VLOOKUP($D45,SITES!$A:$E,3,FALSE)),"",VLOOKUP($D45,SITES!$A:$E,3,FALSE)) -> 48.950233 | G45: =IF(ISERROR(VLOOKUP($D45,SITES!$A:$E,4,FALSE)),"",VLOOKUP($D45,SITES!$A:$E,4,FALSE)) -> -125.15555 | H45: =IF(ISERROR(H44),IF(ISERROR(H43),IF(ISERROR(H42),"BLANK",H42),H43),H44) -> 22/04/2024 | I45: =IF(ISERROR(I44),IF(ISERROR(I43),IF(ISERROR(I42),"BLANK",I42),I43),I44) -> 1.5 | J45: =IF(ISERROR(J44),IF(ISERROR(J43),IF(ISERROR(J42),"BLANK",J42),J43),J44) -> SW | K45: =IF(ISERROR(K44),IF(ISERROR(K43),IF(ISERROR(K42),"BLANK",K42),K43),K44) -> 0.53125 | L45: =IF(ISERROR(L44),IF(ISERROR(L43),IF(ISERROR(L42),"BLANK",L42),L43),L44) -> EGL | M45: =IF(ISERROR(M44),IF(ISERROR(M43),IF(ISERROR(M42),"BLANK",M42),M43),M44) -> 11 | N45: =IF(ISERROR(N44),IF(ISERROR(N43),IF(ISERROR(N42),"BLANK",N42),N43),N44) -> 2 | O45: =IF(ISERROR(O44),IF(ISERROR(O43),IF(ISERROR(O42),"BLANK",O42),O43),O44) -> 2 | P45: oko | Q45: =IF($N45=1,IF(ISERROR(VLOOKUP($P45,'M1'!$A:$C,Q$2,FALSE)),"NOT PRESENT",VLOOKUP($P45,'M1'!$A:$C,Q$2,FALSE)),IF($N45=2,IF(ISERROR(VLOOKUP(DATA!$P45,'M2'!$A:$C,Q$2,FALSE)),"NOT PRESENT",VLOOKUP(DATA!$P45,'M2'!$A:$C,Q$2,FALSE)),IF($N45=0,IF(ISERROR(VLOOKUP($P45,'M1'!$A:$C,Q$2,FALSE)),IF(ISERROR(VLOOKUP(DATA!$P45,'M2'!$A:$C,Q$2,FALSE)),"NOT PRESENT",VLOOKUP(DATA!$P45,'M2'!$A:$C,Q$2,FALSE)),VLOOKUP($P45,'M1'!$A:$C,Q$2,FALSE)),"SPECIFY METHOD"))) -> Orthasterias koehleri | R45: =IF($N45=1,IF(ISERROR(VLOOKUP($P45,'M1'!$A:$C,R$2,FALSE)),"NOT PRESENT",VLOOKUP($P45,'M1'!$A:$C,R$2,FALSE)),IF($N45=2,IF(ISERROR(VLOOKUP(DATA!$P45,'M2'!$A:$C,R$2,FALSE)),"NOT PRESENT",VLOOKUP(DATA!$P45,'M2'!$A:$C,R$2,FALSE)),IF($N45=0,IF(ISERROR(VLOOKUP($P45,'M1'!$A:$C,R$2,FALSE)),IF(ISERROR(VLOOKUP(DATA!$P45,'M2'!$A:$C,R$2,FALSE)),"NOT PRESENT",VLOOKUP(DATA!$P45,'M2'!$A:$C,R$2,FALSE)),VLOOKUP($P45,'M1'!$A:$C,R$2,FALSE)),"SPECIFY METHOD"))) -> Rainbow star | S45: =SUM(T45:AV45) -> 9 | T45: 9
A46: =MAX($A$1:$A45)+1 -> 44 | B46: =IF(ISERROR(B45),IF(ISERROR(B44),IF(ISERROR(B43),"BLANK",B43),B44),B45) -> Em Lim | C46: =IF(ISERROR(C45),IF(ISERROR(C44),IF(ISERROR(C43),"BLANK",C43),C44),C45) -> Isabelle Côté | D46: =IF(ISERROR(D45),IF(ISERROR(D44),IF(ISERROR(D43),"BLANK",D43),D44),D45) -> BMSC6 | E46: =IF(ISERROR(VLOOKUP($D46,SITES!$A:$E,2,FALSE)),"",VLOOKUP($D46,SITES!$A:$E,2,FALSE)) -> Baeria Rocks South Island | F46: =IF(ISERROR(VLOOKUP($D46,SITES!$A:$E,3,FALSE)),"",VLOOKUP($D46,SITES!$A:$E,3,FALSE)) -> 48.950233 | G46: =IF(ISERROR(VLOOKUP($D46,SITES!$A:$E,4,FALSE)),"",VLOOKUP($D46,SITES!$A:$E,4,FALSE)) -> -125.15555 | H46: =IF(ISERROR(H45),IF(ISERROR(H44),IF(ISERROR(H43),"BLANK",H43),H44),H45) -> 22/04/2024 | I46: =IF(ISERROR(I45),IF(ISERROR(I44),IF(ISERROR(I43),"BLANK",I43),I44),I45) -> 1.5 | J46: =IF(ISERROR(J45),IF(ISERROR(J44),IF(ISERROR(J43),"BLANK",J43),J44),J45) -> SW | K46: =IF(ISERROR(K45),IF(ISERROR(K44),IF(ISERROR(K43),"BLANK",K43),K44),K45) -> 0.53125 | L46: =IF(ISERROR(L45),IF(ISERROR(L44),IF(ISERROR(L43),"BLANK",L43),L44),L45) -> EGL | M46: =IF(ISERROR(M45),IF(ISERROR(M44),IF(ISERROR(M43),"BLANK",M43),M44),M45) -> 11 | N46: =IF(ISERROR(N45),IF(ISERROR(N44),IF(ISERROR(N43),"BLANK",N43),N44),N45) -> 2 | O46: =IF(ISERROR(O45),IF(ISERROR(O44),IF(ISERROR(O43),"BLANK",O43),O44),O45) -> 2 | P46: das | Q46: =IF($N46=1,IF(ISERROR(VLOOKUP($P46,'M1'!$A:$C,Q$2,FALSE)),"NOT PRESENT",VLOOKUP($P46,'M1'!$A:$C,Q$2,FALSE)),IF($N46=2,IF(ISERROR(VLOOKUP(DATA!$P46,'M2'!$A:$C,Q$2,FALSE)),"NOT PRESENT",VLOOKUP(DATA!$P46,'M2'!$A:$C,Q$2,FALSE)),IF($N46=0,IF(ISERROR(VLOOKUP($P46,'M1'!$A:$C,Q$2,FALSE)),IF(ISERROR(VLOOKUP(DATA!$P46,'M2'!$A:$C,Q$2,FALSE)),"NOT PRESENT",VLOOKUP(DATA!$P46,'M2'!$A:$C,Q$2,FALSE)),VLOOKUP($P46,'M1'!$A:$C,Q$2,FALSE)),"SPECIFY METHOD"))) -> Diodora aspera | R46: =IF($N46=1,IF(ISERROR(VLOOKUP($P46,'M1'!$A:$C,R$2,FALSE)),"NOT PRESENT",VLOOKUP($P46,'M1'!$A:$C,R$2,FALSE)),IF($N46=2,IF(ISERROR(VLOOKUP(DATA!$P46,'M2'!$A:$C,R$2,FALSE)),"NOT PRESENT",VLOOKUP(DATA!$P46,'M2'!$A:$C,R$2,FALSE)),IF($N46=0,IF(ISERROR(VLOOKUP($P46,'M1'!$A:$C,R$2,FALSE)),IF(ISERROR(VLOOKUP(DATA!$P46,'M2'!$A:$C,R$2,FALSE)),"NOT PRESENT",VLOOKUP(DATA!$P46,'M2'!$A:$C,R$2,FALSE)),VLOOKUP($P46,'M1'!$A:$C,R$2,FALSE)),"SPECIFY METHOD"))) -> Rough keyhole limpet | S46: =SUM(T46:AV46) -> 2 | T46: 2
A47: =MAX($A$1:$A46)+1 -> 45 | B47: =IF(ISERROR(B46),IF(ISERROR(B45),IF(ISERROR(B44),"BLANK",B44),B45),B46) -> Em Lim | C47: =IF(ISERROR(C46),IF(ISERROR(C45),IF(ISERROR(C44),"BLANK",C44),C45),C46) -> Isabelle Côté | D47: =IF(ISERROR(D46),IF(ISERROR(D45),IF(ISERROR(D44),"BLANK",D44),D45),D46) -> BMSC6 | E47: =IF(ISERROR(VLOOKUP($D47,SITES!$A:$E,2,FALSE)),"",VLOOKUP($D47,SITES!$A:$E,2,FALSE)) -> Baeria Rocks South Island | F47: =IF(ISERROR(VLOOKUP($D47,SITES!$A:$E,3,FALSE)),"",VLOOKUP($D47,SITES!$A:$E,3,FALSE)) -> 48.950233 | G47: =IF(ISERROR(VLOOKUP($D47,SITES!$A:$E,4,FALSE)),"",VLOOKUP($D47,SITES!$A:$E,4,FALSE)) -> -125.15555 | H47: =IF(ISERROR(H46),IF(ISERROR(H45),IF(ISERROR(H44),"BLANK",H44),H45),H46) -> 22/04/2024 | I47: =IF(ISERROR(I46),IF(ISERROR(I45),IF(ISERROR(I44),"BLANK",I44),I45),I46) -> 1.5 | J47: =IF(ISERROR(J46),IF(ISERROR(J45),IF(ISERROR(J44),"BLANK",J44),J45),J46) -> SW | K47: =IF(ISERROR(K46),IF(ISERROR(K45),IF(ISERROR(K44),"BLANK",K44),K45),K46) -> 0.53125 | L47: =IF(ISERROR(L46),IF(ISERROR(L45),IF(ISERROR(L44),"BLANK",L44),L45),L46) -> EGL | M47: =IF(ISERROR(M46),IF(ISERROR(M45),IF(ISERROR(M44),"BLANK",M44),M45),M46) -> 11 | N47: =IF(ISERROR(N46),IF(ISERROR(N45),IF(ISERROR(N44),"BLANK",N44),N45),N46) -> 2 | O47: =IF(ISERROR(O46),IF(ISERROR(O45),IF(ISERROR(O44),"BLANK",O44),O45),O46) -> 2 | P47: opi | Q47: =IF($N47=1,IF(ISERROR(VLOOKUP($P47,'M1'!$A:$C,Q$2,FALSE)),"NOT PRESENT",VLOOKUP($P47,'M1'!$A:$C,Q$2,FALSE)),IF($N47=2,IF(ISERROR(VLOOKUP(DATA!$P47,'M2'!$A:$C,Q$2,FALSE)),"NOT PRESENT",VLOOKUP(DATA!$P47,'M2'!$A:$C,Q$2,FALSE)),IF($N47=0,IF(ISERROR(VLOOKUP($P47,'M1'!$A:$C,Q$2,FALSE)),IF(ISERROR(VLOOKUP(DATA!$P47,'M2'!$A:$C,Q$2,FALSE)),"NOT PRESENT",VLOOKUP(DATA!$P47,'M2'!$A:$C,Q$2,FALSE)),VLOOKUP($P47,'M1'!$A:$C,Q$2,FALSE)),"SPECIFY METHOD"))) -> Oxylebius pictus | R47: =IF($N47=1,IF(ISERROR(VLOOKUP($P47,'M1'!$A:$C,R$2,FALSE)),"NOT PRESENT",VLOOKUP($P47,'M1'!$A:$C,R$2,FALSE)),IF($N47=2,IF(ISERROR(VLOOKUP(DATA!$P47,'M2'!$A:$C,R$2,FALSE)),"NOT PRESENT",VLOOKUP(DATA!$P47,'M2'!$A:$C,R$2,FALSE)),IF($N47=0,IF(ISERROR(VLOOKUP($P47,'M1'!$A:$C,R$2,FALSE)),IF(ISERROR(VLOOKUP(DATA!$P47,'M2'!$A:$C,R$2,FALSE)),"NOT PRESENT",VLOOKUP(DATA!$P47,'M2'!$A:$C,R$2,FALSE)),VLOOKUP($P47,'M1'!$A:$C,R$2,FALSE)),"SPECIFY METHOD"))) -> Painted greenling | S47: =SUM(T47:AV47) -> 1 | T47: 0 | Z47: 1
A48: =MAX($A$1:$A47)+1 -> 46 | B48: =IF(ISERROR(B47),IF(ISERROR(B46),IF(ISERROR(B45),"BLANK",B45),B46),B47) -> Em Lim | C48: =IF(ISERROR(C47),IF(ISERROR(C46),IF(ISERROR(C45),"BLANK",C45),C46),C47) -> Isabelle Côté | D48: =IF(ISERROR(D47),IF(ISERROR(D46),IF(ISERROR(D45),"BLANK",D45),D46),D47) -> BMSC6 | E48: =IF(ISERROR(VLOOKUP($D48,SITES!$A:$E,2,FALSE)),"",VLOOKUP($D48,SITES!$A:$E,2,FALSE)) -> Baeria Rocks South Island | F48: =IF(ISERROR(VLOOKUP($D48,SITES!$A:$E,3,FALSE)),"",VLOOKUP($D48,SITES!$A:$E,3,FALSE)) -> 48.950233 | G48: =IF(ISERROR(VLOOKUP($D48,SITES!$A:$E,4,FALSE)),"",VLOOKUP($D48,SITES!$A:$E,4,FALSE)) -> -125.15555 | H48: =IF(ISERROR(H47),IF(ISERROR(H46),IF(ISERROR(H45),"BLANK",H45),H46),H47) -> 22/04/2024 | I48: =IF(ISERROR(I47),IF(ISERROR(I46),IF(ISERROR(I45),"BLANK",I45),I46),I47) -> 1.5 | J48: =IF(ISERROR(J47),IF(ISERROR(J46),IF(ISERROR(J45),"BLANK",J45),J46),J47) -> SW | K48: =IF(ISERROR(K47),IF(ISERROR(K46),IF(ISERROR(K45),"BLANK",K45),K46),K47) -> 0.53125 | L48: =IF(ISERROR(L47),IF(ISERROR(L46),IF(ISERROR(L45),"BLANK",L45),L46),L47) -> EGL | M48: =IF(ISERROR(M47),IF(ISERROR(M46),IF(ISERROR(M45),"BLANK",M45),M46),M47) -> 11 | N48: =IF(ISERROR(N47),IF(ISERROR(N46),IF(ISERROR(N45),"BLANK",N45),N46),N47) -> 2 | O48: =IF(ISERROR(O47),IF(ISERROR(O46),IF(ISERROR(O45),"BLANK",O45),O46),O47) -> 2 | P48: hcr | Q48: =IF($N48=1,IF(ISERROR(VLOOKUP($P48,'M1'!$A:$C,Q$2,FALSE)),"NOT PRESENT",VLOOKUP($P48,'M1'!$A:$C,Q$2,FALSE)),IF($N48=2,IF(ISERROR(VLOOKUP(DATA!$P48,'M2'!$A:$C,Q$2,FALSE)),"NOT PRESENT",VLOOKUP(DATA!$P48,'M2'!$A:$C,Q$2,FALSE)),IF($N48=0,IF(ISERROR(VLOOKUP($P48,'M1'!$A:$C,Q$2,FALSE)),IF(ISERROR(VLOOKUP(DATA!$P48,'M2'!$A:$C,Q$2,FALSE)),"NOT PRESENT",VLOOKUP(DATA!$P48,'M2'!$A:$C,Q$2,FALSE)),VLOOKUP($P48,'M1'!$A:$C,Q$2,FALSE)),"SPECIFY METHOD"))) -> Hermissenda crassicornis | R48: =IF($N48=1,IF(ISERROR(VLOOKUP($P48,'M1'!$A:$C,R$2,FALSE)),"NOT PRESENT",VLOOKUP($P48,'M1'!$A:$C,R$2,FALSE)),IF($N48=2,IF(ISERROR(VLOOKUP(DATA!$P48,'M2'!$A:$C,R$2,FALSE)),"NOT PRESENT",VLOOKUP(DATA!$P48,'M2'!$A:$C,R$2,FALSE)),IF($N48=0,IF(ISERROR(VLOOKUP($P48,'M1'!$A:$C,R$2,FALSE)),IF(ISERROR(VLOOKUP(DATA!$P48,'M2'!$A:$C,R$2,FALSE)),"NOT PRESENT",VLOOKUP(DATA!$P48,'M2'!$A:$C,R$2,FALSE)),VLOOKUP($P48,'M1'!$A:$C,R$2,FALSE)),"SPECIFY METHOD"))) -> Opalescent nudibranch | S48: =SUM(T48:AV48) -> 3 | T48: 3
A49: =MAX($A$1:$A48)+1 -> 47 | B49: =IF(ISERROR(B48),IF(ISERROR(B47),IF(ISERROR(B46),"BLANK",B46),B47),B48) -> Em Lim | C49: =IF(ISERROR(C48),IF(ISERROR(C47),IF(ISERROR(C46),"BLANK",C46),C47),C48) -> Isabelle Côté | D49: =IF(ISERROR(D48),IF(ISERROR(D47),IF(ISERROR(D46),"BLANK",D46),D47),D48) -> BMSC6 | E49: =IF(ISERROR(VLOOKUP($D49,SITES!$A:$E,2,FALSE)),"",VLOOKUP($D49,SITES!$A:$E,2,FALSE)) -> Baeria Rocks South Island | F49: =IF(ISERROR(VLOOKUP($D49,SITES!$A:$E,3,FALSE)),"",VLOOKUP($D49,SITES!$A:$E,3,FALSE)) -> 48.950233 | G49: =IF(ISERROR(VLOOKUP($D49,SITES!$A:$E,4,FALSE)),"",VLOOKUP($D49,SITES!$A:$E,4,FALSE)) -> -125.15555 | H49: =IF(ISERROR(H48),IF(ISERROR(H47),IF(ISERROR(H46),"BLANK",H46),H47),H48) -> 22/04/2024 | I49: =IF(ISERROR(I48),IF(ISERROR(I47),IF(ISERROR(I46),"BLANK",I46),I47),I48) -> 1.5 | J49: =IF(ISERROR(J48),IF(ISERROR(J47),IF(ISERROR(J46),"BLANK",J46),J47),J48) -> SW | K49: =IF(ISERROR(K48),IF(ISERROR(K47),IF(ISERROR(K46),"BLANK",K46),K47),K48) -> 0.53125 | L49: =IF(ISERROR(L48),IF(ISERROR(L47),IF(ISERROR(L46),"BLANK",L46),L47),L48) -> EGL | M49: =IF(ISERROR(M48),IF(ISERROR(M47),IF(ISERROR(M46),"BLANK",M46),M47),M48) -> 11 | N49: 0 | O49: =IF(ISERROR(O48),IF(ISERROR(O47),IF(ISERROR(O46),"BLANK",O46),O47),O48) -> 2 | P49: sne | Q49: =IF($N49=1,IF(ISERROR(VLOOKUP($P49,'M1'!$A:$C,Q$2,FALSE)),"NOT PRESENT",VLOOKUP($P49,'M1'!$A:$C,Q$2,FALSE)),IF($N49=2,IF(ISERROR(VLOOKUP(DATA!$P49,'M2'!$A:$C,Q$2,FALSE)),"NOT PRESENT",VLOOKUP(DATA!$P49,'M2'!$A:$C,Q$2,FALSE)),IF($N49=0,IF(ISERROR(VLOOKUP($P49,'M1'!$A:$C,Q$2,FALSE)),IF(ISERROR(VLOOKUP(DATA!$P49,'M2'!$A:$C,Q$2,FALSE)),"NOT PRESENT",VLOOKUP(DATA!$P49,'M2'!$A:$C,Q$2,FALSE)),VLOOKUP($P49,'M1'!$A:$C,Q$2,FALSE)),"SPECIFY METHOD"))) -> Sebastes nebulosus | R49: =IF($N49=1,IF(ISERROR(VLOOKUP($P49,'M1'!$A:$C,R$2,FALSE)),"NOT PRESENT",VLOOKUP($P49,'M1'!$A:$C,R$2,FALSE)),IF($N49=2,IF(ISERROR(VLOOKUP(DATA!$P49,'M2'!$A:$C,R$2,FALSE)),"NOT PRESENT",VLOOKUP(DATA!$P49,'M2'!$A:$C,R$2,FALSE)),IF($N49=0,IF(ISERROR(VLOOKUP($P49,'M1'!$A:$C,R$2,FALSE)),IF(ISERROR(VLOOKUP(DATA!$P49,'M2'!$A:$C,R$2,FALSE)),"NOT PRESENT",VLOOKUP(DATA!$P49,'M2'!$A:$C,R$2,FALSE)),VLOOKUP($P49,'M1'!$A:$C,R$2,FALSE)),"SPECIFY METHOD"))) -> China rockfish | S49: =SUM(T49:AV49) -> 1 | T49: 0 | AB49: 1
A50: =MAX($A$1:$A49)+1 -> 48 | B50: =IF(ISERROR(B49),IF(ISERROR(B48),IF(ISERROR(B47),"BLANK",B47),B48),B49) -> Em Lim | C50: =IF(ISERROR(C49),IF(ISERROR(C48),IF(ISERROR(C47),"BLANK",C47),C48),C49) -> Isabelle Côté | D50: =IF(ISERROR(D49),IF(ISERROR(D48),IF(ISERROR(D47),"BLANK",D47),D48),D49) -> BMSC6 | E50: =IF(ISERROR(VLOOKUP($D50,SITES!$A:$E,2,FALSE)),"",VLOOKUP($D50,SITES!$A:$E,2,FALSE)) -> Baeria Rocks South Island | F50: =IF(ISERROR(VLOOKUP($D50,SITES!$A:$E,3,FALSE)),"",VLOOKUP($D50,SITES!$A:$E,3,FALSE)) -> 48.950233 | G50: =IF(ISERROR(VLOOKUP($D50,SITES!$A:$E,4,FALSE)),"",VLOOKUP($D50,SITES!$A:$E,4,FALSE)) -> -125.15555 | H50: =IF(ISERROR(H49),IF(ISERROR(H48),IF(ISERROR(H47),"BLANK",H47),H48),H49) -> 22/04/2024 | I50: =IF(ISERROR(I49),IF(ISERROR(I48),IF(ISERROR(I47),"BLANK",I47),I48),I49) -> 1.5 | J50: =IF(ISERROR(J49),IF(ISERROR(J48),IF(ISERROR(J47),"BLANK",J47),J48),J49) -> SW | K50: =IF(ISERROR(K49),IF(ISERROR(K48),IF(ISERROR(K47),"BLANK",K47),K48),K49) -> 0.53125 | L50: =IF(ISERROR(L49),IF(ISERROR(L48),IF(ISERROR(L47),"BLANK",L47),L48),L49) -> EGL | M50: =IF(ISERROR(M49),IF(ISERROR(M48),IF(ISERROR(M47),"BLANK",M47),M48),M49) -> 11 | N50: 2 | O50: =IF(ISERROR(O49),IF(ISERROR(O48),IF(ISERROR(O47),"BLANK",O47),O48),O49) -> 2 | P50: henricia | Q50: =IF($N50=1,IF(ISERROR(VLOOKUP($P50,'M1'!$A:$C,Q$2,FALSE)),"NOT PRESENT",VLOOKUP($P50,'M1'!$A:$C,Q$2,FALSE)),IF($N50=2,IF(ISERROR(VLOOKUP(DATA!$P50,'M2'!$A:$C,Q$2,FALSE)),"NOT PRESENT",VLOOKUP(DATA!$P50,'M2'!$A:$C,Q$2,FALSE)),IF($N50=0,IF(ISERROR(VLOOKUP($P50,'M1'!$A:$C,Q$2,FALSE)),IF(ISERROR(VLOOKUP(DATA!$P50,'M2'!$A:$C,Q$2,FALSE)),"NOT PRESENT",VLOOKUP(DATA!$P50,'M2'!$A:$C,Q$2,FALSE)),VLOOKUP($P50,'M1'!$A:$C,Q$2,FALSE)),"SPECIFY METHOD"))) -> Henricia spp. | R50: =IF($N50=1,IF(ISERROR(VLOOKUP($P50,'M1'!$A:$C,R$2,FALSE)),"NOT PRESENT",VLOOKUP($P50,'M1'!$A:$C,R$2,FALSE)),IF($N50=2,IF(ISERROR(VLOOKUP(DATA!$P50,'M2'!$A:$C,R$2,FALSE)),"NOT PRESENT",VLOOKUP(DATA!$P50,'M2'!$A:$C,R$2,FALSE)),IF($N50=0,IF(ISERROR(VLOOKUP($P50,'M1'!$A:$C,R$2,FALSE)),IF(ISERROR(VLOOKUP(DATA!$P50,'M2'!$A:$C,R$2,FALSE)),"NOT PRESENT",VLOOKUP(DATA!$P50,'M2'!$A:$C,R$2,FALSE)),VLOOKUP($P50,'M1'!$A:$C,R$2,FALSE)),"SPECIFY METHOD"))) -> Unidentified blood star | S50: =SUM(T50:AV50) -> 1 | T50: 1
A51: =MAX($A$1:$A50)+1 -> 49 | B51: =IF(ISERROR(B50),IF(ISERROR(B49),IF(ISERROR(B48),"BLANK",B48),B49),B50) -> Em Lim | C51: =IF(ISERROR(C50),IF(ISERROR(C49),IF(ISERROR(C48),"BLANK",C48),C49),C50) -> Isabelle Côté | D51: =IF(ISERROR(D50),IF(ISERROR(D49),IF(ISERROR(D48),"BLANK",D48),D49),D50) -> BMSC6 | E51: =IF(ISERROR(VLOOKUP($D51,SITES!$A:$E,2,FALSE)),"",VLOOKUP($D51,SITES!$A:$E,2,FALSE)) -> Baeria Rocks South Island | F51: =IF(ISERROR(VLOOKUP($D51,SITES!$A:$E,3,FALSE)),"",VLOOKUP($D51,SITES!$A:$E,3,FALSE)) -> 48.950233 | G51: =IF(ISERROR(VLOOKUP($D51,SITES!$A:$E,4,FALSE)),"",VLOOKUP($D51,SITES!$A:$E,4,FALSE)) -> -125.15555 | H51: =IF(ISERROR(H50),IF(ISERROR(H49),IF(ISERROR(H48),"BLANK",H48),H49),H50) -> 22/04/2024 | I51: =IF(ISERROR(I50),IF(ISERROR(I49),IF(ISERROR(I48),"BLANK",I48),I49),I50) -> 1.5 | J51: =IF(ISERROR(J50),IF(ISERROR(J49),IF(ISERROR(J48),"BLANK",J48),J49),J50) -> SW | K51: =IF(ISERROR(K50),IF(ISERROR(K49),IF(ISERROR(K48),"BLANK",K48),K49),K50) -> 0.53125 | L51: =IF(ISERROR(L50),IF(ISERROR(L49),IF(ISERROR(L48),"BLANK",L48),L49),L50) -> EGL | M51: =IF(ISERROR(M50),IF(ISERROR(M49),IF(ISERROR(M48),"BLANK",M48),M49),M50) -> 11 | N51: =IF(ISERROR(N50),IF(ISERROR(N49),IF(ISERROR(N48),"BLANK",N48),N49),N50) -> 2 | O51: =IF(ISERROR(O50),IF(ISERROR(O49),IF(ISERROR(O48),"BLANK",O48),O49),O50) -> 2 | P51: pcau | Q51: =IF($N51=1,IF(ISERROR(VLOOKUP($P51,'M1'!$A:$C,Q$2,FALSE)),"NOT PRESENT",VLOOKUP($P51,'M1'!$A:$C,Q$2,FALSE)),IF($N51=2,IF(ISERROR(VLOOKUP(DATA!$P51,'M2'!$A:$C,Q$2,FALSE)),"NOT PRESENT",VLOOKUP(DATA!$P51,'M2'!$A:$C,Q$2,FALSE)),IF($N51=0,IF(ISERROR(VLOOKUP($P51,'M1'!$A:$C,Q$2,FALSE)),IF(ISERROR(VLOOKUP(DATA!$P51,'M2'!$A:$C,Q$2,FALSE)),"NOT PRESENT",VLOOKUP(DATA!$P51,'M2'!$A:$C,Q$2,FALSE)),VLOOKUP($P51,'M1'!$A:$C,Q$2,FALSE)),"SPECIFY METHOD"))) -> Pagurus caurinus | R51: =IF($N51=1,IF(ISERROR(VLOOKUP($P51,'M1'!$A:$C,R$2,FALSE)),"NOT PRESENT",VLOOKUP($P51,'M1'!$A:$C,R$2,FALSE)),IF($N51=2,IF(ISERROR(VLOOKUP(DATA!$P51,'M2'!$A:$C,R$2,FALSE)),"NOT PRESENT",VLOOKUP(DATA!$P51,'M2'!$A:$C,R$2,FALSE)),IF($N51=0,IF(ISERROR(VLOOKUP($P51,'M1'!$A:$C,R$2,FALSE)),IF(ISERROR(VLOOKUP(DATA!$P51,'M2'!$A:$C,R$2,FALSE)),"NOT PRESENT",VLOOKUP(DATA!$P51,'M2'!$A:$C,R$2,FALSE)),VLOOKUP($P51,'M1'!$A:$C,R$2,FALSE)),"SPECIFY METHOD"))) -> Greenmark hermit crab | S51: =SUM(T51:AV51) -> 2 | T51: 2
A52: =MAX($A$1:$A51)+1 -> 50 | B52: =IF(ISERROR(B51),IF(ISERROR(B50),IF(ISERROR(B49),"BLANK",B49),B50),B51) -> Em Lim | C52: =IF(ISERROR(C51),IF(ISERROR(C50),IF(ISERROR(C49),"BLANK",C49),C50),C51) -> Isabelle Côté | D52: =IF(ISERROR(D51),IF(ISERROR(D50),IF(ISERROR(D49),"BLANK",D49),D50),D51) -> BMSC6 | E52: =IF(ISERROR(VLOOKUP($D52,SITES!$A:$E,2,FALSE)),"",VLOOKUP($D52,SITES!$A:$E,2,FALSE)) -> Baeria Rocks South Island | F52: =IF(ISERROR(VLOOKUP($D52,SITES!$A:$E,3,FALSE)),"",VLOOKUP($D52,SITES!$A:$E,3,FALSE)) -> 48.950233 | G52: =IF(ISERROR(VLOOKUP($D52,SITES!$A:$E,4,FALSE)),"",VLOOKUP($D52,SITES!$A:$E,4,FALSE)) -> -125.15555 | H52: =IF(ISERROR(H51),IF(ISERROR(H50),IF(ISERROR(H49),"BLANK",H49),H50),H51) -> 22/04/2024 | I52: =IF(ISERROR(I51),IF(ISERROR(I50),IF(ISERROR(I49),"BLANK",I49),I50),I51) -> 1.5 | J52: =IF(ISERROR(J51),IF(ISERROR(J50),IF(ISERROR(J49),"BLANK",J49),J50),J51) -> SW | K52: =IF(ISERROR(K51),IF(ISERROR(K50),IF(ISERROR(K49),"BLANK",K49),K50),K51) -> 0.53125 | L52: =IF(ISERROR(L51),IF(ISERROR(L50),IF(ISERROR(L49),"BLANK",L49),L50),L51) -> EGL | M52: =IF(ISERROR(M51),IF(ISERROR(M50),IF(ISERROR(M49),"BLANK",M49),M50),M51) -> 11 | N52: =IF(ISERROR(N51),IF(ISERROR(N50),IF(ISERROR(N49),"BLANK",N49),N50),N51) -> 2 | O52: =IF(ISERROR(O51),IF(ISERROR(O50),IF(ISERROR(O49),"BLANK",O49),O50),O51) -> 2 | P52: pgi | Q52: =IF($N52=1,IF(ISERROR(VLOOKUP($P52,'M1'!$A:$C,Q$2,FALSE)),"NOT PRESENT",VLOOKUP($P52,'M1'!$A:$C,Q$2,FALSE)),IF($N52=2,IF(ISERROR(VLOOKUP(DATA!$P52,'M2'!$A:$C,Q$2,FALSE)),"NOT PRESENT",VLOOKUP(DATA!$P52,'M2'!$A:$C,Q$2,FALSE)),IF($N52=0,IF(ISERROR(VLOOKUP($P52,'M1'!$A:$C,Q$2,FALSE)),IF(ISERROR(VLOOKUP(DATA!$P52,'M2'!$A:$C,Q$2,FALSE)),"NOT PRESENT",VLOOKUP(DATA!$P52,'M2'!$A:$C,Q$2,FALSE)),VLOOKUP($P52,'M1'!$A:$C,Q$2,FALSE)),"SPECIFY METHOD"))) -> Pomaulax gibberosus | R52: =IF($N52=1,IF(ISERROR(VLOOKUP($P52,'M1'!$A:$C,R$2,FALSE)),"NOT PRESENT",VLOOKUP($P52,'M1'!$A:$C,R$2,FALSE)),IF($N52=2,IF(ISERROR(VLOOKUP(DATA!$P52,'M2'!$A:$C,R$2,FALSE)),"NOT PRESENT",VLOOKUP(DATA!$P52,'M2'!$A:$C,R$2,FALSE)),IF($N52=0,IF(ISERROR(VLOOKUP($P52,'M1'!$A:$C,R$2,FALSE)),IF(ISERROR(VLOOKUP(DATA!$P52,'M2'!$A:$C,R$2,FALSE)),"NOT PRESENT",VLOOKUP(DATA!$P52,'M2'!$A:$C,R$2,FALSE)),VLOOKUP($P52,'M1'!$A:$C,R$2,FALSE)),"SPECIFY METHOD"))) -> Red turban shell | S52: =SUM(T52:AV52) -> 1 | T52: 1
A53: =MAX($A$1:$A52)+1 -> 51 | B53: =IF(ISERROR(B52),IF(ISERROR(B51),IF(ISERROR(B50),"BLANK",B50),B51),B52) -> Em Lim | C53: =IF(ISERROR(C52),IF(ISERROR(C51),IF(ISERROR(C50),"BLANK",C50),C51),C52) -> Isabelle Côté | D53: =IF(ISERROR(D52),IF(ISERROR(D51),IF(ISERROR(D50),"BLANK",D50),D51),D52) -> BMSC6 | E53: =IF(ISERROR(VLOOKUP($D53,SITES!$A:$E,2,FALSE)),"",VLOOKUP($D53,SITES!$A:$E,2,FALSE)) -> Baeria Rocks South Island | F53: =IF(ISERROR(VLOOKUP($D53,SITES!$A:$E,3,FALSE)),"",VLOOKUP($D53,SITES!$A:$E,3,FALSE)) -> 48.950233 | G53: =IF(ISERROR(VLOOKUP($D53,SITES!$A:$E,4,FALSE)),"",VLOOKUP($D53,SITES!$A:$E,4,FALSE)) -> -125.15555 | H53: =IF(ISERROR(H52),IF(ISERROR(H51),IF(ISERROR(H50),"BLANK",H50),H51),H52) -> 22/04/2024 | I53: =IF(ISERROR(I52),IF(ISERROR(I51),IF(ISERROR(I50),"BLANK",I50),I51),I52) -> 1.5 | J53: =IF(ISERROR(J52),IF(ISERROR(J51),IF(ISERROR(J50),"BLANK",J50),J51),J52) -> SW | K53: =IF(ISERROR(K52),IF(ISERROR(K51),IF(ISERROR(K50),"BLANK",K50),K51),K52) -> 0.53125 | L53: =IF(ISERROR(L52),IF(ISERROR(L51),IF(ISERROR(L50),"BLANK",L50),L51),L52) -> EGL | M53: =IF(ISERROR(M52),IF(ISERROR(M51),IF(ISERROR(M50),"BLANK",M50),M51),M52) -> 11 | N53: =IF(ISERROR(N52),IF(ISERROR(N51),IF(ISERROR(N50),"BLANK",N50),N51),N52) -> 2 | O53: =IF(ISERROR(O52),IF(ISERROR(O51),IF(ISERROR(O50),"BLANK",O50),O51),O52) -> 2 | P53: dim | Q53: =IF($N53=1,IF(ISERROR(VLOOKUP($P53,'M1'!$A:$C,Q$2,FALSE)),"NOT PRESENT",VLOOKUP($P53,'M1'!$A:$C,Q$2,FALSE)),IF($N53=2,IF(ISERROR(VLOOKUP(DATA!$P53,'M2'!$A:$C,Q$2,FALSE)),"NOT PRESENT",VLOOKUP(DATA!$P53,'M2'!$A:$C,Q$2,FALSE)),IF($N53=0,IF(ISERROR(VLOOKUP($P53,'M1'!$A:$C,Q$2,FALSE)),IF(ISERROR(VLOOKUP(DATA!$P53,'M2'!$A:$C,Q$2,FALSE)),"NOT PRESENT",VLOOKUP(DATA!$P53,'M2'!$A:$C,Q$2,FALSE)),VLOOKUP($P53,'M1'!$A:$C,Q$2,FALSE)),"SPECIFY METHOD"))) -> Dermasterias imbricata | R53: =IF($N53=1,IF(ISERROR(VLOOKUP($P53,'M1'!$A:$C,R$2,FALSE)),"NOT PRESENT",VLOOKUP($P53,'M1'!$A:$C,R$2,FALSE)),IF($N53=2,IF(ISERROR(VLOOKUP(DATA!$P53,'M2'!$A:$C,R$2,FALSE)),"NOT PRESENT",VLOOKUP(DATA!$P53,'M2'!$A:$C,R$2,FALSE)),IF($N53=0,IF(ISERROR(VLOOKUP($P53,'M1'!$A:$C,R$2,FALSE)),IF(ISERROR(VLOOKUP(DATA!$P53,'M2'!$A:$C,R$2,FALSE)),"NOT PRESENT",VLOOKUP(DATA!$P53,'M2'!$A:$C,R$2,FALSE)),VLOOKUP($P53,'M1'!$A:$C,R$2,FALSE)),"SPECIFY METHOD"))) -> Leather star | S53: =SUM(T53:AV53) -> 1 | T53: 1
A54: =MAX($A$1:$A53)+1 -> 52 | B54: =IF(ISERROR(B53),IF(ISERROR(B52),IF(ISERROR(B51),"BLANK",B51),B52),B53) -> Em Lim | C54: =IF(ISERROR(C53),IF(ISERROR(C52),IF(ISERROR(C51),"BLANK",C51),C52),C53) -> Isabelle Côté | D54: =IF(ISERROR(D53),IF(ISERROR(D52),IF(ISERROR(D51),"BLANK",D51),D52),D53) -> BMSC6 | E54: =IF(ISERROR(VLOOKUP($D54,SITES!$A:$E,2,FALSE)),"",VLOOKUP($D54,SITES!$A:$E,2,FALSE)) -> Baeria Rocks South Island | F54: =IF(ISERROR(VLOOKUP($D54,SITES!$A:$E,3,FALSE)),"",VLOOKUP($D54,SITES!$A:$E,3,FALSE)) -> 48.950233 | G54: =IF(ISERROR(VLOOKUP($D54,SITES!$A:$E,4,FALSE)),"",VLOOKUP($D54,SITES!$A:$E,4,FALSE)) -> -125.15555 | H54: =IF(ISERROR(H53),IF(ISERROR(H52),IF(ISERROR(H51),"BLANK",H51),H52),H53) -> 22/04/2024 | I54: =IF(ISERROR(I53),IF(ISERROR(I52),IF(ISERROR(I51),"BLANK",I51),I52),I53) -> 1.5 | J54: =IF(ISERROR(J53),IF(ISERROR(J52),IF(ISERROR(J51),"BLANK",J51),J52),J53) -> SW | K54: =IF(ISERROR(K53),IF(ISERROR(K52),IF(ISERROR(K51),"BLANK",K51),K52),K53) -> 0.53125 | L54: =IF(ISERROR(L53),IF(ISERROR(L52),IF(ISERROR(L51),"BLANK",L51),L52),L53) -> EGL | M54: =IF(ISERROR(M53),IF(ISERROR(M52),IF(ISERROR(M51),"BLANK",M51),M52),M53) -> 11 | N54: =IF(ISERROR(N53),IF(ISERROR(N52),IF(ISERROR(N51),"BLANK",N51),N52),N53) -> 2 | O54: =IF(ISERROR(O53),IF(ISERROR(O52),IF(ISERROR(O51),"BLANK",O51),O52),O53) -> 2 | P54: aha | Q54: =IF($N54=1,IF(ISERROR(VLOOKUP($P54,'M1'!$A:$C,Q$2,FALSE)),"NOT PRESENT",VLOOKUP($P54,'M1'!$A:$C,Q$2,FALSE)),IF($N54=2,IF(ISERROR(VLOOKUP(DATA!$P54,'M2'!$A:$C,Q$2,FALSE)),"NOT PRESENT",VLOOKUP(DATA!$P54,'M2'!$A:$C,Q$2,FALSE)),IF($N54=0,IF(ISERROR(VLOOKUP($P54,'M1'!$A:$C,Q$2,FALSE)),IF(ISERROR(VLOOKUP(DATA!$P54,'M2'!$A:$C,Q$2,FALSE)),"NOT PRESENT",VLOOKUP(DATA!$P54,'M2'!$A:$C,Q$2,FALSE)),VLOOKUP($P54,'M1'!$A:$C,Q$2,FALSE)),"SPECIFY METHOD"))) -> Artedius harringtoni | R54: =IF($N54=1,IF(ISERROR(VLOOKUP($P54,'M1'!$A:$C,R$2,FALSE)),"NOT PRESENT",VLOOKUP($P54,'M1'!$A:$C,R$2,FALSE)),IF($N54=2,IF(ISERROR(VLOOKUP(DATA!$P54,'M2'!$A:$C,R$2,FALSE)),"NOT PRESENT",VLOOKUP(DATA!$P54,'M2'!$A:$C,R$2,FALSE)),IF($N54=0,IF(ISERROR(VLOOKUP($P54,'M1'!$A:$C,R$2,FALSE)),IF(ISERROR(VLOOKUP(DATA!$P54,'M2'!$A:$C,R$2,FALSE)),"NOT PRESENT",VLOOKUP(DATA!$P54,'M2'!$A:$C,R$2,FALSE)),VLOOKUP($P54,'M1'!$A:$C,R$2,FALSE)),"SPECIFY METHOD"))) -> Scalyhead sculpin | S54: =SUM(T54:AV54) -> 1 | T54: 0 | V54: 1
A55: =MAX($A$1:$A54)+1 -> 53 | B55: =IF(ISERROR(B54),IF(ISERROR(B53),IF(ISERROR(B52),"BLANK",B52),B53),B54) -> Em Lim | C55: =IF(ISERROR(C54),IF(ISERROR(C53),IF(ISERROR(C52),"BLANK",C52),C53),C54) -> Isabelle Côté | D55: =IF(ISERROR(D54),IF(ISERROR(D53),IF(ISERROR(D52),"BLANK",D52),D53),D54) -> BMSC6 | E55: =IF(ISERROR(VLOOKUP($D55,SITES!$A:$E,2,FALSE)),"",VLOOKUP($D55,SITES!$A:$E,2,FALSE)) -> Baeria Rocks South Island | F55: =IF(ISERROR(VLOOKUP($D55,SITES!$A:$E,3,FALSE)),"",VLOOKUP($D55,SITES!$A:$E,3,FALSE)) -> 48.950233 | G55: =IF(ISERROR(VLOOKUP($D55,SITES!$A:$E,4,FALSE)),"",VLOOKUP($D55,SITES!$A:$E,4,FALSE)) -> -125.15555 | H55: =IF(ISERROR(H54),IF(ISERROR(H53),IF(ISERROR(H52),"BLANK",H52),H53),H54) -> 22/04/2024 | I55: =IF(ISERROR(I54),IF(ISERROR(I53),IF(ISERROR(I52),"BLANK",I52),I53),I54) -> 1.5 | J55: =IF(ISERROR(J54),IF(ISERROR(J53),IF(ISERROR(J52),"BLANK",J52),J53),J54) -> SW | K55: =IF(ISERROR(K54),IF(ISERROR(K53),IF(ISERROR(K52),"BLANK",K52),K53),K54) -> 0.53125 | L55: =IF(ISERROR(L54),IF(ISERROR(L53),IF(ISERROR(L52),"BLANK",L52),L53),L54) -> EGL | M55: =IF(ISERROR(M54),IF(ISERROR(M53),IF(ISERROR(M52),"BLANK",M52),M53),M54) -> 11 | N55: =IF(ISERROR(N54),IF(ISERROR(N53),IF(ISERROR(N52),"BLANK",N52),N53),N54) -> 2 | O55: =IF(ISERROR(O54),IF(ISERROR(O53),IF(ISERROR(O52),"BLANK",O52),O53),O54) -> 2 | P55: sma | Q55: =IF($N55=1,IF(ISERROR(VLOOKUP($P55,'M1'!$A:$C,Q$2,FALSE)),"NOT PRESENT",VLOOKUP($P55,'M1'!$A:$C,Q$2,FALSE)),IF($N55=2,IF(ISERROR(VLOOKUP(DATA!$P55,'M2'!$A:$C,Q$2,FALSE)),"NOT PRESENT",VLOOKUP(DATA!$P55,'M2'!$A:$C,Q$2,FALSE)),IF($N55=0,IF(ISERROR(VLOOKUP($P55,'M1'!$A:$C,Q$2,FALSE)),IF(ISERROR(VLOOKUP(DATA!$P55,'M2'!$A:$C,Q$2,FALSE)),"NOT PRESENT",VLOOKUP(DATA!$P55,'M2'!$A:$C,Q$2,FALSE)),VLOOKUP($P55,'M1'!$A:$C,Q$2,FALSE)),"SPECIFY METHOD"))) -> Scorpaenichthys marmoratus | R55: =IF($N55=1,IF(ISERROR(VLOOKUP($P55,'M1'!$A:$C,R$2,FALSE)),"NOT PRESENT",VLOOKUP($P55,'M1'!$A:$C,R$2,FALSE)),IF($N55=2,IF(ISERROR(VLOOKUP(DATA!$P55,'M2'!$A:$C,R$2,FALSE)),"NOT PRESENT",VLOOKUP(DATA!$P55,'M2'!$A:$C,R$2,FALSE)),IF($N55=0,IF(ISERROR(VLOOKUP($P55,'M1'!$A:$C,R$2,FALSE)),IF(ISERROR(VLOOKUP(DATA!$P55,'M2'!$A:$C,R$2,FALSE)),"NOT PRESENT",VLOOKUP(DATA!$P55,'M2'!$A:$C,R$2,FALSE)),VLOOKUP($P55,'M1'!$A:$C,R$2,FALSE)),"SPECIFY METHOD"))) -> Cabezon | S55: =SUM(T55:AV55) -> 1 | T55: 0 | AE55: 1
A56: =MAX($A$1:$A55)+1 -> 54 | B56: =IF(ISERROR(B55),IF(ISERROR(B54),IF(ISERROR(B53),"BLANK",B53),B54),B55) -> Em Lim | C56: =IF(ISERROR(C55),IF(ISERROR(C54),IF(ISERROR(C53),"BLANK",C53),C54),C55) -> Isabelle Côté | D56: =IF(ISERROR(D55),IF(ISERROR(D54),IF(ISERROR(D53),"BLANK",D53),D54),D55) -> BMSC6 | E56: =IF(ISERROR(VLOOKUP($D56,SITES!$A:$E,2,FALSE)),"",VLOOKUP($D56,SITES!$A:$E,2,FALSE)) -> Baeria Rocks South Island | F56: =IF(ISERROR(VLOOKUP($D56,SITES!$A:$E,3,FALSE)),"",VLOOKUP($D56,SITES!$A:$E,3,FALSE)) -> 48.950233 | G56: =IF(ISERROR(VLOOKUP($D56,SITES!$A:$E,4,FALSE)),"",VLOOKUP($D56,SITES!$A:$E,4,FALSE)) -> -125.15555 | H56: =IF(ISERROR(H55),IF(ISERROR(H54),IF(ISERROR(H53),"BLANK",H53),H54),H55) -> 22/04/2024 | I56: =IF(ISERROR(I55),IF(ISERROR(I54),IF(ISERROR(I53),"BLANK",I53),I54),I55) -> 1.5 | J56: =IF(ISERROR(J55),IF(ISERROR(J54),IF(ISERROR(J53),"BLANK",J53),J54),J55) -> SW | K56: =IF(ISERROR(K55),IF(ISERROR(K54),IF(ISERROR(K53),"BLANK",K53),K54),K55) -> 0.53125 | L56: =IF(ISERROR(L55),IF(ISERROR(L54),IF(ISERROR(L53),"BLANK",L53),L54),L55) -> EGL | M56: =IF(ISERROR(M55),IF(ISERROR(M54),IF(ISERROR(M53),"BLANK",M53),M54),M55) -> 11 | N56: =IF(ISERROR(N55),IF(ISERROR(N54),IF(ISERROR(N53),"BLANK",N53),N54),N55) -> 2 | O56: =IF(ISERROR(O55),IF(ISERROR(O54),IF(ISERROR(O53),"BLANK",O53),O54),O55) -> 2 | P56: tfe | Q56: =IF($N56=1,IF(ISERROR(VLOOKUP($P56,'M1'!$A:$C,Q$2,FALSE)),"NOT PRESENT",VLOOKUP($P56,'M1'!$A:$C,Q$2,FALSE)),IF($N56=2,IF(ISERROR(VLOOKUP(DATA!$P56,'M2'!$A:$C,Q$2,FALSE)),"NOT PRESENT",VLOOKUP(DATA!$P56,'M2'!$A:$C,Q$2,FALSE)),IF($N56=0,IF(ISERROR(VLOOKUP($P56,'M1'!$A:$C,Q$2,FALSE)),IF(ISERROR(VLOOKUP(DATA!$P56,'M2'!$A:$C,Q$2,FALSE)),"NOT PRESENT",VLOOKUP(DATA!$P56,'M2'!$A:$C,Q$2,FALSE)),VLOOKUP($P56,'M1'!$A:$C,Q$2,FALSE)),"SPECIFY METHOD"))) -> Tritonia festiva | R56: =IF($N56=1,IF(ISERROR(VLOOKUP($P56,'M1'!$A:$C,R$2,FALSE)),"NOT PRESENT",VLOOKUP($P56,'M1'!$A:$C,R$2,FALSE)),IF($N56=2,IF(ISERROR(VLOOKUP(DATA!$P56,'M2'!$A:$C,R$2,FALSE)),"NOT PRESENT",VLOOKUP(DATA!$P56,'M2'!$A:$C,R$2,FALSE)),IF($N56=0,IF(ISERROR(VLOOKUP($P56,'M1'!$A:$C,R$2,FALSE)),IF(ISERROR(VLOOKUP(DATA!$P56,'M2'!$A:$C,R$2,FALSE)),"NOT PRESENT",VLOOKUP(DATA!$P56,'M2'!$A:$C,R$2,FALSE)),VLOOKUP($P56,'M1'!$A:$C,R$2,FALSE)),"SPECIFY METHOD"))) -> Diamondback tritonia | S56: =SUM(T56:AV56) -> 1 | T56: 1
A57: =MAX($A$1:$A56)+1 -> 55 | B57: =IF(ISERROR(B56),IF(ISERROR(B55),IF(ISERROR(B54),"BLANK",B54),B55),B56) -> Em Lim | C57: =IF(ISERROR(C56),IF(ISERROR(C55),IF(ISERROR(C54),"BLANK",C54),C55),C56) -> Isabelle Côté | D57: =IF(ISERROR(D56),IF(ISERROR(D55),IF(ISERROR(D54),"BLANK",D54),D55),D56) -> BMSC6 | E57: =IF(ISERROR(VLOOKUP($D57,SITES!$A:$E,2,FALSE)),"",VLOOKUP($D57,SITES!$A:$E,2,FALSE)) -> Baeria Rocks South Island | F57: =IF(ISERROR(VLOOKUP($D57,SITES!$A:$E,3,FALSE)),"",VLOOKUP($D57,SITES!$A:$E,3,FALSE)) -> 48.950233 | G57: =IF(ISERROR(VLOOKUP($D57,SITES!$A:$E,4,FALSE)),"",VLOOKUP($D57,SITES!$A:$E,4,FALSE)) -> -125.15555 | H57: =IF(ISERROR(H56),IF(ISERROR(H55),IF(ISERROR(H54),"BLANK",H54),H55),H56) -> 22/04/2024 | I57: =IF(ISERROR(I56),IF(ISERROR(I55),IF(ISERROR(I54),"BLANK",I54),I55),I56) -> 1.5 | J57: =IF(ISERROR(J56),IF(ISERROR(J55),IF(ISERROR(J54),"BLANK",J54),J55),J56) -> SW | K57: =IF(ISERROR(K56),IF(ISERROR(K55),IF(ISERROR(K54),"BLANK",K54),K55),K56) -> 0.53125 | L57: =IF(ISERROR(L56),IF(ISERROR(L55),IF(ISERROR(L54),"BLANK",L54),L55),L56) -> EGL | M57: =IF(ISERROR(M56),IF(ISERROR(M55),IF(ISERROR(M54),"BLANK",M54),M55),M56) -> 11 | N57: =IF(ISERROR(N56),IF(ISERROR(N55),IF(ISERROR(N54),"BLANK",N54),N55),N56) -> 2 | O57: =IF(ISERROR(O56),IF(ISERROR(O55),IF(ISERROR(O54),"BLANK",O54),O55),O56) -> 2 | P57: pbe | Q57: =IF($N57=1,IF(ISERROR(VLOOKUP($P57,'M1'!$A:$C,Q$2,FALSE)),"NOT PRESENT",VLOOKUP($P57,'M1'!$A:$C,Q$2,FALSE)),IF($N57=2,IF(ISERROR(VLOOKUP(DATA!$P57,'M2'!$A:$C,Q$2,FALSE)),"NOT PRESENT",VLOOKUP(DATA!$P57,'M2'!$A:$C,Q$2,FALSE)),IF($N57=0,IF(ISERROR(VLOOKUP($P57,'M1'!$A:$C,Q$2,FALSE)),IF(ISERROR(VLOOKUP(DATA!$P57,'M2'!$A:$C,Q$2,FALSE)),"NOT PRESENT",VLOOKUP(DATA!$P57,'M2'!$A:$C,Q$2,FALSE)),VLOOKUP($P57,'M1'!$A:$C,Q$2,FALSE)),"SPECIFY METHOD"))) -> Pagurus beringanus | R57: =IF($N57=1,IF(ISERROR(VLOOKUP($P57,'M1'!$A:$C,R$2,FALSE)),"NOT PRESENT",VLOOKUP($P57,'M1'!$A:$C,R$2,FALSE)),IF($N57=2,IF(ISERROR(VLOOKUP(DATA!$P57,'M2'!$A:$C,R$2,FALSE)),"NOT PRESENT",VLOOKUP(DATA!$P57,'M2'!$A:$C,R$2,FALSE)),IF($N57=0,IF(ISERROR(VLOOKUP($P57,'M1'!$A:$C,R$2,FALSE)),IF(ISERROR(VLOOKUP(DATA!$P57,'M2'!$A:$C,R$2,FALSE)),"NOT PRESENT",VLOOKUP(DATA!$P57,'M2'!$A:$C,R$2,FALSE)),VLOOKUP($P57,'M1'!$A:$C,R$2,FALSE)),"SPECIFY METHOD"))) -> Bering hermit crab | S57: =SUM(T57:AV57) -> 6 | T57: 6
A58: =MAX($A$1:$A57)+1 -> 56 | B58: =IF(ISERROR(B57),IF(ISERROR(B56),IF(ISERROR(B55),"BLANK",B55),B56),B57) -> Em Lim | C58: =IF(ISERROR(C57),IF(ISERROR(C56),IF(ISERROR(C55),"BLANK",C55),C56),C57) -> Isabelle Côté | D58: =IF(ISERROR(D57),IF(ISERROR(D56),IF(ISERROR(D55),"BLANK",D55),D56),D57) -> BMSC6 | E58: =IF(ISERROR(VLOOKUP($D58,SITES!$A:$E,2,FALSE)),"",VLOOKUP($D58,SITES!$A:$E,2,FALSE)) -> Baeria Rocks South Island | F58: =IF(ISERROR(VLOOKUP($D58,SITES!$A:$E,3,FALSE)),"",VLOOKUP($D58,SITES!$A:$E,3,FALSE)) -> 48.950233 | G58: =IF(ISERROR(VLOOKUP($D58,SITES!$A:$E,4,FALSE)),"",VLOOKUP($D58,SITES!$A:$E,4,FALSE)) -> -125.15555 | H58: =IF(ISERROR(H57),IF(ISERROR(H56),IF(ISERROR(H55),"BLANK",H55),H56),H57) -> 22/04/2024 | I58: =IF(ISERROR(I57),IF(ISERROR(I56),IF(ISERROR(I55),"BLANK",I55),I56),I57) -> 1.5 | J58: =IF(ISERROR(J57),IF(ISERROR(J56),IF(ISERROR(J55),"BLANK",J55),J56),J57) -> SW | K58: =IF(ISERROR(K57),IF(ISERROR(K56),IF(ISERROR(K55),"BLANK",K55),K56),K57) -> 0.53125 | L58: =IF(ISERROR(L57),IF(ISERROR(L56),IF(ISERROR(L55),"BLANK",L55),L56),L57) -> EGL | M58: =IF(ISERROR(M57),IF(ISERROR(M56),IF(ISERROR(M55),"BLANK",M55),M56),M57) -> 11 | N58: =IF(ISERROR(N57),IF(ISERROR(N56),IF(ISERROR(N55),"BLANK",N55),N56),N57) -> 2 | O58: =IF(ISERROR(O57),IF(ISERROR(O56),IF(ISERROR(O55),"BLANK",O55),O56),O57) -> 2 | P58: hermit | Q58: =IF($N58=1,IF(ISERROR(VLOOKUP($P58,'M1'!$A:$C,Q$2,FALSE)),"NOT PRESENT",VLOOKUP($P58,'M1'!$A:$C,Q$2,FALSE)),IF($N58=2,IF(ISERROR(VLOOKUP(DATA!$P58,'M2'!$A:$C,Q$2,FALSE)),"NOT PRESENT",VLOOKUP(DATA!$P58,'M2'!$A:$C,Q$2,FALSE)),IF($N58=0,IF(ISERROR(VLOOKUP($P58,'M1'!$A:$C,Q$2,FALSE)),IF(ISERROR(VLOOKUP(DATA!$P58,'M2'!$A:$C,Q$2,FALSE)),"NOT PRESENT",VLOOKUP(DATA!$P58,'M2'!$A:$C,Q$2,FALSE)),VLOOKUP($P58,'M1'!$A:$C,Q$2,FALSE)),"SPECIFY METHOD"))) -> Paguroidea spp. | R58: =IF($N58=1,IF(ISERROR(VLOOKUP($P58,'M1'!$A:$C,R$2,FALSE)),"NOT PRESENT",VLOOKUP($P58,'M1'!$A:$C,R$2,FALSE)),IF($N58=2,IF(ISERROR(VLOOKUP(DATA!$P58,'M2'!$A:$C,R$2,FALSE)),"NOT PRESENT",VLOOKUP(DATA!$P58,'M2'!$A:$C,R$2,FALSE)),IF($N58=0,IF(ISERROR(VLOOKUP($P58,'M1'!$A:$C,R$2,FALSE)),IF(ISERROR(VLOOKUP(DATA!$P58,'M2'!$A:$C,R$2,FALSE)),"NOT PRESENT",VLOOKUP(DATA!$P58,'M2'!$A:$C,R$2,FALSE)),VLOOKUP($P58,'M1'!$A:$C,R$2,FALSE)),"SPECIFY METHOD"))) -> Unidentified hermit crab | S58: =SUM(T58:AV58) -> 4 | T58: 4
A59: =MAX($A$1:$A58)+1 -> 57 | B59: =IF(ISERROR(B58),IF(ISERROR(B57),IF(ISERROR(B56),"BLANK",B56),B57),B58) -> Em Lim | C59: =IF(ISERROR(C58),IF(ISERROR(C57),IF(ISERROR(C56),"BLANK",C56),C57),C58) -> Isabelle Côté | D59: =IF(ISERROR(D58),IF(ISERROR(D57),IF(ISERROR(D56),"BLANK",D56),D57),D58) -> BMSC6 | E59: =IF(ISERROR(VLOOKUP($D59,SITES!$A:$E,2,FALSE)),"",VLOOKUP($D59,SITES!$A:$E,2,FALSE)) -> Baeria Rocks South Island | F59: =IF(ISERROR(VLOOKUP($D59,SITES!$A:$E,3,FALSE)),"",VLOOKUP($D59,SITES!$A:$E,3,FALSE)) -> 48.950233 | G59: =IF(ISERROR(VLOOKUP($D59,SITES!$A:$E,4,FALSE)),"",VLOOKUP($D59,SITES!$A:$E,4,FALSE)) -> -125.15555 | H59: =IF(ISERROR(H58),IF(ISERROR(H57),IF(ISERROR(H56),"BLANK",H56),H57),H58) -> 22/04/2024 | I59: =IF(ISERROR(I58),IF(ISERROR(I57),IF(ISERROR(I56),"BLANK",I56),I57),I58) -> 1.5 | J59: =IF(ISERROR(J58),IF(ISERROR(J57),IF(ISERROR(J56),"BLANK",J56),J57),J58) -> SW | K59: =IF(ISERROR(K58),IF(ISERROR(K57),IF(ISERROR(K56),"BLANK",K56),K57),K58) -> 0.53125 | L59: =IF(ISERROR(L58),IF(ISERROR(L57),IF(ISERROR(L56),"BLANK",L56),L57),L58) -> EGL | M59: =IF(ISERROR(M58),IF(ISERROR(M57),IF(ISERROR(M56),"BLANK",M56),M57),M58) -> 11 | N59: =IF(ISERROR(N58),IF(ISERROR(N57),IF(ISERROR(N56),"BLANK",N56),N57),N58) -> 2 | O59: =IF(ISERROR(O58),IF(ISERROR(O57),IF(ISERROR(O56),"BLANK",O56),O57),O58) -> 2 | P59: dez | Q59: =IF($N59=1,IF(ISERROR(VLOOKUP($P59,'M1'!$A:$C,Q$2,FALSE)),"NOT PRESENT",VLOOKUP($P59,'M1'!$A:$C,Q$2,FALSE)),IF($N59=2,IF(ISERROR(VLOOKUP(DATA!$P59,'M2'!$A:$C,Q$2,FALSE)),"NOT PRESENT",VLOOKUP(DATA!$P59,'M2'!$A:$C,Q$2,FALSE)),IF($N59=0,IF(ISERROR(VLOOKUP($P59,'M1'!$A:$C,Q$2,FALSE)),IF(ISERROR(VLOOKUP(DATA!$P59,'M2'!$A:$C,Q$2,FALSE)),"NOT PRESENT",VLOOKUP(DATA!$P59,'M2'!$A:$C,Q$2,FALSE)),VLOOKUP($P59,'M1'!$A:$C,Q$2,FALSE)),"SPECIFY METHOD"))) -> Debris - Zero | R59: =IF($N59=1,IF(ISERROR(VLOOKUP($P59,'M1'!$A:$C,R$2,FALSE)),"NOT PRESENT",VLOOKUP($P59,'M1'!$A:$C,R$2,FALSE)),IF($N59=2,IF(ISERROR(VLOOKUP(DATA!$P59,'M2'!$A:$C,R$2,FALSE)),"NOT PRESENT",VLOOKUP(DATA!$P59,'M2'!$A:$C,R$2,FALSE)),IF($N59=0,IF(ISERROR(VLOOKUP($P59,'M1'!$A:$C,R$2,FALSE)),IF(ISERROR(VLOOKUP(DATA!$P59,'M2'!$A:$C,R$2,FALSE)),"NOT PRESENT",VLOOKUP(DATA!$P59,'M2'!$A:$C,R$2,FALSE)),VLOOKUP($P59,'M1'!$A:$C,R$2,FALSE)),"SPECIFY METHOD"))) -> No Debris found | S59: =SUM(T59:AV59) -> 1 | T59: 1
A60: =MAX($A$1:$A59)+1 -> 58 | B60: =IF(ISERROR(B59),IF(ISERROR(B58),IF(ISERROR(B57),"BLANK",B57),B58),B59) -> Em Lim | C60: =IF(ISERROR(C59),IF(ISERROR(C58),IF(ISERROR(C57),"BLANK",C57),C58),C59) -> Isabelle Côté | D60: BMSC5 | E60: =IF(ISERROR(VLOOKUP($D60,SITES!$A:$E,2,FALSE)),"",VLOOKUP($D60,SITES!$A:$E,2,FALSE)) -> Taylor Rock | F60: =IF(ISERROR(VLOOKUP($D60,SITES!$A:$E,3,FALSE)),"",VLOOKUP($D60,SITES!$A:$E,3,FALSE)) -> 48.827332 | G60: =IF(ISERROR(VLOOKUP($D60,SITES!$A:$E,4,FALSE)),"",VLOOKUP($D60,SITES!$A:$E,4,FALSE)) -> -125.1966 | H60: 23/04/2024 | I60: 1.5 | J60: E | K60: 0.40972222 | L60: EGL | M60: 6.5 | N60: 1 | O60: 2 | P60: ebi | Q60: =IF($N60=1,IF(ISERROR(VLOOKUP($P60,'M1'!$A:$C,Q$2,FALSE)),"NOT PRESENT",VLOOKUP($P60,'M1'!$A:$C,Q$2,FALSE)),IF($N60=2,IF(ISERROR(VLOOKUP(DATA!$P60,'M2'!$A:$C,Q$2,FALSE)),"NOT PRESENT",VLOOKUP(DATA!$P60,'M2'!$A:$C,Q$2,FALSE)),IF($N60=0,IF(ISERROR(VLOOKUP($P60,'M1'!$A:$C,Q$2,FALSE)),IF(ISERROR(VLOOKUP(DATA!$P60,'M2'!$A:$C,Q$2,FALSE)),"NOT PRESENT",VLOOKUP(DATA!$P60,'M2'!$A:$C,Q$2,FALSE)),VLOOKUP($P60,'M1'!$A:$C,Q$2,FALSE)),"SPECIFY METHOD"))) -> Enophrys bison | R60: =IF($N60=1,IF(ISERROR(VLOOKUP($P60,'M1'!$A:$C,R$2,FALSE)),"NOT PRESENT",VLOOKUP($P60,'M1'!$A:$C,R$2,FALSE)),IF($N60=2,IF(ISERROR(VLOOKUP(DATA!$P60,'M2'!$A:$C,R$2,FALSE)),"NOT PRESENT",VLOOKUP(DATA!$P60,'M2'!$A:$C,R$2,FALSE)),IF($N60=0,IF(ISERROR(VLOOKUP($P60,'M1'!$A:$C,R$2,FALSE)),IF(ISERROR(VLOOKUP(DATA!$P60,'M2'!$A:$C,R$2,FALSE)),"NOT PRESENT",VLOOKUP(DATA!$P60,'M2'!$A:$C,R$2,FALSE)),VLOOKUP($P60,'M1'!$A:$C,R$2,FALSE)),"SPECIFY METHOD"))) -> Buffalo sculpin | S60: =SUM(T60:AV60) -> 1 | T60: 0 | Z60: 1
A61: =MAX($A$1:$A60)+1 -> 59 | B61: =IF(ISERROR(#REF!),IF(ISERROR(B60),IF(ISERROR(B59),"BLANK",B59),B60),#REF!) -> Em Lim | C61: =IF(ISERROR(#REF!),IF(ISERROR(C60),IF(ISERROR(C59),"BLANK",C59),C60),#REF!) -> Isabelle Côté | D61: =IF(ISERROR(#REF!),IF(ISERROR(D60),IF(ISERROR(D59),"BLANK",D59),D60),#REF!) -> BMSC5 | E61: =IF(ISERROR(VLOOKUP($D61,SITES!$A:$E,2,FALSE)),"",VLOOKUP($D61,SITES!$A:$E,2,FALSE)) -> Taylor Rock | F61: =IF(ISERROR(VLOOKUP($D61,SITES!$A:$E,3,FALSE)),"",VLOOKUP($D61,SITES!$A:$E,3,FALSE)) -> 48.827332 | G61: =IF(ISERROR(VLOOKUP($D61,SITES!$A:$E,4,FALSE)),"",VLOOKUP($D61,SITES!$A:$E,4,FALSE)) -> -125.1966 | H61: =IF(ISERROR(#REF!),IF(ISERROR(H60),IF(ISERROR(H59),"BLANK",H59),H60),#REF!) -> 23/04/2024 | I61: =IF(ISERROR(#REF!),IF(ISERROR(I60),IF(ISERROR(I59),"BLANK",I59),I60),#REF!) -> 1.5 | J61: =IF(ISERROR(#REF!),IF(ISERROR(J60),IF(ISERROR(J59),"BLANK",J59),J60),#REF!) -> E | K61: =IF(ISERROR(#REF!),IF(ISERROR(K60),IF(ISERROR(K59),"BLANK",K59),K60),#REF!) -> 0.40972222 | L61: =IF(ISERROR(#REF!),IF(ISERROR(L60),IF(ISERROR(L59),"BLANK",L59),L60),#REF!) -> EGL | M61: =IF(ISERROR(#REF!),IF(ISERROR(M60),IF(ISERROR(M59),"BLANK",M59),M60),#REF!) -> 6.5 | N61: =IF(ISERROR(#REF!),IF(ISERROR(N60),IF(ISERROR(N59),"BLANK",N59),N60),#REF!) -> 1 | O61: =IF(ISERROR(#REF!),IF(ISERROR(O60),IF(ISERROR(O59),"BLANK",O59),O60),#REF!) -> 2 | P61: rni | Q61: =IF($N61=1,IF(ISERROR(VLOOKUP($P61,'M1'!$A:$C,Q$2,FALSE)),"NOT PRESENT",VLOOKUP($P61,'M1'!$A:$C,Q$2,FALSE)),IF($N61=2,IF(ISERROR(VLOOKUP(DATA!$P61,'M2'!$A:$C,Q$2,FALSE)),"NOT PRESENT",VLOOKUP(DATA!$P61,'M2'!$A:$C,Q$2,FALSE)),IF($N61=0,IF(ISERROR(VLOOKUP($P61,'M1'!$A:$C,Q$2,FALSE)),IF(ISERROR(VLOOKUP(DATA!$P61,'M2'!$A:$C,Q$2,FALSE)),"NOT PRESENT",VLOOKUP(DATA!$P61,'M2'!$A:$C,Q$2,FALSE)),VLOOKUP($P61,'M1'!$A:$C,Q$2,FALSE)),"SPECIFY METHOD"))) -> Rhinogobiops nicholsii | R61: =IF($N61=1,IF(ISERROR(VLOOKUP($P61,'M1'!$A:$C,R$2,FALSE)),"NOT PRESENT",VLOOKUP($P61,'M1'!$A:$C,R$2,FALSE)),IF($N61=2,IF(ISERROR(VLOOKUP(DATA!$P61,'M2'!$A:$C,R$2,FALSE)),"NOT PRESENT",VLOOKUP(DATA!$P61,'M2'!$A:$C,R$2,FALSE)),IF($N61=0,IF(ISERROR(VLOOKUP($P61,'M1'!$A:$C,R$2,FALSE)),IF(ISERROR(VLOOKUP(DATA!$P61,'M2'!$A:$C,R$2,FALSE)),"NOT PRESENT",VLOOKUP(DATA!$P61,'M2'!$A:$C,R$2,FALSE)),VLOOKUP($P61,'M1'!$A:$C,R$2,FALSE)),"SPECIFY METHOD"))) -> Blackeye goby | S61: =SUM(T61:AV61) -> 1 | T61: 0 | U61: 1
A62: =MAX($A$1:$A61)+1 -> 60 | B62: =IF(ISERROR(B61),IF(ISERROR(#REF!),IF(ISERROR(B60),"BLANK",B60),#REF!),B61) -> Em Lim | C62: =IF(ISERROR(C61),IF(ISERROR(#REF!),IF(ISERROR(C60),"BLANK",C60),#REF!),C61) -> Isabelle Côté | D62: =IF(ISERROR(D61),IF(ISERROR(#REF!),IF(ISERROR(D60),"BLANK",D60),#REF!),D61) -> BMSC5 | E62: =IF(ISERROR(VLOOKUP($D62,SITES!$A:$E,2,FALSE)),"",VLOOKUP($D62,SITES!$A:$E,2,FALSE)) -> Taylor Rock | F62: =IF(ISERROR(VLOOKUP($D62,SITES!$A:$E,3,FALSE)),"",VLOOKUP($D62,SITES!$A:$E,3,FALSE)) -> 48.827332 | G62: =IF(ISERROR(VLOOKUP($D62,SITES!$A:$E,4,FALSE)),"",VLOOKUP($D62,SITES!$A:$E,4,FALSE)) -> -125.1966 | H62: =IF(ISERROR(H61),IF(ISERROR(#REF!),IF(ISERROR(H60),"BLANK",H60),#REF!),H61) -> 23/04/2024 | I62: =IF(ISERROR(I61),IF(ISERROR(#REF!),IF(ISERROR(I60),"BLANK",I60),#REF!),I61) -> 1.5 | J62: =IF(ISERROR(J61),IF(ISERROR(#REF!),IF(ISERROR(J60),"BLANK",J60),#REF!),J61) -> E | K62: =IF(ISERROR(K61),IF(ISERROR(#REF!),IF(ISERROR(K60),"BLANK",K60),#REF!),K61) -> 0.40972222 | L62: =IF(ISERROR(L61),IF(ISERROR(#REF!),IF(ISERROR(L60),"BLANK",L60),#REF!),L61) -> EGL | M62: =IF(ISERROR(M61),IF(ISERROR(#REF!),IF(ISERROR(M60),"BLANK",M60),#REF!),M61) -> 6.5 | N62: 2 | O62: =IF(ISERROR(O61),IF(ISERROR(#REF!),IF(ISERROR(O60),"BLANK",O60),#REF!),O61) -> 2 | P62: mfra | Q62: =IF($N62=1,IF(ISERROR(VLOOKUP($P62,'M1'!$A:$C,Q$2,FALSE)),"NOT PRESENT",VLOOKUP($P62,'M1'!$A:$C,Q$2,FALSE)),IF($N62=2,IF(ISERROR(VLOOKUP(DATA!$P62,'M2'!$A:$C,Q$2,FALSE)),"NOT PRESENT",VLOOKUP(DATA!$P62,'M2'!$A:$C,Q$2,FALSE)),IF($N62=0,IF(ISERROR(VLOOKUP($P62,'M1'!$A:$C,Q$2,FALSE)),IF(ISERROR(VLOOKUP(DATA!$P62,'M2'!$A:$C,Q$2,FALSE)),"NOT PRESENT",VLOOKUP(DATA!$P62,'M2'!$A:$C,Q$2,FALSE)),VLOOKUP($P62,'M1'!$A:$C,Q$2,FALSE)),"SPECIFY METHOD"))) -> Mesocentrotus franciscanus | R62: =IF($N62=1,IF(ISERROR(VLOOKUP($P62,'M1'!$A:$C,R$2,FALSE)),"NOT PRESENT",VLOOKUP($P62,'M1'!$A:$C,R$2,FALSE)),IF($N62=2,IF(ISERROR(VLOOKUP(DATA!$P62,'M2'!$A:$C,R$2,FALSE)),"NOT PRESENT",VLOOKUP(DATA!$P62,'M2'!$A:$C,R$2,FALSE)),IF($N62=0,IF(ISERROR(VLOOKUP($P62,'M1'!$A:$C,R$2,FALSE)),IF(ISERROR(VLOOKUP(DATA!$P62,'M2'!$A:$C,R$2,FALSE)),"NOT PRESENT",VLOOKUP(DATA!$P62,'M2'!$A:$C,R$2,FALSE)),VLOOKUP($P62,'M1'!$A:$C,R$2,FALSE)),"SPECIFY METHOD"))) -> Red sea urchin | S62: =SUM(T62:AV62) -> 169 | T62: 169
A63: =MAX($A$1:$A62)+1 -> 61 | B63: =IF(ISERROR(B62),IF(ISERROR(B61),IF(ISERROR(#REF!),"BLANK",#REF!),B61),B62) -> Em Lim | C63: =IF(ISERROR(C62),IF(ISERROR(C61),IF(ISERROR(#REF!),"BLANK",#REF!),C61),C62) -> Isabelle Côté | D63: =IF(ISERROR(D62),IF(ISERROR(D61),IF(ISERROR(#REF!),"BLANK",#REF!),D61),D62) -> BMSC5 | E63: =IF(ISERROR(VLOOKUP($D63,SITES!$A:$E,2,FALSE)),"",VLOOKUP($D63,SITES!$A:$E,2,FALSE)) -> Taylor Rock | F63: =IF(ISERROR(VLOOKUP($D63,SITES!$A:$E,3,FALSE)),"",VLOOKUP($D63,SITES!$A:$E,3,FALSE)) -> 48.827332 | G63: =IF(ISERROR(VLOOKUP($D63,SITES!$A:$E,4,FALSE)),"",VLOOKUP($D63,SITES!$A:$E,4,FALSE)) -> -125.1966 | H63: =IF(ISERROR(H62),IF(ISERROR(H61),IF(ISERROR(#REF!),"BLANK",#REF!),H61),H62) -> 23/04/2024 | I63: =IF(ISERROR(I62),IF(ISERROR(I61),IF(ISERROR(#REF!),"BLANK",#REF!),I61),I62) -> 1.5 | J63: =IF(ISERROR(J62),IF(ISERROR(J61),IF(ISERROR(#REF!),"BLANK",#REF!),J61),J62) -> E | K63: =IF(ISERROR(K62),IF(ISERROR(K61),IF(ISERROR(#REF!),"BLANK",#REF!),K61),K62) -> 0.40972222 | L63: =IF(ISERROR(L62),IF(ISERROR(L61),IF(ISERROR(#REF!),"BLANK",#REF!),L61),L62) -> EGL | M63: =IF(ISERROR(M62),IF(ISERROR(M61),IF(ISERROR(#REF!),"BLANK",#REF!),M61),M62) -> 6.5 | N63: =IF(ISERROR(N62),IF(ISERROR(N61),IF(ISERROR(#REF!),"BLANK",#REF!),N61),N62) -> 2 | O63: =IF(ISERROR(O62),IF(ISERROR(O61),IF(ISERROR(#REF!),"BLANK",#REF!),O61),O62) -> 2 | P63: hcr | Q63: =IF($N63=1,IF(ISERROR(VLOOKUP($P63,'M1'!$A:$C,Q$2,FALSE)),"NOT PRESENT",VLOOKUP($P63,'M1'!$A:$C,Q$2,FALSE)),IF($N63=2,IF(ISERROR(VLOOKUP(DATA!$P63,'M2'!$A:$C,Q$2,FALSE)),"NOT PRESENT",VLOOKUP(DATA!$P63,'M2'!$A:$C,Q$2,FALSE)),IF($N63=0,IF(ISERROR(VLOOKUP($P63,'M1'!$A:$C,Q$2,FALSE)),IF(ISERROR(VLOOKUP(DATA!$P63,'M2'!$A:$C,Q$2,FALSE)),"NOT PRESENT",VLOOKUP(DATA!$P63,'M2'!$A:$C,Q$2,FALSE)),VLOOKUP($P63,'M1'!$A:$C,Q$2,FALSE)),"SPECIFY METHOD"))) -> Hermissenda crassicornis | R63: =IF($N63=1,IF(ISERROR(VLOOKUP($P63,'M1'!$A:$C,R$2,FALSE)),"NOT PRESENT",VLOOKUP($P63,'M1'!$A:$C,R$2,FALSE)),IF($N63=2,IF(ISERROR(VLOOKUP(DATA!$P63,'M2'!$A:$C,R$2,FALSE)),"NOT PRESENT",VLOOKUP(DATA!$P63,'M2'!$A:$C,R$2,FALSE)),IF($N63=0,IF(ISERROR(VLOOKUP($P63,'M1'!$A:$C,R$2,FALSE)),IF(ISERROR(VLOOKUP(DATA!$P63,'M2'!$A:$C,R$2,FALSE)),"NOT PRESENT",VLOOKUP(DATA!$P63,'M2'!$A:$C,R$2,FALSE)),VLOOKUP($P63,'M1'!$A:$C,R$2,FALSE)),"SPECIFY METHOD"))) -> Opalescent nudibranch | S63: =SUM(T63:AV63) -> 26 | T63: 26
A64: =MAX($A$1:$A63)+1 -> 62 | B64: =IF(ISERROR(B63),IF(ISERROR(B62),IF(ISERROR(B61),"BLANK",B61),B62),B63) -> Em Lim | C64: =IF(ISERROR(C63),IF(ISERROR(C62),IF(ISERROR(C61),"BLANK",C61),C62),C63) -> Isabelle Côté | D64: =IF(ISERROR(D63),IF(ISERROR(D62),IF(ISERROR(D61),"BLANK",D61),D62),D63) -> BMSC5 | E64: =IF(ISERROR(VLOOKUP($D64,SITES!$A:$E,2,FALSE)),"",VLOOKUP($D64,SITES!$A:$E,2,FALSE)) -> Taylor Rock | F64: =IF(ISERROR(VLOOKUP($D64,SITES!$A:$E,3,FALSE)),"",VLOOKUP($D64,SITES!$A:$E,3,FALSE)) -> 48.827332 | G64: =IF(ISERROR(VLOOKUP($D64,SITES!$A:$E,4,FALSE)),"",VLOOKUP($D64,SITES!$A:$E,4,FALSE)) -> -125.1966 | H64: =IF(ISERROR(H63),IF(ISERROR(H62),IF(ISERROR(H61),"BLANK",H61),H62),H63) -> 23/04/2024 | I64: =IF(ISERROR(I63),IF(ISERROR(I62),IF(ISERROR(I61),"BLANK",I61),I62),I63) -> 1.5 | J64: =IF(ISERROR(J63),IF(ISERROR(J62),IF(ISERROR(J61),"BLANK",J61),J62),J63) -> E | K64: =IF(ISERROR(K63),IF(ISERROR(K62),IF(ISERROR(K61),"BLANK",K61),K62),K63) -> 0.40972222 | L64: =IF(ISERROR(L63),IF(ISERROR(L62),IF(ISERROR(L61),"BLANK",L61),L62),L63) -> EGL | M64: =IF(ISERROR(M63),IF(ISERROR(M62),IF(ISERROR(M61),"BLANK",M61),M62),M63) -> 6.5 | N64: =IF(ISERROR(N63),IF(ISERROR(N62),IF(ISERROR(N61),"BLANK",N61),N62),N63) -> 2 | O64: =IF(ISERROR(O63),IF(ISERROR(O62),IF(ISERROR(O61),"BLANK",O61),O62),O63) -> 2 | P64: cfo | Q64: =IF($N64=1,IF(ISERROR(VLOOKUP($P64,'M1'!$A:$C,Q$2,FALSE)),"NOT PRESENT",VLOOKUP($P64,'M1'!$A:$C,Q$2,FALSE)),IF($N64=2,IF(ISERROR(VLOOKUP(DATA!$P64,'M2'!$A:$C,Q$2,FALSE)),"NOT PRESENT",VLOOKUP(DATA!$P64,'M2'!$A:$C,Q$2,FALSE)),IF($N64=0,IF(ISERROR(VLOOKUP($P64,'M1'!$A:$C,Q$2,FALSE)),IF(ISERROR(VLOOKUP(DATA!$P64,'M2'!$A:$C,Q$2,FALSE)),"NOT PRESENT",VLOOKUP(DATA!$P64,'M2'!$A:$C,Q$2,FALSE)),VLOOKUP($P64,'M1'!$A:$C,Q$2,FALSE)),"SPECIFY METHOD"))) -> Ceratostoma foliatum | R64: =IF($N64=1,IF(ISERROR(VLOOKUP($P64,'M1'!$A:$C,R$2,FALSE)),"NOT PRESENT",VLOOKUP($P64,'M1'!$A:$C,R$2,FALSE)),IF($N64=2,IF(ISERROR(VLOOKUP(DATA!$P64,'M2'!$A:$C,R$2,FALSE)),"NOT PRESENT",VLOOKUP(DATA!$P64,'M2'!$A:$C,R$2,FALSE)),IF($N64=0,IF(ISERROR(VLOOKUP($P64,'M1'!$A:$C,R$2,FALSE)),IF(ISERROR(VLOOKUP(DATA!$P64,'M2'!$A:$C,R$2,FALSE)),"NOT PRESENT",VLOOKUP(DATA!$P64,'M2'!$A:$C,R$2,FALSE)),VLOOKUP($P64,'M1'!$A:$C,R$2,FALSE)),"SPECIFY METHOD"))) -> Leafy hornmouth | S64: =SUM(T64:AV64) -> 64 | T64: 64
A65: =MAX($A$1:$A64)+1 -> 63 | B65: =IF(ISERROR(B64),IF(ISERROR(B63),IF(ISERROR(B62),"BLANK",B62),B63),B64) -> Em Lim | C65: =IF(ISERROR(C64),IF(ISERROR(C63),IF(ISERROR(C62),"BLANK",C62),C63),C64) -> Isabelle Côté | D65: =IF(ISERROR(D64),IF(ISERROR(D63),IF(ISERROR(D62),"BLANK",D62),D63),D64) -> BMSC5 | E65: =IF(ISERROR(VLOOKUP($D65,SITES!$A:$E,2,FALSE)),"",VLOOKUP($D65,SITES!$A:$E,2,FALSE)) -> Taylor Rock | F65: =IF(ISERROR(VLOOKUP($D65,SITES!$A:$E,3,FALSE)),"",VLOOKUP($D65,SITES!$A:$E,3,FALSE)) -> 48.827332 | G65: =IF(ISERROR(VLOOKUP($D65,SITES!$A:$E,4,FALSE)),"",VLOOKUP($D65,SITES!$A:$E,4,FALSE)) -> -125.1966 | H65: =IF(ISERROR(H64),IF(ISERROR(H63),IF(ISERROR(H62),"BLANK",H62),H63),H64) -> 23/04/2024 | I65: =IF(ISERROR(I64),IF(ISERROR(I63),IF(ISERROR(I62),"BLANK",I62),I63),I64) -> 1.5 | J65: =IF(ISERROR(J64),IF(ISERROR(J63),IF(ISERROR(J62),"BLANK",J62),J63),J64) -> E | K65: =IF(ISERROR(K64),IF(ISERROR(K63),IF(ISERROR(K62),"BLANK",K62),K63),K64) -> 0.40972222 | L65: =IF(ISERROR(L64),IF(ISERROR(L63),IF(ISERROR(L62),"BLANK",L62),L63),L64) -> EGL | M65: =IF(ISERROR(M64),IF(ISERROR(M63),IF(ISERROR(M62),"BLANK",M62),M63),M64) -> 6.5 | N65: =IF(ISERROR(N64),IF(ISERROR(N63),IF(ISERROR(N62),"BLANK",N62),N63),N64) -> 2 | O65: =IF(ISERROR(O64),IF(ISERROR(O63),IF(ISERROR(O62),"BLANK",O62),O63),O64) -> 2 | P65: pmi | Q65: =IF($N65=1,IF(ISERROR(VLOOKUP($P65,'M1'!$A:$C,Q$2,FALSE)),"NOT PRESENT",VLOOKUP($P65,'M1'!$A:$C,Q$2,FALSE)),IF($N65=2,IF(ISERROR(VLOOKUP(DATA!$P65,'M2'!$A:$C,Q$2,FALSE)),"NOT PRESENT",VLOOKUP(DATA!$P65,'M2'!$A:$C,Q$2,FALSE)),IF($N65=0,IF(ISERROR(VLOOKUP($P65,'M1'!$A:$C,Q$2,FALSE)),IF(ISERROR(VLOOKUP(DATA!$P65,'M2'!$A:$C,Q$2,FALSE)),"NOT PRESENT",VLOOKUP(DATA!$P65,'M2'!$A:$C,Q$2,FALSE)),VLOOKUP($P65,'M1'!$A:$C,Q$2,FALSE)),"SPECIFY METHOD"))) -> Patiria miniata | R65: =IF($N65=1,IF(ISERROR(VLOOKUP($P65,'M1'!$A:$C,R$2,FALSE)),"NOT PRESENT",VLOOKUP($P65,'M1'!$A:$C,R$2,FALSE)),IF($N65=2,IF(ISERROR(VLOOKUP(DATA!$P65,'M2'!$A:$C,R$2,FALSE)),"NOT PRESENT",VLOOKUP(DATA!$P65,'M2'!$A:$C,R$2,FALSE)),IF($N65=0,IF(ISERROR(VLOOKUP($P65,'M1'!$A:$C,R$2,FALSE)),IF(ISERROR(VLOOKUP(DATA!$P65,'M2'!$A:$C,R$2,FALSE)),"NOT PRESENT",VLOOKUP(DATA!$P65,'M2'!$A:$C,R$2,FALSE)),VLOOKUP($P65,'M1'!$A:$C,R$2,FALSE)),"SPECIFY METHOD"))) -> Bat star | S65: =SUM(T65:AV65) -> 5 | T65: 5
A66: =MAX($A$1:$A65)+1 -> 64 | B66: =IF(ISERROR(B65),IF(ISERROR(B64),IF(ISERROR(B63),"BLANK",B63),B64),B65) -> Em Lim | C66: =IF(ISERROR(C65),IF(ISERROR(C64),IF(ISERROR(C63),"BLANK",C63),C64),C65) -> Isabelle Côté | D66: =IF(ISERROR(D65),IF(ISERROR(D64),IF(ISERROR(D63),"BLANK",D63),D64),D65) -> BMSC5 | E66: =IF(ISERROR(VLOOKUP($D66,SITES!$A:$E,2,FALSE)),"",VLOOKUP($D66,SITES!$A:$E,2,FALSE)) -> Taylor Rock | F66: =IF(ISERROR(VLOOKUP($D66,SITES!$A:$E,3,FALSE)),"",VLOOKUP($D66,SITES!$A:$E,3,FALSE)) -> 48.827332 | G66: =IF(ISERROR(VLOOKUP($D66,SITES!$A:$E,4,FALSE)),"",VLOOKUP($D66,SITES!$A:$E,4,FALSE)) -> -125.1966 | H66: =IF(ISERROR(H65),IF(ISERROR(H64),IF(ISERROR(H63),"BLANK",H63),H64),H65) -> 23/04/2024 | I66: =IF(ISERROR(I65),IF(ISERROR(I64),IF(ISERROR(I63),"BLANK",I63),I64),I65) -> 1.5 | J66: =IF(ISERROR(J65),IF(ISERROR(J64),IF(ISERROR(J63),"BLANK",J63),J64),J65) -> E | K66: =IF(ISERROR(K65),IF(ISERROR(K64),IF(ISERROR(K63),"BLANK",K63),K64),K65) -> 0.40972222 | L66: =IF(ISERROR(L65),IF(ISERROR(L64),IF(ISERROR(L63),"BLANK",L63),L64),L65) -> EGL | M66: =IF(ISERROR(M65),IF(ISERROR(M64),IF(ISERROR(M63),"BLANK",M63),M64),M65) -> 6.5 | N66: =IF(ISERROR(N65),IF(ISERROR(N64),IF(ISERROR(N63),"BLANK",N63),N64),N65) -> 2 | O66: =IF(ISERROR(O65),IF(ISERROR(O64),IF(ISERROR(O63),"BLANK",O63),O64),O65) -> 2 | P66: cgi | Q66: =IF($N66=1,IF(ISERROR(VLOOKUP($P66,'M1'!$A:$C,Q$2,FALSE)),"NOT PRESENT",VLOOKUP($P66,'M1'!$A:$C,Q$2,FALSE)),IF($N66=2,IF(ISERROR(VLOOKUP(DATA!$P66,'M2'!$A:$C,Q$2,FALSE)),"NOT PRESENT",VLOOKUP(DATA!$P66,'M2'!$A:$C,Q$2,FALSE)),IF($N66=0,IF(ISERROR(VLOOKUP($P66,'M1'!$A:$C,Q$2,FALSE)),IF(ISERROR(VLOOKUP(DATA!$P66,'M2'!$A:$C,Q$2,FALSE)),"NOT PRESENT",VLOOKUP(DATA!$P66,'M2'!$A:$C,Q$2,FALSE)),VLOOKUP($P66,'M1'!$A:$C,Q$2,FALSE)),"SPECIFY METHOD"))) -> Crassadoma gigantea | R66: =IF($N66=1,IF(ISERROR(VLOOKUP($P66,'M1'!$A:$C,R$2,FALSE)),"NOT PRESENT",VLOOKUP($P66,'M1'!$A:$C,R$2,FALSE)),IF($N66=2,IF(ISERROR(VLOOKUP(DATA!$P66,'M2'!$A:$C,R$2,FALSE)),"NOT PRESENT",VLOOKUP(DATA!$P66,'M2'!$A:$C,R$2,FALSE)),IF($N66=0,IF(ISERROR(VLOOKUP($P66,'M1'!$A:$C,R$2,FALSE)),IF(ISERROR(VLOOKUP(DATA!$P66,'M2'!$A:$C,R$2,FALSE)),"NOT PRESENT",VLOOKUP(DATA!$P66,'M2'!$A:$C,R$2,FALSE)),VLOOKUP($P66,'M1'!$A:$C,R$2,FALSE)),"SPECIFY METHOD"))) -> Purple-hinged rock scallop | S66: =SUM(T66:AV66) -> 24 | T66: 0 | V66: 1 | W66: 4 | X66: 9 | Y66: 5 | Z66: 4 | AA66: 1
A67: =MAX($A$1:$A66)+1 -> 65 | B67: =IF(ISERROR(B66),IF(ISERROR(B65),IF(ISERROR(B64),"BLANK",B64),B65),B66) -> Em Lim | C67: =IF(ISERROR(C66),IF(ISERROR(C65),IF(ISERROR(C64),"BLANK",C64),C65),C66) -> Isabelle Côté | D67: =IF(ISERROR(D66),IF(ISERROR(D65),IF(ISERROR(D64),"BLANK",D64),D65),D66) -> BMSC5 | E67: =IF(ISERROR(VLOOKUP($D67,SITES!$A:$E,2,FALSE)),"",VLOOKUP($D67,SITES!$A:$E,2,FALSE)) -> Taylor Rock | F67: =IF(ISERROR(VLOOKUP($D67,SITES!$A:$E,3,FALSE)),"",VLOOKUP($D67,SITES!$A:$E,3,FALSE)) -> 48.827332 | G67: =IF(ISERROR(VLOOKUP($D67,SITES!$A:$E,4,FALSE)),"",VLOOKUP($D67,SITES!$A:$E,4,FALSE)) -> -125.1966 | H67: =IF(ISERROR(H66),IF(ISERROR(H65),IF(ISERROR(H64),"BLANK",H64),H65),H66) -> 23/04/2024 | I67: =IF(ISERROR(I66),IF(ISERROR(I65),IF(ISERROR(I64),"BLANK",I64),I65),I66) -> 1.5 | J67: =IF(ISERROR(J66),IF(ISERROR(J65),IF(ISERROR(J64),"BLANK",J64),J65),J66) -> E | K67: =IF(ISERROR(K66),IF(ISERROR(K65),IF(ISERROR(K64),"BLANK",K64),K65),K66) -> 0.40972222 | L67: =IF(ISERROR(L66),IF(ISERROR(L65),IF(ISERROR(L64),"BLANK",L64),L65),L66) -> EGL | M67: =IF(ISERROR(M66),IF(ISERROR(M65),IF(ISERROR(M64),"BLANK",M64),M65),M66) -> 6.5 | N67: =IF(ISERROR(N66),IF(ISERROR(N65),IF(ISERROR(N64),"BLANK",N64),N65),N66) -> 2 | O67: =IF(ISERROR(O66),IF(ISERROR(O65),IF(ISERROR(O64),"BLANK",O64),O65),O66) -> 2 | P67: hka | Q67: =IF($N67=1,IF(ISERROR(VLOOKUP($P67,'M1'!$A:$C,Q$2,FALSE)),"NOT PRESENT",VLOOKUP($P67,'M1'!$A:$C,Q$2,FALSE)),IF($N67=2,IF(ISERROR(VLOOKUP(DATA!$P67,'M2'!$A:$C,Q$2,FALSE)),"NOT PRESENT",VLOOKUP(DATA!$P67,'M2'!$A:$C,Q$2,FALSE)),IF($N67=0,IF(ISERROR(VLOOKUP($P67,'M1'!$A:$C,Q$2,FALSE)),IF(ISERROR(VLOOKUP(DATA!$P67,'M2'!$A:$C,Q$2,FALSE)),"NOT PRESENT",VLOOKUP(DATA!$P67,'M2'!$A:$C,Q$2,FALSE)),VLOOKUP($P67,'M1'!$A:$C,Q$2,FALSE)),"SPECIFY METHOD"))) -> Haliotis kamtschatkana | R67: =IF($N67=1,IF(ISERROR(VLOOKUP($P67,'M1'!$A:$C,R$2,FALSE)),"NOT PRESENT",VLOOKUP($P67,'M1'!$A:$C,R$2,FALSE)),IF($N67=2,IF(ISERROR(VLOOKUP(DATA!$P67,'M2'!$A:$C,R$2,FALSE)),"NOT PRESENT",VLOOKUP(DATA!$P67,'M2'!$A:$C,R$2,FALSE)),IF($N67=0,IF(ISERROR(VLOOKUP($P67,'M1'!$A:$C,R$2,FALSE)),IF(ISERROR(VLOOKUP(DATA!$P67,'M2'!$A:$C,R$2,FALSE)),"NOT PRESENT",VLOOKUP(DATA!$P67,'M2'!$A:$C,R$2,FALSE)),VLOOKUP($P67,'M1'!$A:$C,R$2,FALSE)),"SPECIFY METHOD"))) -> Pinto abalone | S67: =SUM(T67:AV67) -> 13 | T67: 0 | U67: 1 | V67: 3 | W67: 7 | X67: 2
A68: =MAX($A$1:$A67)+1 -> 66 | B68: =IF(ISERROR(B67),IF(ISERROR(B66),IF(ISERROR(B65),"BLANK",B65),B66),B67) -> Em Lim | C68: =IF(ISERROR(C67),IF(ISERROR(C66),IF(ISERROR(C65),"BLANK",C65),C66),C67) -> Isabelle Côté | D68: =IF(ISERROR(D67),IF(ISERROR(D66),IF(ISERROR(D65),"BLANK",D65),D66),D67) -> BMSC5 | E68: =IF(ISERROR(VLOOKUP($D68,SITES!$A:$E,2,FALSE)),"",VLOOKUP($D68,SITES!$A:$E,2,FALSE)) -> Taylor Rock | F68: =IF(ISERROR(VLOOKUP($D68,SITES!$A:$E,3,FALSE)),"",VLOOKUP($D68,SITES!$A:$E,3,FALSE)) -> 48.827332 | G68: =IF(ISERROR(VLOOKUP($D68,SITES!$A:$E,4,FALSE)),"",VLOOKUP($D68,SITES!$A:$E,4,FALSE)) -> -125.1966 | H68: =IF(ISERROR(H67),IF(ISERROR(H66),IF(ISERROR(H65),"BLANK",H65),H66),H67) -> 23/04/2024 | I68: =IF(ISERROR(I67),IF(ISERROR(I66),IF(ISERROR(I65),"BLANK",I65),I66),I67) -> 1.5 | J68: =IF(ISERROR(J67),IF(ISERROR(J66),IF(ISERROR(J65),"BLANK",J65),J66),J67) -> E | K68: =IF(ISERROR(K67),IF(ISERROR(K66),IF(ISERROR(K65),"BLANK",K65),K66),K67) -> 0.40972222 | L68: =IF(ISERROR(L67),IF(ISERROR(L66),IF(ISERROR(L65),"BLANK",L65),L66),L67) -> EGL | M68: =IF(ISERROR(M67),IF(ISERROR(M66),IF(ISERROR(M65),"BLANK",M65),M66),M67) -> 6.5 | N68: =IF(ISERROR(N67),IF(ISERROR(N66),IF(ISERROR(N65),"BLANK",N65),N66),N67) -> 2 | O68: =IF(ISERROR(O67),IF(ISERROR(O66),IF(ISERROR(O65),"BLANK",O65),O66),O67) -> 2 | P68: henricia | Q68: =IF($N68=1,IF(ISERROR(VLOOKUP($P68,'M1'!$A:$C,Q$2,FALSE)),"NOT PRESENT",VLOOKUP($P68,'M1'!$A:$C,Q$2,FALSE)),IF($N68=2,IF(ISERROR(VLOOKUP(DATA!$P68,'M2'!$A:$C,Q$2,FALSE)),"NOT PRESENT",VLOOKUP(DATA!$P68,'M2'!$A:$C,Q$2,FALSE)),IF($N68=0,IF(ISERROR(VLOOKUP($P68,'M1'!$A:$C,Q$2,FALSE)),IF(ISERROR(VLOOKUP(DATA!$P68,'M2'!$A:$C,Q$2,FALSE)),"NOT PRESENT",VLOOKUP(DATA!$P68,'M2'!$A:$C,Q$2,FALSE)),VLOOKUP($P68,'M1'!$A:$C,Q$2,FALSE)),"SPECIFY METHOD"))) -> Henricia spp. | R68: =IF($N68=1,IF(ISERROR(VLOOKUP($P68,'M1'!$A:$C,R$2,FALSE)),"NOT PRESENT",VLOOKUP($P68,'M1'!$A:$C,R$2,FALSE)),IF($N68=2,IF(ISERROR(VLOOKUP(DATA!$P68,'M2'!$A:$C,R$2,FALSE)),"NOT PRESENT",VLOOKUP(DATA!$P68,'M2'!$A:$C,R$2,FALSE)),IF($N68=0,IF(ISERROR(VLOOKUP($P68,'M1'!$A:$C,R$2,FALSE)),IF(ISERROR(VLOOKUP(DATA!$P68,'M2'!$A:$C,R$2,FALSE)),"NOT PRESENT",VLOOKUP(DATA!$P68,'M2'!$A:$C,R$2,FALSE)),VLOOKUP($P68,'M1'!$A:$C,R$2,FALSE)),"SPECIFY METHOD"))) -> Unidentified blood star | S68: =SUM(T68:AV68) -> 3 | T68: 3
A69: =MAX($A$1:$A68)+1 -> 67 | B69: =IF(ISERROR(B68),IF(ISERROR(B67),IF(ISERROR(B66),"BLANK",B66),B67),B68) -> Em Lim | C69: =IF(ISERROR(C68),IF(ISERROR(C67),IF(ISERROR(C66),"BLANK",C66),C67),C68) -> Isabelle Côté | D69: =IF(ISERROR(D68),IF(ISERROR(D67),IF(ISERROR(D66),"BLANK",D66),D67),D68) -> BMSC5 | E69: =IF(ISERROR(VLOOKUP($D69,SITES!$A:$E,2,FALSE)),"",VLOOKUP($D69,SITES!$A:$E,2,FALSE)) -> Taylor Rock | F69: =IF(ISERROR(VLOOKUP($D69,SITES!$A:$E,3,FALSE)),"",VLOOKUP($D69,SITES!$A:$E,3,FALSE)) -> 48.827332 | G69: =IF(ISERROR(VLOOKUP($D69,SITES!$A:$E,4,FALSE)),"",VLOOKUP($D69,SITES!$A:$E,4,FALSE)) -> -125.1966 | H69: =IF(ISERROR(H68),IF(ISERROR(H67),IF(ISERROR(H66),"BLANK",H66),H67),H68) -> 23/04/2024 | I69: =IF(ISERROR(I68),IF(ISERROR(I67),IF(ISERROR(I66),"BLANK",I66),I67),I68) -> 1.5 | J69: =IF(ISERROR(J68),IF(ISERROR(J67),IF(ISERROR(J66),"BLANK",J66),J67),J68) -> E | K69: =IF(ISERROR(K68),IF(ISERROR(K67),IF(ISERROR(K66),"BLANK",K66),K67),K68) -> 0.40972222 | L69: =IF(ISERROR(L68),IF(ISERROR(L67),IF(ISERROR(L66),"BLANK",L66),L67),L68) -> EGL | M69: =IF(ISERROR(M68),IF(ISERROR(M67),IF(ISERROR(M66),"BLANK",M66),M67),M68) -> 6.5 | N69: =IF(ISERROR(N68),IF(ISERROR(N67),IF(ISERROR(N66),"BLANK",N66),N67),N68) -> 2 | O69: =IF(ISERROR(O68),IF(ISERROR(O67),IF(ISERROR(O66),"BLANK",O66),O67),O68) -> 2 | P69: dim | Q69: =IF($N69=1,IF(ISERROR(VLOOKUP($P69,'M1'!$A:$C,Q$2,FALSE)),"NOT PRESENT",VLOOKUP($P69,'M1'!$A:$C,Q$2,FALSE)),IF($N69=2,IF(ISERROR(VLOOKUP(DATA!$P69,'M2'!$A:$C,Q$2,FALSE)),"NOT PRESENT",VLOOKUP(DATA!$P69,'M2'!$A:$C,Q$2,FALSE)),IF($N69=0,IF(ISERROR(VLOOKUP($P69,'M1'!$A:$C,Q$2,FALSE)),IF(ISERROR(VLOOKUP(DATA!$P69,'M2'!$A:$C,Q$2,FALSE)),"NOT PRESENT",VLOOKUP(DATA!$P69,'M2'!$A:$C,Q$2,FALSE)),VLOOKUP($P69,'M1'!$A:$C,Q$2,FALSE)),"SPECIFY METHOD"))) -> Dermasterias imbricata | R69: =IF($N69=1,IF(ISERROR(VLOOKUP($P69,'M1'!$A:$C,R$2,FALSE)),"NOT PRESENT",VLOOKUP($P69,'M1'!$A:$C,R$2,FALSE)),IF($N69=2,IF(ISERROR(VLOOKUP(DATA!$P69,'M2'!$A:$C,R$2,FALSE)),"NOT PRESENT",VLOOKUP(DATA!$P69,'M2'!$A:$C,R$2,FALSE)),IF($N69=0,IF(ISERROR(VLOOKUP($P69,'M1'!$A:$C,R$2,FALSE)),IF(ISERROR(VLOOKUP(DATA!$P69,'M2'!$A:$C,R$2,FALSE)),"NOT PRESENT",VLOOKUP(DATA!$P69,'M2'!$A:$C,R$2,FALSE)),VLOOKUP($P69,'M1'!$A:$C,R$2,FALSE)),"SPECIFY METHOD"))) -> Leather star | S69: =SUM(T69:AV69) -> 17 | T69: 17
A70: =MAX($A$1:$A69)+1 -> 68 | B70: =IF(ISERROR(B69),IF(ISERROR(B68),IF(ISERROR(B67),"BLANK",B67),B68),B69) -> Em Lim | C70: =IF(ISERROR(C69),IF(ISERROR(C68),IF(ISERROR(C67),"BLANK",C67),C68),C69) -> Isabelle Côté | D70: =IF(ISERROR(D69),IF(ISERROR(D68),IF(ISERROR(D67),"BLANK",D67),D68),D69) -> BMSC5 | E70: =IF(ISERROR(VLOOKUP($D70,SITES!$A:$E,2,FALSE)),"",VLOOKUP($D70,SITES!$A:$E,2,FALSE)) -> Taylor Rock | F70: =IF(ISERROR(VLOOKUP($D70,SITES!$A:$E,3,FALSE)),"",VLOOKUP($D70,SITES!$A:$E,3,FALSE)) -> 48.827332 | G70: =IF(ISERROR(VLOOKUP($D70,SITES!$A:$E,4,FALSE)),"",VLOOKUP($D70,SITES!$A:$E,4,FALSE)) -> -125.1966 | H70: =IF(ISERROR(H69),IF(ISERROR(H68),IF(ISERROR(H67),"BLANK",H67),H68),H69) -> 23/04/2024 | I70: =IF(ISERROR(I69),IF(ISERROR(I68),IF(ISERROR(I67),"BLANK",I67),I68),I69) -> 1.5 | J70: =IF(ISERROR(J69),IF(ISERROR(J68),IF(ISERROR(J67),"BLANK",J67),J68),J69) -> E | K70: =IF(ISERROR(K69),IF(ISERROR(K68),IF(ISERROR(K67),"BLANK",K67),K68),K69) -> 0.40972222 | L70: =IF(ISERROR(L69),IF(ISERROR(L68),IF(ISERROR(L67),"BLANK",L67),L68),L69) -> EGL | M70: =IF(ISERROR(M69),IF(ISERROR(M68),IF(ISERROR(M67),"BLANK",M67),M68),M69) -> 6.5 | N70: =IF(ISERROR(N69),IF(ISERROR(N68),IF(ISERROR(N67),"BLANK",N67),N68),N69) -> 2 | O70: =IF(ISERROR(O69),IF(ISERROR(O68),IF(ISERROR(O67),"BLANK",O67),O68),O69) -> 2 | P70: pgi | Q70: =IF($N70=1,IF(ISERROR(VLOOKUP($P70,'M1'!$A:$C,Q$2,FALSE)),"NOT PRESENT",VLOOKUP($P70,'M1'!$A:$C,Q$2,FALSE)),IF($N70=2,IF(ISERROR(VLOOKUP(DATA!$P70,'M2'!$A:$C,Q$2,FALSE)),"NOT PRESENT",VLOOKUP(DATA!$P70,'M2'!$A:$C,Q$2,FALSE)),IF($N70=0,IF(ISERROR(VLOOKUP($P70,'M1'!$A:$C,Q$2,FALSE)),IF(ISERROR(VLOOKUP(DATA!$P70,'M2'!$A:$C,Q$2,FALSE)),"NOT PRESENT",VLOOKUP(DATA!$P70,'M2'!$A:$C,Q$2,FALSE)),VLOOKUP($P70,'M1'!$A:$C,Q$2,FALSE)),"SPECIFY METHOD"))) -> Pomaulax gibberosus | R70: =IF($N70=1,IF(ISERROR(VLOOKUP($P70,'M1'!$A:$C,R$2,FALSE)),"NOT PRESENT",VLOOKUP($P70,'M1'!$A:$C,R$2,FALSE)),IF($N70=2,IF(ISERROR(VLOOKUP(DATA!$P70,'M2'!$A:$C,R$2,FALSE)),"NOT PRESENT",VLOOKUP(DATA!$P70,'M2'!$A:$C,R$2,FALSE)),IF($N70=0,IF(ISERROR(VLOOKUP($P70,'M1'!$A:$C,R$2,FALSE)),IF(ISERROR(VLOOKUP(DATA!$P70,'M2'!$A:$C,R$2,FALSE)),"NOT PRESENT",VLOOKUP(DATA!$P70,'M2'!$A:$C,R$2,FALSE)),VLOOKUP($P70,'M1'!$A:$C,R$2,FALSE)),"SPECIFY METHOD"))) -> Red turban shell | S70: =SUM(T70:AV70) -> 83 | T70: 83
A71: =MAX($A$1:$A70)+1 -> 69 | B71: =IF(ISERROR(B70),IF(ISERROR(B69),IF(ISERROR(B68),"BLANK",B68),B69),B70) -> Em Lim | C71: =IF(ISERROR(C70),IF(ISERROR(C69),IF(ISERROR(C68),"BLANK",C68),C69),C70) -> Isabelle Côté | D71: =IF(ISERROR(D70),IF(ISERROR(D69),IF(ISERROR(D68),"BLANK",D68),D69),D70) -> BMSC5 | E71: =IF(ISERROR(VLOOKUP($D71,SITES!$A:$E,2,FALSE)),"",VLOOKUP($D71,SITES!$A:$E,2,FALSE)) -> Taylor Rock | F71: =IF(ISERROR(VLOOKUP($D71,SITES!$A:$E,3,FALSE)),"",VLOOKUP($D71,SITES!$A:$E,3,FALSE)) -> 48.827332 | G71: =IF(ISERROR(VLOOKUP($D71,SITES!$A:$E,4,FALSE)),"",VLOOKUP($D71,SITES!$A:$E,4,FALSE)) -> -125.1966 | H71: =IF(ISERROR(H70),IF(ISERROR(H69),IF(ISERROR(H68),"BLANK",H68),H69),H70) -> 23/04/2024 | I71: =IF(ISERROR(I70),IF(ISERROR(I69),IF(ISERROR(I68),"BLANK",I68),I69),I70) -> 1.5 | J71: =IF(ISERROR(J70),IF(ISERROR(J69),IF(ISERROR(J68),"BLANK",J68),J69),J70) -> E | K71: =IF(ISERROR(K70),IF(ISERROR(K69),IF(ISERROR(K68),"BLANK",K68),K69),K70) -> 0.40972222 | L71: =IF(ISERROR(L70),IF(ISERROR(L69),IF(ISERROR(L68),"BLANK",L68),L69),L70) -> EGL | M71: =IF(ISERROR(M70),IF(ISERROR(M69),IF(ISERROR(M68),"BLANK",M68),M69),M70) -> 6.5 | N71: =IF(ISERROR(N70),IF(ISERROR(N69),IF(ISERROR(N68),"BLANK",N68),N69),N70) -> 2 | O71: =IF(ISERROR(O70),IF(ISERROR(O69),IF(ISERROR(O68),"BLANK",O68),O69),O70) -> 2 | P71: etr | Q71: =IF($N71=1,IF(ISERROR(VLOOKUP($P71,'M1'!$A:$C,Q$2,FALSE)),"NOT PRESENT",VLOOKUP($P71,'M1'!$A:$C,Q$2,FALSE)),IF($N71=2,IF(ISERROR(VLOOKUP(DATA!$P71,'M2'!$A:$C,Q$2,FALSE)),"NOT PRESENT",VLOOKUP(DATA!$P71,'M2'!$A:$C,Q$2,FALSE)),IF($N71=0,IF(ISERROR(VLOOKUP($P71,'M1'!$A:$C,Q$2,FALSE)),IF(ISERROR(VLOOKUP(DATA!$P71,'M2'!$A:$C,Q$2,FALSE)),"NOT PRESENT",VLOOKUP(DATA!$P71,'M2'!$A:$C,Q$2,FALSE)),VLOOKUP($P71,'M1'!$A:$C,Q$2,FALSE)),"SPECIFY METHOD"))) -> Evasterias troschelii | R71: =IF($N71=1,IF(ISERROR(VLOOKUP($P71,'M1'!$A:$C,R$2,FALSE)),"NOT PRESENT",VLOOKUP($P71,'M1'!$A:$C,R$2,FALSE)),IF($N71=2,IF(ISERROR(VLOOKUP(DATA!$P71,'M2'!$A:$C,R$2,FALSE)),"NOT PRESENT",VLOOKUP(DATA!$P71,'M2'!$A:$C,R$2,FALSE)),IF($N71=0,IF(ISERROR(VLOOKUP($P71,'M1'!$A:$C,R$2,FALSE)),IF(ISERROR(VLOOKUP(DATA!$P71,'M2'!$A:$C,R$2,FALSE)),"NOT PRESENT",VLOOKUP(DATA!$P71,'M2'!$A:$C,R$2,FALSE)),VLOOKUP($P71,'M1'!$A:$C,R$2,FALSE)),"SPECIFY METHOD"))) -> Mottled starfish | S71: =SUM(T71:AV71) -> 3 | T71: 3
A72: =MAX($A$1:$A71)+1 -> 70 | B72: =IF(ISERROR(B71),IF(ISERROR(B70),IF(ISERROR(B69),"BLANK",B69),B70),B71) -> Em Lim | C72: =IF(ISERROR(C71),IF(ISERROR(C70),IF(ISERROR(C69),"BLANK",C69),C70),C71) -> Isabelle Côté | D72: =IF(ISERROR(D71),IF(ISERROR(D70),IF(ISERROR(D69),"BLANK",D69),D70),D71) -> BMSC5 | E72: =IF(ISERROR(VLOOKUP($D72,SITES!$A:$E,2,FALSE)),"",VLOOKUP($D72,SITES!$A:$E,2,FALSE)) -> Taylor Rock | F72: =IF(ISERROR(VLOOKUP($D72,SITES!$A:$E,3,FALSE)),"",VLOOKUP($D72,SITES!$A:$E,3,FALSE)) -> 48.827332 | G72: =IF(ISERROR(VLOOKUP($D72,SITES!$A:$E,4,FALSE)),"",VLOOKUP($D72,SITES!$A:$E,4,FALSE)) -> -125.1966 | H72: =IF(ISERROR(H71),IF(ISERROR(H70),IF(ISERROR(H69),"BLANK",H69),H70),H71) -> 23/04/2024 | I72: =IF(ISERROR(I71),IF(ISERROR(I70),IF(ISERROR(I69),"BLANK",I69),I70),I71) -> 1.5 | J72: =IF(ISERROR(J71),IF(ISERROR(J70),IF(ISERROR(J69),"BLANK",J69),J70),J71) -> E | K72: =IF(ISERROR(K71),IF(ISERROR(K70),IF(ISERROR(K69),"BLANK",K69),K70),K71) -> 0.40972222 | L72: =IF(ISERROR(L71),IF(ISERROR(L70),IF(ISERROR(L69),"BLANK",L69),L70),L71) -> EGL | M72: =IF(ISERROR(M71),IF(ISERROR(M70),IF(ISERROR(M69),"BLANK",M69),M70),M71) -> 6.5 | N72: =IF(ISERROR(N71),IF(ISERROR(N70),IF(ISERROR(N69),"BLANK",N69),N70),N71) -> 2 | O72: =IF(ISERROR(O71),IF(ISERROR(O70),IF(ISERROR(O69),"BLANK",O69),O70),O71) -> 2 | P72: aha | Q72: =IF($N72=1,IF(ISERROR(VLOOKUP($P72,'M1'!$A:$C,Q$2,FALSE)),"NOT PRESENT",VLOOKUP($P72,'M1'!$A:$C,Q$2,FALSE)),IF($N72=2,IF(ISERROR(VLOOKUP(DATA!$P72,'M2'!$A:$C,Q$2,FALSE)),"NOT PRESENT",VLOOKUP(DATA!$P72,'M2'!$A:$C,Q$2,FALSE)),IF($N72=0,IF(ISERROR(VLOOKUP($P72,'M1'!$A:$C,Q$2,FALSE)),IF(ISERROR(VLOOKUP(DATA!$P72,'M2'!$A:$C,Q$2,FALSE)),"NOT PRESENT",VLOOKUP(DATA!$P72,'M2'!$A:$C,Q$2,FALSE)),VLOOKUP($P72,'M1'!$A:$C,Q$2,FALSE)),"SPECIFY METHOD"))) -> Artedius harringtoni | R72: =IF($N72=1,IF(ISERROR(VLOOKUP($P72,'M1'!$A:$C,R$2,FALSE)),"NOT PRESENT",VLOOKUP($P72,'M1'!$A:$C,R$2,FALSE)),IF($N72=2,IF(ISERROR(VLOOKUP(DATA!$P72,'M2'!$A:$C,R$2,FALSE)),"NOT PRESENT",VLOOKUP(DATA!$P72,'M2'!$A:$C,R$2,FALSE)),IF($N72=0,IF(ISERROR(VLOOKUP($P72,'M1'!$A:$C,R$2,FALSE)),IF(ISERROR(VLOOKUP(DATA!$P72,'M2'!$A:$C,R$2,FALSE)),"NOT PRESENT",VLOOKUP(DATA!$P72,'M2'!$A:$C,R$2,FALSE)),VLOOKUP($P72,'M1'!$A:$C,R$2,FALSE)),"SPECIFY METHOD"))) -> Scalyhead sculpin | S72: =SUM(T72:AV72) -> 6 | T72: 0 | U72: 1 | V72: 5
A73: =MAX($A$1:$A72)+1 -> 71 | B73: =IF(ISERROR(B72),IF(ISERROR(B71),IF(ISERROR(B70),"BLANK",B70),B71),B72) -> Em Lim | C73: =IF(ISERROR(C72),IF(ISERROR(C71),IF(ISERROR(C70),"BLANK",C70),C71),C72) -> Isabelle Côté | D73: =IF(ISERROR(D72),IF(ISERROR(D71),IF(ISERROR(D70),"BLANK",D70),D71),D72) -> BMSC5 | E73: =IF(ISERROR(VLOOKUP($D73,SITES!$A:$E,2,FALSE)),"",VLOOKUP($D73,SITES!$A:$E,2,FALSE)) -> Taylor Rock | F73: =IF(ISERROR(VLOOKUP($D73,SITES!$A:$E,3,FALSE)),"",VLOOKUP($D73,SITES!$A:$E,3,FALSE)) -> 48.827332 | G73: =IF(ISERROR(VLOOKUP($D73,SITES!$A:$E,4,FALSE)),"",VLOOKUP($D73,SITES!$A:$E,4,FALSE)) -> -125.1966 | H73: =IF(ISERROR(H72),IF(ISERROR(H71),IF(ISERROR(H70),"BLANK",H70),H71),H72) -> 23/04/2024 | I73: =IF(ISERROR(I72),IF(ISERROR(I71),IF(ISERROR(I70),"BLANK",I70),I71),I72) -> 1.5 | J73: =IF(ISERROR(J72),IF(ISERROR(J71),IF(ISERROR(J70),"BLANK",J70),J71),J72) -> E | K73: =IF(ISERROR(K72),IF(ISERROR(K71),IF(ISERROR(K70),"BLANK",K70),K71),K72) -> 0.40972222 | L73: =IF(ISERROR(L72),IF(ISERROR(L71),IF(ISERROR(L70),"BLANK",L70),L71),L72) -> EGL | M73: =IF(ISERROR(M72),IF(ISERROR(M71),IF(ISERROR(M70),"BLANK",M70),M71),M72) -> 6.5 | N73: =IF(ISERROR(N72),IF(ISERROR(N71),IF(ISERROR(N70),"BLANK",N70),N71),N72) -> 2 | O73: =IF(ISERROR(O72),IF(ISERROR(O71),IF(ISERROR(O70),"BLANK",O70),O71),O72) -> 2 | P73: sac | Q73: =IF($N73=1,IF(ISERROR(VLOOKUP($P73,'M1'!$A:$C,Q$2,FALSE)),"NOT PRESENT",VLOOKUP($P73,'M1'!$A:$C,Q$2,FALSE)),IF($N73=2,IF(ISERROR(VLOOKUP(DATA!$P73,'M2'!$A:$C,Q$2,FALSE)),"NOT PRESENT",VLOOKUP(DATA!$P73,'M2'!$A:$C,Q$2,FALSE)),IF($N73=0,IF(ISERROR(VLOOKUP($P73,'M1'!$A:$C,Q$2,FALSE)),IF(ISERROR(VLOOKUP(DATA!$P73,'M2'!$A:$C,Q$2,FALSE)),"NOT PRESENT",VLOOKUP(DATA!$P73,'M2'!$A:$C,Q$2,FALSE)),VLOOKUP($P73,'M1'!$A:$C,Q$2,FALSE)),"SPECIFY METHOD"))) -> Scyra acutifrons | R73: =IF($N73=1,IF(ISERROR(VLOOKUP($P73,'M1'!$A:$C,R$2,FALSE)),"NOT PRESENT",VLOOKUP($P73,'M1'!$A:$C,R$2,FALSE)),IF($N73=2,IF(ISERROR(VLOOKUP(DATA!$P73,'M2'!$A:$C,R$2,FALSE)),"NOT PRESENT",VLOOKUP(DATA!$P73,'M2'!$A:$C,R$2,FALSE)),IF($N73=0,IF(ISERROR(VLOOKUP($P73,'M1'!$A:$C,R$2,FALSE)),IF(ISERROR(VLOOKUP(DATA!$P73,'M2'!$A:$C,R$2,FALSE)),"NOT PRESENT",VLOOKUP(DATA!$P73,'M2'!$A:$C,R$2,FALSE)),VLOOKUP($P73,'M1'!$A:$C,R$2,FALSE)),"SPECIFY METHOD"))) -> Sharpnose crab | S73: =SUM(T73:AV73) -> 5 | T73: 5
A74: =MAX($A$1:$A73)+1 -> 72 | B74: =IF(ISERROR(B73),IF(ISERROR(B72),IF(ISERROR(B71),"BLANK",B71),B72),B73) -> Em Lim | C74: =IF(ISERROR(C73),IF(ISERROR(C72),IF(ISERROR(C71),"BLANK",C71),C72),C73) -> Isabelle Côté | D74: =IF(ISERROR(D73),IF(ISERROR(D72),IF(ISERROR(D71),"BLANK",D71),D72),D73) -> BMSC5 | E74: =IF(ISERROR(VLOOKUP($D74,SITES!$A:$E,2,FALSE)),"",VLOOKUP($D74,SITES!$A:$E,2,FALSE)) -> Taylor Rock | F74: =IF(ISERROR(VLOOKUP($D74,SITES!$A:$E,3,FALSE)),"",VLOOKUP($D74,SITES!$A:$E,3,FALSE)) -> 48.827332 | G74: =IF(ISERROR(VLOOKUP($D74,SITES!$A:$E,4,FALSE)),"",VLOOKUP($D74,SITES!$A:$E,4,FALSE)) -> -125.1966 | H74: =IF(ISERROR(H73),IF(ISERROR(H72),IF(ISERROR(H71),"BLANK",H71),H72),H73) -> 23/04/2024 | I74: =IF(ISERROR(I73),IF(ISERROR(I72),IF(ISERROR(I71),"BLANK",I71),I72),I73) -> 1.5 | J74: =IF(ISERROR(J73),IF(ISERROR(J72),IF(ISERROR(J71),"BLANK",J71),J72),J73) -> E | K74: =IF(ISERROR(K73),IF(ISERROR(K72),IF(ISERROR(K71),"BLANK",K71),K72),K73) -> 0.40972222 | L74: =IF(ISERROR(L73),IF(ISERROR(L72),IF(ISERROR(L71),"BLANK",L71),L72),L73) -> EGL | M74: =IF(ISERROR(M73),IF(ISERROR(M72),IF(ISERROR(M71),"BLANK",M71),M72),M73) -> 6.5 | N74: =IF(ISERROR(N73),IF(ISERROR(N72),IF(ISERROR(N71),"BLANK",N71),N72),N73) -> 2 | O74: =IF(ISERROR(O73),IF(ISERROR(O72),IF(ISERROR(O71),"BLANK",O71),O72),O73) -> 2 | P74: ami | Q74: =IF($N74=1,IF(ISERROR(VLOOKUP($P74,'M1'!$A:$C,Q$2,FALSE)),"NOT PRESENT",VLOOKUP($P74,'M1'!$A:$C,Q$2,FALSE)),IF($N74=2,IF(ISERROR(VLOOKUP(DATA!$P74,'M2'!$A:$C,Q$2,FALSE)),"NOT PRESENT",VLOOKUP(DATA!$P74,'M2'!$A:$C,Q$2,FALSE)),IF($N74=0,IF(ISERROR(VLOOKUP($P74,'M1'!$A:$C,Q$2,FALSE)),IF(ISERROR(VLOOKUP(DATA!$P74,'M2'!$A:$C,Q$2,FALSE)),"NOT PRESENT",VLOOKUP(DATA!$P74,'M2'!$A:$C,Q$2,FALSE)),VLOOKUP($P74,'M1'!$A:$C,Q$2,FALSE)),"SPECIFY METHOD"))) -> Acmaea mitra | R74: =IF($N74=1,IF(ISERROR(VLOOKUP($P74,'M1'!$A:$C,R$2,FALSE)),"NOT PRESENT",VLOOKUP($P74,'M1'!$A:$C,R$2,FALSE)),IF($N74=2,IF(ISERROR(VLOOKUP(DATA!$P74,'M2'!$A:$C,R$2,FALSE)),"NOT PRESENT",VLOOKUP(DATA!$P74,'M2'!$A:$C,R$2,FALSE)),IF($N74=0,IF(ISERROR(VLOOKUP($P74,'M1'!$A:$C,R$2,FALSE)),IF(ISERROR(VLOOKUP(DATA!$P74,'M2'!$A:$C,R$2,FALSE)),"NOT PRESENT",VLOOKUP(DATA!$P74,'M2'!$A:$C,R$2,FALSE)),VLOOKUP($P74,'M1'!$A:$C,R$2,FALSE)),"SPECIFY METHOD"))) -> Whitecap limpet | S74: =SUM(T74:AV74) -> 9 | T74: 9
A75: =MAX($A$1:$A74)+1 -> 73 | B75: =IF(ISERROR(B73),IF(ISERROR(B72),IF(ISERROR(B71),"BLANK",B71),B72),B73) -> Em Lim | C75: =IF(ISERROR(C73),IF(ISERROR(C72),IF(ISERROR(C71),"BLANK",C71),C72),C73) -> Isabelle Côté | D75: =IF(ISERROR(D73),IF(ISERROR(D72),IF(ISERROR(D71),"BLANK",D71),D72),D73) -> BMSC5 | E75: =IF(ISERROR(VLOOKUP($D75,SITES!$A:$E,2,FALSE)),"",VLOOKUP($D75,SITES!$A:$E,2,FALSE)) -> Taylor Rock | F75: =IF(ISERROR(VLOOKUP($D75,SITES!$A:$E,3,FALSE)),"",VLOOKUP($D75,SITES!$A:$E,3,FALSE)) -> 48.827332 | G75: =IF(ISERROR(VLOOKUP($D75,SITES!$A:$E,4,FALSE)),"",VLOOKUP($D75,SITES!$A:$E,4,FALSE)) -> -125.1966 | H75: =IF(ISERROR(H73),IF(ISERROR(H72),IF(ISERROR(H71),"BLANK",H71),H72),H73) -> 23/04/2024 | I75: =IF(ISERROR(I73),IF(ISERROR(I72),IF(ISERROR(I71),"BLANK",I71),I72),I73) -> 1.5 | J75: =IF(ISERROR(J73),IF(ISERROR(J72),IF(ISERROR(J71),"BLANK",J71),J72),J73) -> E | K75: =IF(ISERROR(K73),IF(ISERROR(K72),IF(ISERROR(K71),"BLANK",K71),K72),K73) -> 0.40972222 | L75: =IF(ISERROR(L73),IF(ISERROR(L72),IF(ISERROR(L71),"BLANK",L71),L72),L73) -> EGL | M75: =IF(ISERROR(M73),IF(ISERROR(M72),IF(ISERROR(M71),"BLANK",M71),M72),M73) -> 6.5 | N75: =IF(ISERROR(N73),IF(ISERROR(N72),IF(ISERROR(N71),"BLANK",N71),N72),N73) -> 2 | O75: =IF(ISERROR(O73),IF(ISERROR(O72),IF(ISERROR(O71),"BLANK",O71),O72),O73) -> 2 | P75: ata | Q75: =IF($N75=1,IF(ISERROR(VLOOKUP($P75,'M1'!$A:$C,Q$2,FALSE)),"NOT PRESENT",VLOOKUP($P75,'M1'!$A:$C,Q$2,FALSE)),IF($N75=2,IF(ISERROR(VLOOKUP(DATA!$P75,'M2'!$A:$C,Q$2,FALSE)),"NOT PRESENT",VLOOKUP(DATA!$P75,'M2'!$A:$C,Q$2,FALSE)),IF($N75=0,IF(ISERROR(VLOOKUP($P75,'M1'!$A:$C,Q$2,FALSE)),IF(ISERROR(VLOOKUP(DATA!$P75,'M2'!$A:$C,Q$2,FALSE)),"NOT PRESENT",VLOOKUP(DATA!$P75,'M2'!$A:$C,Q$2,FALSE)),VLOOKUP($P75,'M1'!$A:$C,Q$2,FALSE)),"SPECIFY METHOD"))) -> Asemichthys taylori | R75: =IF($N75=1,IF(ISERROR(VLOOKUP($P75,'M1'!$A:$C,R$2,FALSE)),"NOT PRESENT",VLOOKUP($P75,'M1'!$A:$C,R$2,FALSE)),IF($N75=2,IF(ISERROR(VLOOKUP(DATA!$P75,'M2'!$A:$C,R$2,FALSE)),"NOT PRESENT",VLOOKUP(DATA!$P75,'M2'!$A:$C,R$2,FALSE)),IF($N75=0,IF(ISERROR(VLOOKUP($P75,'M1'!$A:$C,R$2,FALSE)),IF(ISERROR(VLOOKUP(DATA!$P75,'M2'!$A:$C,R$2,FALSE)),"NOT PRESENT",VLOOKUP(DATA!$P75,'M2'!$A:$C,R$2,FALSE)),VLOOKUP($P75,'M1'!$A:$C,R$2,FALSE)),"SPECIFY METHOD"))) -> Spinynose sculpin | S75: =SUM(T75:AV75) -> 1 | T75: 0 | V75: 1
A76: =MAX($A$1:$A75)+1 -> 74 | B76: =IF(ISERROR(B74),IF(ISERROR(B73),IF(ISERROR(B72),"BLANK",B72),B73),B74) -> Em Lim | C76: =IF(ISERROR(C74),IF(ISERROR(C73),IF(ISERROR(C72),"BLANK",C72),C73),C74) -> Isabelle Côté | D76: =IF(ISERROR(D74),IF(ISERROR(D73),IF(ISERROR(D72),"BLANK",D72),D73),D74) -> BMSC5 | E76: =IF(ISERROR(VLOOKUP($D76,SITES!$A:$E,2,FALSE)),"",VLOOKUP($D76,SITES!$A:$E,2,FALSE)) -> Taylor Rock | F76: =IF(ISERROR(VLOOKUP($D76,SITES!$A:$E,3,FALSE)),"",VLOOKUP($D76,SITES!$A:$E,3,FALSE)) -> 48.827332 | G76: =IF(ISERROR(VLOOKUP($D76,SITES!$A:$E,4,FALSE)),"",VLOOKUP($D76,SITES!$A:$E,4,FALSE)) -> -125.1966 | H76: =IF(ISERROR(H74),IF(ISERROR(H73),IF(ISERROR(H72),"BLANK",H72),H73),H74) -> 23/04/2024 | I76: =IF(ISERROR(I74),IF(ISERROR(I73),IF(ISERROR(I72),"BLANK",I72),I73),I74) -> 1.5 | J76: =IF(ISERROR(J74),IF(ISERROR(J73),IF(ISERROR(J72),"BLANK",J72),J73),J74) -> E | K76: =IF(ISERROR(K74),IF(ISERROR(K73),IF(ISERROR(K72),"BLANK",K72),K73),K74) -> 0.40972222 | L76: =IF(ISERROR(L74),IF(ISERROR(L73),IF(ISERROR(L72),"BLANK",L72),L73),L74) -> EGL | M76: =IF(ISERROR(M74),IF(ISERROR(M73),IF(ISERROR(M72),"BLANK",M72),M73),M74) -> 6.5 | N76: =IF(ISERROR(N74),IF(ISERROR(N73),IF(ISERROR(N72),"BLANK",N72),N73),N74) -> 2 | O76: =IF(ISERROR(O74),IF(ISERROR(O73),IF(ISERROR(O72),"BLANK",O72),O73),O74) -> 2 | P76: rni | Q76: =IF($N76=1,IF(ISERROR(VLOOKUP($P76,'M1'!$A:$C,Q$2,FALSE)),"NOT PRESENT",VLOOKUP($P76,'M1'!$A:$C,Q$2,FALSE)),IF($N76=2,IF(ISERROR(VLOOKUP(DATA!$P76,'M2'!$A:$C,Q$2,FALSE)),"NOT PRESENT",VLOOKUP(DATA!$P76,'M2'!$A:$C,Q$2,FALSE)),IF($N76=0,IF(ISERROR(VLOOKUP($P76,'M1'!$A:$C,Q$2,FALSE)),IF(ISERROR(VLOOKUP(DATA!$P76,'M2'!$A:$C,Q$2,FALSE)),"NOT PRESENT",VLOOKUP(DATA!$P76,'M2'!$A:$C,Q$2,FALSE)),VLOOKUP($P76,'M1'!$A:$C,Q$2,FALSE)),"SPECIFY METHOD"))) -> Rhinogobiops nicholsii | R76: =IF($N76=1,IF(ISERROR(VLOOKUP($P76,'M1'!$A:$C,R$2,FALSE)),"NOT PRESENT",VLOOKUP($P76,'M1'!$A:$C,R$2,FALSE)),IF($N76=2,IF(ISERROR(VLOOKUP(DATA!$P76,'M2'!$A:$C,R$2,FALSE)),"NOT PRESENT",VLOOKUP(DATA!$P76,'M2'!$A:$C,R$2,FALSE)),IF($N76=0,IF(ISERROR(VLOOKUP($P76,'M1'!$A:$C,R$2,FALSE)),IF(ISERROR(VLOOKUP(DATA!$P76,'M2'!$A:$C,R$2,FALSE)),"NOT PRESENT",VLOOKUP(DATA!$P76,'M2'!$A:$C,R$2,FALSE)),VLOOKUP($P76,'M1'!$A:$C,R$2,FALSE)),"SPECIFY METHOD"))) -> Blackeye goby | S76: =SUM(T76:AV76) -> 19 | T76: 0 | U76: 4 | V76: 10 | W76: 4 | X76: 1
A77: =MAX($A$1:$A76)+1 -> 75 | B77: =IF(ISERROR(B76),IF(ISERROR(B74),IF(ISERROR(B73),"BLANK",B73),B74),B76) -> Em Lim | C77: =IF(ISERROR(C76),IF(ISERROR(C74),IF(ISERROR(C73),"BLANK",C73),C74),C76) -> Isabelle Côté | D77: =IF(ISERROR(D76),IF(ISERROR(D74),IF(ISERROR(D73),"BLANK",D73),D74),D76) -> BMSC5 | E77: =IF(ISERROR(VLOOKUP($D77,SITES!$A:$E,2,FALSE)),"",VLOOKUP($D77,SITES!$A:$E,2,FALSE)) -> Taylor Rock | F77: =IF(ISERROR(VLOOKUP($D77,SITES!$A:$E,3,FALSE)),"",VLOOKUP($D77,SITES!$A:$E,3,FALSE)) -> 48.827332 | G77: =IF(ISERROR(VLOOKUP($D77,SITES!$A:$E,4,FALSE)),"",VLOOKUP($D77,SITES!$A:$E,4,FALSE)) -> -125.1966 | H77: =IF(ISERROR(H76),IF(ISERROR(H74),IF(ISERROR(H73),"BLANK",H73),H74),H76) -> 23/04/2024 | I77: =IF(ISERROR(I76),IF(ISERROR(I74),IF(ISERROR(I73),"BLANK",I73),I74),I76) -> 1.5 | J77: =IF(ISERROR(J76),IF(ISERROR(J74),IF(ISERROR(J73),"BLANK",J73),J74),J76) -> E | K77: =IF(ISERROR(K76),IF(ISERROR(K74),IF(ISERROR(K73),"BLANK",K73),K74),K76) -> 0.40972222 | L77: =IF(ISERROR(L76),IF(ISERROR(L74),IF(ISERROR(L73),"BLANK",L73),L74),L76) -> EGL | M77: =IF(ISERROR(M76),IF(ISERROR(M74),IF(ISERROR(M73),"BLANK",M73),M74),M76) -> 6.5 | N77: =IF(ISERROR(N76),IF(ISERROR(N74),IF(ISERROR(N73),"BLANK",N73),N74),N76) -> 2 | O77: =IF(ISERROR(O76),IF(ISERROR(O74),IF(ISERROR(O73),"BLANK",O73),O74),O76) -> 2 | P77: aca | Q77: =IF($N77=1,IF(ISERROR(VLOOKUP($P77,'M1'!$A:$C,Q$2,FALSE)),"NOT PRESENT",VLOOKUP($P77,'M1'!$A:$C,Q$2,FALSE)),IF($N77=2,IF(ISERROR(VLOOKUP(DATA!$P77,'M2'!$A:$C,Q$2,FALSE)),"NOT PRESENT",VLOOKUP(DATA!$P77,'M2'!$A:$C,Q$2,FALSE)),IF($N77=0,IF(ISERROR(VLOOKUP($P77,'M1'!$A:$C,Q$2,FALSE)),IF(ISERROR(VLOOKUP(DATA!$P77,'M2'!$A:$C,Q$2,FALSE)),"NOT PRESENT",VLOOKUP(DATA!$P77,'M2'!$A:$C,Q$2,FALSE)),VLOOKUP($P77,'M1'!$A:$C,Q$2,FALSE)),"SPECIFY METHOD"))) -> Apostichopus californicus | R77: =IF($N77=1,IF(ISERROR(VLOOKUP($P77,'M1'!$A:$C,R$2,FALSE)),"NOT PRESENT",VLOOKUP($P77,'M1'!$A:$C,R$2,FALSE)),IF($N77=2,IF(ISERROR(VLOOKUP(DATA!$P77,'M2'!$A:$C,R$2,FALSE)),"NOT PRESENT",VLOOKUP(DATA!$P77,'M2'!$A:$C,R$2,FALSE)),IF($N77=0,IF(ISERROR(VLOOKUP($P77,'M1'!$A:$C,R$2,FALSE)),IF(ISERROR(VLOOKUP(DATA!$P77,'M2'!$A:$C,R$2,FALSE)),"NOT PRESENT",VLOOKUP(DATA!$P77,'M2'!$A:$C,R$2,FALSE)),VLOOKUP($P77,'M1'!$A:$C,R$2,FALSE)),"SPECIFY METHOD"))) -> California sea cucumber | S77: =SUM(T77:AV77) -> 14 | T77: 14
A78: =MAX($A$1:$A77)+1 -> 76 | B78: =IF(ISERROR(B77),IF(ISERROR(B76),IF(ISERROR(B74),"BLANK",B74),B76),B77) -> Em Lim | C78: =IF(ISERROR(C77),IF(ISERROR(C76),IF(ISERROR(C74),"BLANK",C74),C76),C77) -> Isabelle Côté | D78: =IF(ISERROR(D77),IF(ISERROR(D76),IF(ISERROR(D74),"BLANK",D74),D76),D77) -> BMSC5 | E78: =IF(ISERROR(VLOOKUP($D78,SITES!$A:$E,2,FALSE)),"",VLOOKUP($D78,SITES!$A:$E,2,FALSE)) -> Taylor Rock | F78: =IF(ISERROR(VLOOKUP($D78,SITES!$A:$E,3,FALSE)),"",VLOOKUP($D78,SITES!$A:$E,3,FALSE)) -> 48.827332 | G78: =IF(ISERROR(VLOOKUP($D78,SITES!$A:$E,4,FALSE)),"",VLOOKUP($D78,SITES!$A:$E,4,FALSE)) -> -125.1966 | H78: =IF(ISERROR(H77),IF(ISERROR(H76),IF(ISERROR(H74),"BLANK",H74),H76),H77) -> 23/04/2024 | I78: =IF(ISERROR(I77),IF(ISERROR(I76),IF(ISERROR(I74),"BLANK",I74),I76),I77) -> 1.5 | J78: =IF(ISERROR(J77),IF(ISERROR(J76),IF(ISERROR(J74),"BLANK",J74),J76),J77) -> E | K78: =IF(ISERROR(K77),IF(ISERROR(K76),IF(ISERROR(K74),"BLANK",K74),K76),K77) -> 0.40972222 | L78: =IF(ISERROR(L77),IF(ISERROR(L76),IF(ISERROR(L74),"BLANK",L74),L76),L77) -> EGL | M78: =IF(ISERROR(M77),IF(ISERROR(M76),IF(ISERROR(M74),"BLANK",M74),M76),M77) -> 6.5 | N78: =IF(ISERROR(N77),IF(ISERROR(N76),IF(ISERROR(N74),"BLANK",N74),N76),N77) -> 2 | O78: =IF(ISERROR(O77),IF(ISERROR(O76),IF(ISERROR(O74),"BLANK",O74),O76),O77) -> 2 | P78: oko | Q78: =IF($N78=1,IF(ISERROR(VLOOKUP($P78,'M1'!$A:$C,Q$2,FALSE)),"NOT PRESENT",VLOOKUP($P78,'M1'!$A:$C,Q$2,FALSE)),IF($N78=2,IF(ISERROR(VLOOKUP(DATA!$P78,'M2'!$A:$C,Q$2,FALSE)),"NOT PRESENT",VLOOKUP(DATA!$P78,'M2'!$A:$C,Q$2,FALSE)),IF($N78=0,IF(ISERROR(VLOOKUP($P78,'M1'!$A:$C,Q$2,FALSE)),IF(ISERROR(VLOOKUP(DATA!$P78,'M2'!$A:$C,Q$2,FALSE)),"NOT PRESENT",VLOOKUP(DATA!$P78,'M2'!$A:$C,Q$2,FALSE)),VLOOKUP($P78,'M1'!$A:$C,Q$2,FALSE)),"SPECIFY METHOD"))) -> Orthasterias koehleri | R78: =IF($N78=1,IF(ISERROR(VLOOKUP($P78,'M1'!$A:$C,R$2,FALSE)),"NOT PRESENT",VLOOKUP($P78,'M1'!$A:$C,R$2,FALSE)),IF($N78=2,IF(ISERROR(VLOOKUP(DATA!$P78,'M2'!$A:$C,R$2,FALSE)),"NOT PRESENT",VLOOKUP(DATA!$P78,'M2'!$A:$C,R$2,FALSE)),IF($N78=0,IF(ISERROR(VLOOKUP($P78,'M1'!$A:$C,R$2,FALSE)),IF(ISERROR(VLOOKUP(DATA!$P78,'M2'!$A:$C,R$2,FALSE)),"NOT PRESENT",VLOOKUP(DATA!$P78,'M2'!$A:$C,R$2,FALSE)),VLOOKUP($P78,'M1'!$A:$C,R$2,FALSE)),"SPECIFY METHOD"))) -> Rainbow star | S78: =SUM(T78:AV78) -> 1 | T78: 1
A79: =MAX($A$1:$A78)+1 -> 77 | B79: =IF(ISERROR(B78),IF(ISERROR(B77),IF(ISERROR(B76),"BLANK",B76),B77),B78) -> Em Lim | C79: =IF(ISERROR(C78),IF(ISERROR(C77),IF(ISERROR(C76),"BLANK",C76),C77),C78) -> Isabelle Côté | D79: =IF(ISERROR(D78),IF(ISERROR(D77),IF(ISERROR(D76),"BLANK",D76),D77),D78) -> BMSC5 | E79: =IF(ISERROR(VLOOKUP($D79,SITES!$A:$E,2,FALSE)),"",VLOOKUP($D79,SITES!$A:$E,2,FALSE)) -> Taylor Rock | F79: =IF(ISERROR(VLOOKUP($D79,SITES!$A:$E,3,FALSE)),"",VLOOKUP($D79,SITES!$A:$E,3,FALSE)) -> 48.827332 | G79: =IF(ISERROR(VLOOKUP($D79,SITES!$A:$E,4,FALSE)),"",VLOOKUP($D79,SITES!$A:$E,4,FALSE)) -> -125.1966 | H79: =IF(ISERROR(H78),IF(ISERROR(H77),IF(ISERROR(H76),"BLANK",H76),H77),H78) -> 23/04/2024 | I79: =IF(ISERROR(I78),IF(ISERROR(I77),IF(ISERROR(I76),"BLANK",I76),I77),I78) -> 1.5 | J79: =IF(ISERROR(J78),IF(ISERROR(J77),IF(ISERROR(J76),"BLANK",J76),J77),J78) -> E | K79: =IF(ISERROR(K78),IF(ISERROR(K77),IF(ISERROR(K76),"BLANK",K76),K77),K78) -> 0.40972222 | L79: =IF(ISERROR(L78),IF(ISERROR(L77),IF(ISERROR(L76),"BLANK",L76),L77),L78) -> EGL | M79: =IF(ISERROR(M78),IF(ISERROR(M77),IF(ISERROR(M76),"BLANK",M76),M77),M78) -> 6.5 | N79: =IF(ISERROR(N78),IF(ISERROR(N77),IF(ISERROR(N76),"BLANK",N76),N77),N78) -> 2 | O79: =IF(ISERROR(O78),IF(ISERROR(O77),IF(ISERROR(O76),"BLANK",O76),O77),O78) -> 2 | P79: cpr | Q79: =IF($N79=1,IF(ISERROR(VLOOKUP($P79,'M1'!$A:$C,Q$2,FALSE)),"NOT PRESENT",VLOOKUP($P79,'M1'!$A:$C,Q$2,FALSE)),IF($N79=2,IF(ISERROR(VLOOKUP(DATA!$P79,'M2'!$A:$C,Q$2,FALSE)),"NOT PRESENT",VLOOKUP(DATA!$P79,'M2'!$A:$C,Q$2,FALSE)),IF($N79=0,IF(ISERROR(VLOOKUP($P79,'M1'!$A:$C,Q$2,FALSE)),IF(ISERROR(VLOOKUP(DATA!$P79,'M2'!$A:$C,Q$2,FALSE)),"NOT PRESENT",VLOOKUP(DATA!$P79,'M2'!$A:$C,Q$2,FALSE)),VLOOKUP($P79,'M1'!$A:$C,Q$2,FALSE)),"SPECIFY METHOD"))) -> Cancer productus | R79: =IF($N79=1,IF(ISERROR(VLOOKUP($P79,'M1'!$A:$C,R$2,FALSE)),"NOT PRESENT",VLOOKUP($P79,'M1'!$A:$C,R$2,FALSE)),IF($N79=2,IF(ISERROR(VLOOKUP(DATA!$P79,'M2'!$A:$C,R$2,FALSE)),"NOT PRESENT",VLOOKUP(DATA!$P79,'M2'!$A:$C,R$2,FALSE)),IF($N79=0,IF(ISERROR(VLOOKUP($P79,'M1'!$A:$C,R$2,FALSE)),IF(ISERROR(VLOOKUP(DATA!$P79,'M2'!$A:$C,R$2,FALSE)),"NOT PRESENT",VLOOKUP(DATA!$P79,'M2'!$A:$C,R$2,FALSE)),VLOOKUP($P79,'M1'!$A:$C,R$2,FALSE)),"SPECIFY METHOD"))) -> Red rock crab | S79: =SUM(T79:AV79) -> 2 | T79: 2
A80: =MAX($A$1:$A79)+1 -> 78 | B80: =IF(ISERROR(B79),IF(ISERROR(B78),IF(ISERROR(B77),"BLANK",B77),B78),B79) -> Em Lim | C80: =IF(ISERROR(C79),IF(ISERROR(C78),IF(ISERROR(C77),"BLANK",C77),C78),C79) -> Isabelle Côté | D80: =IF(ISERROR(D79),IF(ISERROR(D78),IF(ISERROR(D77),"BLANK",D77),D78),D79) -> BMSC5 | E80: =IF(ISERROR(VLOOKUP($D80,SITES!$A:$E,2,FALSE)),"",VLOOKUP($D80,SITES!$A:$E,2,FALSE)) -> Taylor Rock | F80: =IF(ISERROR(VLOOKUP($D80,SITES!$A:$E,3,FALSE)),"",VLOOKUP($D80,SITES!$A:$E,3,FALSE)) -> 48.827332 | G80: =IF(ISERROR(VLOOKUP($D80,SITES!$A:$E,4,FALSE)),"",VLOOKUP($D80,SITES!$A:$E,4,FALSE)) -> -125.1966 | H80: =IF(ISERROR(H79),IF(ISERROR(H78),IF(ISERROR(H77),"BLANK",H77),H78),H79) -> 23/04/2024 | I80: =IF(ISERROR(I79),IF(ISERROR(I78),IF(ISERROR(I77),"BLANK",I77),I78),I79) -> 1.5 | J80: =IF(ISERROR(J79),IF(ISERROR(J78),IF(ISERROR(J77),"BLANK",J77),J78),J79) -> E | K80: =IF(ISERROR(K79),IF(ISERROR(K78),IF(ISERROR(K77),"BLANK",K77),K78),K79) -> 0.40972222 | L80: =IF(ISERROR(L79),IF(ISERROR(L78),IF(ISERROR(L77),"BLANK",L77),L78),L79) -> EGL | M80: =IF(ISERROR(M79),IF(ISERROR(M78),IF(ISERROR(M77),"BLANK",M77),M78),M79) -> 6.5 | N80: =IF(ISERROR(N79),IF(ISERROR(N78),IF(ISERROR(N77),"BLANK",N77),N78),N79) -> 2 | O80: =IF(ISERROR(O79),IF(ISERROR(O78),IF(ISERROR(O77),"BLANK",O77),O78),O79) -> 2 | P80: lcoc | Q80: =IF($N80=1,IF(ISERROR(VLOOKUP($P80,'M1'!$A:$C,Q$2,FALSE)),"NOT PRESENT",VLOOKUP($P80,'M1'!$A:$C,Q$2,FALSE)),IF($N80=2,IF(ISERROR(VLOOKUP(DATA!$P80,'M2'!$A:$C,Q$2,FALSE)),"NOT PRESENT",VLOOKUP(DATA!$P80,'M2'!$A:$C,Q$2,FALSE)),IF($N80=0,IF(ISERROR(VLOOKUP($P80,'M1'!$A:$C,Q$2,FALSE)),IF(ISERROR(VLOOKUP(DATA!$P80,'M2'!$A:$C,Q$2,FALSE)),"NOT PRESENT",VLOOKUP(DATA!$P80,'M2'!$A:$C,Q$2,FALSE)),VLOOKUP($P80,'M1'!$A:$C,Q$2,FALSE)),"SPECIFY METHOD"))) -> Limacia cockerelli | R80: =IF($N80=1,IF(ISERROR(VLOOKUP($P80,'M1'!$A:$C,R$2,FALSE)),"NOT PRESENT",VLOOKUP($P80,'M1'!$A:$C,R$2,FALSE)),IF($N80=2,IF(ISERROR(VLOOKUP(DATA!$P80,'M2'!$A:$C,R$2,FALSE)),"NOT PRESENT",VLOOKUP(DATA!$P80,'M2'!$A:$C,R$2,FALSE)),IF($N80=0,IF(ISERROR(VLOOKUP($P80,'M1'!$A:$C,R$2,FALSE)),IF(ISERROR(VLOOKUP(DATA!$P80,'M2'!$A:$C,R$2,FALSE)),"NOT PRESENT",VLOOKUP(DATA!$P80,'M2'!$A:$C,R$2,FALSE)),VLOOKUP($P80,'M1'!$A:$C,R$2,FALSE)),"SPECIFY METHOD"))) -> Cockerell's dorid | S80: =SUM(T80:AV80) -> 1 | T80: 1
A81: =MAX($A$1:$A80)+1 -> 79 | B81: =IF(ISERROR(B80),IF(ISERROR(B79),IF(ISERROR(B78),"BLANK",B78),B79),B80) -> Em Lim | C81: =IF(ISERROR(C80),IF(ISERROR(C79),IF(ISERROR(C78),"BLANK",C78),C79),C80) -> Isabelle Côté | D81: =IF(ISERROR(D80),IF(ISERROR(D79),IF(ISERROR(D78),"BLANK",D78),D79),D80) -> BMSC5 | E81: =IF(ISERROR(VLOOKUP($D81,SITES!$A:$E,2,FALSE)),"",VLOOKUP($D81,SITES!$A:$E,2,FALSE)) -> Taylor Rock | F81: =IF(ISERROR(VLOOKUP($D81,SITES!$A:$E,3,FALSE)),"",VLOOKUP($D81,SITES!$A:$E,3,FALSE)) -> 48.827332 | G81: =IF(ISERROR(VLOOKUP($D81,SITES!$A:$E,4,FALSE)),"",VLOOKUP($D81,SITES!$A:$E,4,FALSE)) -> -125.1966 | H81: =IF(ISERROR(H80),IF(ISERROR(H79),IF(ISERROR(H78),"BLANK",H78),H79),H80) -> 23/04/2024 | I81: =IF(ISERROR(I80),IF(ISERROR(I79),IF(ISERROR(I78),"BLANK",I78),I79),I80) -> 1.5 | J81: =IF(ISERROR(J80),IF(ISERROR(J79),IF(ISERROR(J78),"BLANK",J78),J79),J80) -> E | K81: =IF(ISERROR(K80),IF(ISERROR(K79),IF(ISERROR(K78),"BLANK",K78),K79),K80) -> 0.40972222 | L81: =IF(ISERROR(L80),IF(ISERROR(L79),IF(ISERROR(L78),"BLANK",L78),L79),L80) -> EGL | M81: =IF(ISERROR(M80),IF(ISERROR(M79),IF(ISERROR(M78),"BLANK",M78),M79),M80) -> 6.5 | N81: =IF(ISERROR(N80),IF(ISERROR(N79),IF(ISERROR(N78),"BLANK",N78),N79),N80) -> 2 | O81: =IF(ISERROR(O80),IF(ISERROR(O79),IF(ISERROR(O78),"BLANK",O78),O79),O80) -> 2 | P81: gor | Q81: =IF($N81=1,IF(ISERROR(VLOOKUP($P81,'M1'!$A:$C,Q$2,FALSE)),"NOT PRESENT",VLOOKUP($P81,'M1'!$A:$C,Q$2,FALSE)),IF($N81=2,IF(ISERROR(VLOOKUP(DATA!$P81,'M2'!$A:$C,Q$2,FALSE)),"NOT PRESENT",VLOOKUP(DATA!$P81,'M2'!$A:$C,Q$2,FALSE)),IF($N81=0,IF(ISERROR(VLOOKUP($P81,'M1'!$A:$C,Q$2,FALSE)),IF(ISERROR(VLOOKUP(DATA!$P81,'M2'!$A:$C,Q$2,FALSE)),"NOT PRESENT",VLOOKUP(DATA!$P81,'M2'!$A:$C,Q$2,FALSE)),VLOOKUP($P81,'M1'!$A:$C,Q$2,FALSE)),"SPECIFY METHOD"))) -> Glebocarcinus oregonensis | R81: =IF($N81=1,IF(ISERROR(VLOOKUP($P81,'M1'!$A:$C,R$2,FALSE)),"NOT PRESENT",VLOOKUP($P81,'M1'!$A:$C,R$2,FALSE)),IF($N81=2,IF(ISERROR(VLOOKUP(DATA!$P81,'M2'!$A:$C,R$2,FALSE)),"NOT PRESENT",VLOOKUP(DATA!$P81,'M2'!$A:$C,R$2,FALSE)),IF($N81=0,IF(ISERROR(VLOOKUP($P81,'M1'!$A:$C,R$2,FALSE)),IF(ISERROR(VLOOKUP(DATA!$P81,'M2'!$A:$C,R$2,FALSE)),"NOT PRESENT",VLOOKUP(DATA!$P81,'M2'!$A:$C,R$2,FALSE)),VLOOKUP($P81,'M1'!$A:$C,R$2,FALSE)),"SPECIFY METHOD"))) -> Pygmy rock crab | S81: =SUM(T81:AV81) -> 3 | T81: 3
A82: =MAX($A$1:$A81)+1 -> 80 | B82: =IF(ISERROR(B81),IF(ISERROR(B80),IF(ISERROR(B79),"BLANK",B79),B80),B81) -> Em Lim | C82: =IF(ISERROR(C81),IF(ISERROR(C80),IF(ISERROR(C79),"BLANK",C79),C80),C81) -> Isabelle Côté | D82: =IF(ISERROR(D81),IF(ISERROR(D80),IF(ISERROR(D79),"BLANK",D79),D80),D81) -> BMSC5 | E82: =IF(ISERROR(VLOOKUP($D82,SITES!$A:$E,2,FALSE)),"",VLOOKUP($D82,SITES!$A:$E,2,FALSE)) -> Taylor Rock | F82: =IF(ISERROR(VLOOKUP($D82,SITES!$A:$E,3,FALSE)),"",VLOOKUP($D82,SITES!$A:$E,3,FALSE)) -> 48.827332 | G82: =IF(ISERROR(VLOOKUP($D82,SITES!$A:$E,4,FALSE)),"",VLOOKUP($D82,SITES!$A:$E,4,FALSE)) -> -125.1966 | H82: =IF(ISERROR(H81),IF(ISERROR(H80),IF(ISERROR(H79),"BLANK",H79),H80),H81) -> 23/04/2024 | I82: =IF(ISERROR(I81),IF(ISERROR(I80),IF(ISERROR(I79),"BLANK",I79),I80),I81) -> 1.5 | J82: =IF(ISERROR(J81),IF(ISERROR(J80),IF(ISERROR(J79),"BLANK",J79),J80),J81) -> E | K82: =IF(ISERROR(K81),IF(ISERROR(K80),IF(ISERROR(K79),"BLANK",K79),K80),K81) -> 0.40972222 | L82: =IF(ISERROR(L81),IF(ISERROR(L80),IF(ISERROR(L79),"BLANK",L79),L80),L81) -> EGL | M82: =IF(ISERROR(M81),IF(ISERROR(M80),IF(ISERROR(M79),"BLANK",M79),M80),M81) -> 6.5 | N82: =IF(ISERROR(N81),IF(ISERROR(N80),IF(ISERROR(N79),"BLANK",N79),N80),N81) -> 2 | O82: =IF(ISERROR(O81),IF(ISERROR(O80),IF(ISERROR(O79),"BLANK",O79),O80),O81) -> 2 | P82: tca | Q82: =IF($N82=1,IF(ISERROR(VLOOKUP($P82,'M1'!$A:$C,Q$2,FALSE)),"NOT PRESENT",VLOOKUP($P82,'M1'!$A:$C,Q$2,FALSE)),IF($N82=2,IF(ISERROR(VLOOKUP(DATA!$P82,'M2'!$A:$C,Q$2,FALSE)),"NOT PRESENT",VLOOKUP(DATA!$P82,'M2'!$A:$C,Q$2,FALSE)),IF($N82=0,IF(ISERROR(VLOOKUP($P82,'M1'!$A:$C,Q$2,FALSE)),IF(ISERROR(VLOOKUP(DATA!$P82,'M2'!$A:$C,Q$2,FALSE)),"NOT PRESENT",VLOOKUP(DATA!$P82,'M2'!$A:$C,Q$2,FALSE)),VLOOKUP($P82,'M1'!$A:$C,Q$2,FALSE)),"SPECIFY METHOD"))) -> Triopha catalinae | R82: =IF($N82=1,IF(ISERROR(VLOOKUP($P82,'M1'!$A:$C,R$2,FALSE)),"NOT PRESENT",VLOOKUP($P82,'M1'!$A:$C,R$2,FALSE)),IF($N82=2,IF(ISERROR(VLOOKUP(DATA!$P82,'M2'!$A:$C,R$2,FALSE)),"NOT PRESENT",VLOOKUP(DATA!$P82,'M2'!$A:$C,R$2,FALSE)),IF($N82=0,IF(ISERROR(VLOOKUP($P82,'M1'!$A:$C,R$2,FALSE)),IF(ISERROR(VLOOKUP(DATA!$P82,'M2'!$A:$C,R$2,FALSE)),"NOT PRESENT",VLOOKUP(DATA!$P82,'M2'!$A:$C,R$2,FALSE)),VLOOKUP($P82,'M1'!$A:$C,R$2,FALSE)),"SPECIFY METHOD"))) -> Sea-clown triopha | S82: =SUM(T82:AV82) -> 1 | T82: 1
A83: =MAX($A$1:$A82)+1 -> 81 | B83: =IF(ISERROR(B82),IF(ISERROR(B81),IF(ISERROR(B80),"BLANK",B80),B81),B82) -> Em Lim | C83: =IF(ISERROR(C82),IF(ISERROR(C81),IF(ISERROR(C80),"BLANK",C80),C81),C82) -> Isabelle Côté | D83: =IF(ISERROR(D82),IF(ISERROR(D81),IF(ISERROR(D80),"BLANK",D80),D81),D82) -> BMSC5 | E83: =IF(ISERROR(VLOOKUP($D83,SITES!$A:$E,2,FALSE)),"",VLOOKUP($D83,SITES!$A:$E,2,FALSE)) -> Taylor Rock | F83: =IF(ISERROR(VLOOKUP($D83,SITES!$A:$E,3,FALSE)),"",VLOOKUP($D83,SITES!$A:$E,3,FALSE)) -> 48.827332 | G83: =IF(ISERROR(VLOOKUP($D83,SITES!$A:$E,4,FALSE)),"",VLOOKUP($D83,SITES!$A:$E,4,FALSE)) -> -125.1966 | H83: =IF(ISERROR(H82),IF(ISERROR(H81),IF(ISERROR(H80),"BLANK",H80),H81),H82) -> 23/04/2024 | I83: =IF(ISERROR(I82),IF(ISERROR(I81),IF(ISERROR(I80),"BLANK",I80),I81),I82) -> 1.5 | J83: =IF(ISERROR(J82),IF(ISERROR(J81),IF(ISERROR(J80),"BLANK",J80),J81),J82) -> E | K83: =IF(ISERROR(K82),IF(ISERROR(K81),IF(ISERROR(K80),"BLANK",K80),K81),K82) -> 0.40972222 | L83: =IF(ISERROR(L82),IF(ISERROR(L81),IF(ISERROR(L80),"BLANK",L80),L81),L82) -> EGL | M83: =IF(ISERROR(M82),IF(ISERROR(M81),IF(ISERROR(M80),"BLANK",M80),M81),M82) -> 6.5 | N83: =IF(ISERROR(N82),IF(ISERROR(N81),IF(ISERROR(N80),"BLANK",N80),N81),N82) -> 2 | O83: 2 | P83: dez | Q83: =IF($N83=1,IF(ISERROR(VLOOKUP($P83,'M1'!$A:$C,Q$2,FALSE)),"NOT PRESENT",VLOOKUP($P83,'M1'!$A:$C,Q$2,FALSE)),IF($N83=2,IF(ISERROR(VLOOKUP(DATA!$P83,'M2'!$A:$C,Q$2,FALSE)),"NOT PRESENT",VLOOKUP(DATA!$P83,'M2'!$A:$C,Q$2,FALSE)),IF($N83=0,IF(ISERROR(VLOOKUP($P83,'M1'!$A:$C,Q$2,FALSE)),IF(ISERROR(VLOOKUP(DATA!$P83,'M2'!$A:$C,Q$2,FALSE)),"NOT PRESENT",VLOOKUP(DATA!$P83,'M2'!$A:$C,Q$2,FALSE)),VLOOKUP($P83,'M1'!$A:$C,Q$2,FALSE)),"SPECIFY METHOD"))) -> Debris - Zero | R83: =IF($N83=1,IF(ISERROR(VLOOKUP($P83,'M1'!$A:$C,R$2,FALSE)),"NOT PRESENT",VLOOKUP($P83,'M1'!$A:$C,R$2,FALSE)),IF($N83=2,IF(ISERROR(VLOOKUP(DATA!$P83,'M2'!$A:$C,R$2,FALSE)),"NOT PRESENT",VLOOKUP(DATA!$P83,'M2'!$A:$C,R$2,FALSE)),IF($N83=0,IF(ISERROR(VLOOKUP($P83,'M1'!$A:$C,R$2,FALSE)),IF(ISERROR(VLOOKUP(DATA!$P83,'M2'!$A:$C,R$2,FALSE)),"NOT PRESENT",VLOOKUP(DATA!$P83,'M2'!$A:$C,R$2,FALSE)),VLOOKUP($P83,'M1'!$A:$C,R$2,FALSE)),"SPECIFY METHOD"))) -> No Debris found | S83: =SUM(T83:AV83) -> 1 | T83: 1
A84: =MAX($A$1:$A83)+1 -> 82 | B84: =IF(ISERROR(B83),IF(ISERROR(B82),IF(ISERROR(B81),"BLANK",B81),B82),B83) -> Em Lim | C84: =IF(ISERROR(C83),IF(ISERROR(C82),IF(ISERROR(C81),"BLANK",C81),C82),C83) -> Isabelle Côté | D84: BMSC9 | E84: =IF(ISERROR(VLOOKUP($D84,SITES!$A:$E,2,FALSE)),"",VLOOKUP($D84,SITES!$A:$E,2,FALSE)) -> Eagle Bay | F84: =IF(ISERROR(VLOOKUP($D84,SITES!$A:$E,3,FALSE)),"",VLOOKUP($D84,SITES!$A:$E,3,FALSE)) -> 48.834789 | G84: =IF(ISERROR(VLOOKUP($D84,SITES!$A:$E,4,FALSE)),"",VLOOKUP($D84,SITES!$A:$E,4,FALSE)) -> -125.14703 | H84: 23/04/2024 | I84: 2 | J84: SW | K84: 0.525 | L84: EGL | M84: 6.5 | N84: 1 | O84: 2 | P84: rni | Q84: =IF($N84=1,IF(ISERROR(VLOOKUP($P84,'M1'!$A:$C,Q$2,FALSE)),"NOT PRESENT",VLOOKUP($P84,'M1'!$A:$C,Q$2,FALSE)),IF($N84=2,IF(ISERROR(VLOOKUP(DATA!$P84,'M2'!$A:$C,Q$2,FALSE)),"NOT PRESENT",VLOOKUP(DATA!$P84,'M2'!$A:$C,Q$2,FALSE)),IF($N84=0,IF(ISERROR(VLOOKUP($P84,'M1'!$A:$C,Q$2,FALSE)),IF(ISERROR(VLOOKUP(DATA!$P84,'M2'!$A:$C,Q$2,FALSE)),"NOT PRESENT",VLOOKUP(DATA!$P84,'M2'!$A:$C,Q$2,FALSE)),VLOOKUP($P84,'M1'!$A:$C,Q$2,FALSE)),"SPECIFY METHOD"))) -> Rhinogobiops nicholsii | R84: =IF($N84=1,IF(ISERROR(VLOOKUP($P84,'M1'!$A:$C,R$2,FALSE)),"NOT PRESENT",VLOOKUP($P84,'M1'!$A:$C,R$2,FALSE)),IF($N84=2,IF(ISERROR(VLOOKUP(DATA!$P84,'M2'!$A:$C,R$2,FALSE)),"NOT PRESENT",VLOOKUP(DATA!$P84,'M2'!$A:$C,R$2,FALSE)),IF($N84=0,IF(ISERROR(VLOOKUP($P84,'M1'!$A:$C,R$2,FALSE)),IF(ISERROR(VLOOKUP(DATA!$P84,'M2'!$A:$C,R$2,FALSE)),"NOT PRESENT",VLOOKUP(DATA!$P84,'M2'!$A:$C,R$2,FALSE)),VLOOKUP($P84,'M1'!$A:$C,R$2,FALSE)),"SPECIFY METHOD"))) -> Blackeye goby | S84: =SUM(T84:AV84) -> 2 | T84: 0 | U84: 2
